is_goal,distance_to_goal,shot_angle,defenders_in_cone,distance_to_keeper,under_pressure,shot_first_time,body_part_name_Left Foot,body_part_name_Other,body_part_name_Right Foot,technique_name_Diving Header,technique_name_Half Volley,technique_name_Lob,technique_name_Normal,technique_name_Overhead Kick,technique_name_Volley,play_pattern_name_From Counter,play_pattern_name_From Free Kick,play_pattern_name_From Goal Kick,play_pattern_name_From Keeper,play_pattern_name_From Kick Off,play_pattern_name_From Throw In,play_pattern_name_Other,play_pattern_name_Regular Play
0,23.510423220350585,0.3369088287428301,2,22.05810508633958,1,1,True,False,False,False,False,False,True,False,False,False,False,False,False,False,False,False,True
1,36.444615514503646,0.2166330237335783,1,13.418271125595869,0,1,True,False,False,False,False,True,False,False,False,False,False,False,False,False,True,False,False
0,33.23853185686757,0.23926542889076324,3,32.33032632065442,0,0,False,False,True,False,False,False,True,False,False,False,True,False,False,False,False,False,False
0,15.423683088030561,0.43829614639359915,3,13.464768843169946,0,0,True,False,False,False,True,False,False,False,False,False,False,False,False,False,False,False,False
0,8.420213774008356,0.7734171698774888,0,4.110960958218902,0,1,False,False,True,False,True,False,False,False,False,True,False,False,False,False,False,False,False
0,26.5,0.2565166126443235,0,23.89476930208785,0,0,True,False,False,False,False,False,True,False,False,False,False,True,False,False,False,False,False
1,18.110770276274838,0.30784109601423715,0,13.364505228402589,0,0,False,False,True,False,True,False,False,False,False,False,False,False,False,False,True,False,False
0,13.418271125595869,0.5330815866878859,2,10.850345616615156,0,1,False,False,True,False,False,False,True,False,False,False,False,False,False,False,False,False,True
0,14.803040228277437,0.4794123326608022,1,13.0384048104053,0,1,False,False,True,False,False,False,False,False,True,False,True,False,False,False,False,False,False
0,14.948244044034073,0.5215308268000642,1,12.803515142334948,0,1,True,False,False,False,False,False,False,False,True,False,False,False,False,False,False,False,True
0,8.132035415564786,0.8940066868990724,0,4.632493928760186,1,0,False,False,False,False,False,False,True,False,False,False,False,False,False,False,False,False,False
0,2.0000000000000027,2.466851711366239,0,2.5942243542145746,1,0,False,False,False,False,False,False,True,False,False,False,False,False,False,False,False,False,False
0,11.555085460523431,0.30346617353349015,0,9.408506789071259,0,1,True,False,False,False,True,False,False,False,False,False,True,False,False,False,False,False,False
0,24.316660954991338,0.25700711577059776,1,21.33354166564943,0,0,True,False,False,False,False,False,True,False,False,False,False,False,False,False,False,False,True
0,11.241441188744437,0.44621134157022446,0,6.762396025078681,0,1,False,False,True,False,False,False,True,False,False,False,True,False,False,False,False,False,False
0,9.525754563287887,0.7937567321667274,0,8.547514258543242,1,0,False,False,False,False,False,False,True,False,False,False,False,False,False,False,False,False,False
1,8.246211251235321,0.8884797719201485,1,5.048762224545736,1,0,False,False,False,False,False,False,True,False,False,False,False,False,False,False,False,False,True
1,15.970597985047403,0.4889841539748713,3,13.771347065556082,0,1,True,False,False,False,True,False,False,False,False,False,False,False,False,False,False,False,False
1,9.425497334358543,0.7795987255169972,0,7.184705978674416,0,1,False,False,True,False,False,False,False,False,True,False,False,False,False,False,False,False,True
0,16.198765385053264,0.41581178902462873,0,13.160927019021115,0,1,False,False,True,False,False,False,False,False,True,False,False,False,False,False,False,False,True
0,28.853076092507013,0.250360215871022,3,28.174456516497337,0,0,False,False,True,False,False,False,True,False,False,False,True,False,False,False,False,False,False
0,26.653705183332388,0.2493042704389996,2,22.687661845152746,0,1,True,False,False,False,False,False,True,False,False,False,True,False,False,False,False,False,False
0,36.47862387755328,0.2168174258822128,0,34.07242286659403,0,0,False,False,True,False,False,False,True,False,False,False,False,False,False,False,False,False,True
1,15.993123522314209,0.4559781231016057,1,11.423221962301183,0,0,True,False,False,False,False,False,True,False,False,False,False,False,False,False,False,False,True
1,13.041855696180662,0.4910614984329585,0,8.163332652783422,1,1,False,False,True,False,False,False,True,False,False,False,False,False,False,False,True,False,False
0,18.208239892971534,0.3962079698338731,2,14.912075643584974,0,0,False,False,True,False,False,False,True,False,False,False,False,False,False,False,True,False,False
0,22.800877176108823,0.3388690070886794,2,20.827865949251745,0,1,True,False,False,False,False,False,False,False,True,False,False,False,False,False,True,False,False
1,12.860015552090129,0.5040810120419703,0,6.499999999999997,0,0,True,False,False,False,False,False,True,False,False,False,False,True,False,False,False,False,False
0,20.860728654579642,0.27705777210057336,0,12.94024729284569,1,1,False,False,True,False,True,False,False,False,False,True,False,False,False,False,False,False,False
0,15.634896865665606,0.3798269524632011,1,11.463420083029323,0,0,True,False,False,False,False,False,True,False,False,False,False,False,False,False,False,False,True
1,8.000624975587845,0.9271952255013831,1,9.550916186418979,0,1,False,False,True,False,False,False,True,False,False,False,True,False,False,False,False,False,False
0,13.155227098001763,0.4340377396718371,0,6.789698078707174,0,0,False,False,True,False,False,False,True,False,False,False,False,False,False,False,False,False,True
0,23.555254190944318,0.2486214356012184,0,20.640978658968663,0,0,False,False,True,False,True,False,False,False,False,False,False,False,False,True,False,False,False
0,19.103141102970476,0.32507417083967216,2,16.92010638264429,0,0,False,False,True,False,False,False,True,False,False,False,True,False,False,False,False,False,False
0,11.208925015361643,0.21549913933470943,1,6.324555320336762,0,0,False,False,True,False,False,False,True,False,False,False,True,False,False,False,False,False,False
0,16.00781059358212,0.4578871116905925,0,13.151805959639148,1,1,False,False,True,False,False,False,True,False,False,True,False,False,False,False,False,False,False
0,27.772288346479478,0.2814792985280427,3,26.91356535281047,0,0,False,False,True,False,False,False,True,False,False,False,False,False,False,False,False,False,True
0,20.48414020651099,0.3808480822075568,1,18.78084130170958,0,0,True,False,False,False,False,False,True,False,False,False,False,False,False,False,True,False,False
0,8.190848551890088,0.8847265641154192,0,7.088018058667737,1,0,False,False,False,False,False,False,True,False,False,False,False,False,False,False,True,False,False
0,9.708243919473801,0.3069182767350427,0,5.51543289325507,0,1,True,False,False,False,False,False,False,False,True,False,False,False,False,False,False,False,True
0,28.887713651308573,0.2405755604664015,0,26.97647122957337,0,0,True,False,False,False,False,False,True,False,False,False,False,False,False,False,False,False,True
0,11.672617529928752,0.6530780947182748,0,10.85034561661517,0,0,False,False,False,False,False,False,True,False,False,False,False,False,False,False,True,False,False
0,20.44162420161373,0.3245399682452184,2,17.81937148162078,0,1,False,False,True,False,False,False,False,False,True,False,False,False,False,False,True,False,False
0,22.398660674245676,0.30479460454801105,4,20.582759776084444,0,1,True,False,False,False,True,False,False,False,False,False,False,False,False,False,False,False,False
0,6.315853069855248,0.6969984843968922,0,3.4409301068170484,1,0,False,False,False,False,False,False,True,False,False,False,False,False,False,False,False,False,False
0,19.386851214160586,0.343719130297975,0,16.727522231340775,0,0,False,False,True,False,False,False,True,False,False,False,False,False,True,False,False,False,False
0,25.732858372128035,0.3035456100010437,2,24.51652503924648,0,0,True,False,False,False,True,False,False,False,False,False,False,False,False,False,False,False,False
0,20.519746587129184,0.36072261000109407,2,18.850994668717085,1,0,True,False,False,False,False,False,True,False,False,False,False,True,False,False,False,False,False
0,19.535864454894238,0.401404370047868,1,18.309560344257317,1,1,True,False,False,False,False,False,True,False,False,False,False,False,False,False,False,False,True
0,19.33313218286163,0.31151120034967517,0,16.8834238233837,1,0,True,False,False,False,False,False,True,False,False,False,False,False,False,False,True,False,False
0,8.095060222135476,0.8605852020577147,1,2.6476404589747538,0,0,False,False,True,False,False,False,True,False,False,False,False,False,True,False,False,False,False
0,10.606601717798211,0.6567964514160846,1,5.437830449729003,1,1,False,False,True,False,False,False,True,False,False,False,False,False,True,False,False,False,False
0,7.21248916810279,0.9926402321498528,0,6.007495318350236,0,0,False,False,False,False,False,False,True,False,False,False,False,False,False,False,False,False,True
0,13.337541002748592,0.5814455082392267,1,12.269066794177952,0,0,False,False,True,False,True,False,False,False,False,False,True,False,False,False,False,False,False
0,21.949259668608413,0.1382371297094367,0,18.002499826412993,1,1,False,False,True,False,False,False,True,False,False,False,False,True,False,False,False,False,False
0,8.18596359630313,0.8595744965506753,3,7.353910524340104,1,0,False,False,False,False,False,False,True,False,False,False,False,False,False,False,False,False,False
0,16.182088863926065,0.2998017209913425,2,12.888754788574417,0,1,False,False,True,False,False,False,False,False,True,False,False,False,False,False,False,False,False
0,5.889821729050887,1.0919332199098324,0,3.61386219991853,0,0,True,False,False,False,True,False,False,False,False,False,False,False,False,False,False,False,False
0,3.7483329627982607,1.664273107953487,1,5.800862004909275,0,0,False,True,False,False,False,False,True,False,False,False,False,False,False,False,False,False,True
1,21.385976713725288,0.3381354381027086,1,15.840454538932908,0,0,True,False,False,False,False,False,True,False,False,False,False,False,False,False,True,False,False
0,16.401219466856727,0.3900105037008405,4,14.091131963046825,0,1,True,False,False,False,True,False,False,False,False,False,True,False,False,False,False,False,False
0,25.287348615463824,0.3127496150196505,2,23.547823678633232,0,0,False,False,True,False,False,False,True,False,False,False,False,False,False,False,True,False,False
0,9.569221493935652,0.6964928427724003,0,6.576473218982963,0,1,True,False,False,False,False,False,False,False,False,False,False,False,False,False,False,False,True
0,25.467822835884505,0.24058122941463456,0,21.890865674979604,0,0,False,False,True,False,False,False,True,False,False,False,False,False,False,False,False,False,True
0,12.58769240170731,0.5031261230289512,1,7.627581530209948,1,0,False,False,False,False,False,False,True,False,False,False,True,False,False,False,False,False,False
0,23.924046480476505,0.2720404064449389,3,21.835979483412235,1,1,False,False,True,False,True,False,False,False,False,False,False,False,False,False,False,False,False
0,8.98943824718764,0.7791099146309528,0,6.7446274915669004,0,0,True,False,False,False,True,False,False,False,False,False,False,False,False,False,False,False,False
0,18.14745161172775,0.3478174095658101,1,13.920129309744224,0,0,True,False,False,False,False,False,True,False,False,False,False,False,False,False,False,False,True
1,4.428317965096905,1.4584587807390368,0,1.345362404707375,0,1,False,False,True,False,True,False,False,False,False,True,False,False,False,False,False,False,False
0,18.172781845386247,0.4296800963223831,1,15.651836952894696,0,1,False,False,True,False,False,False,True,False,False,False,False,False,False,False,True,False,False
0,20.208908926510603,0.3116250949863689,2,17.280046296234275,0,0,True,False,False,False,False,False,True,False,False,False,False,False,False,False,True,False,False
0,15.033628969746465,0.5162491646697994,0,12.206555615733706,1,1,True,False,False,False,False,False,True,False,False,False,False,False,False,False,False,False,True
0,23.517227727774376,0.3367229234241117,1,19.343732835210474,0,1,True,False,False,False,False,False,True,False,False,False,False,False,False,False,False,False,True
0,19.86454127333425,0.3411151623490825,1,17.321662737739697,1,0,False,False,True,False,True,False,False,False,False,False,False,False,False,False,False,False,True
0,30.50409808533929,0.21280282259200367,3,28.16025568065745,0,1,False,False,True,False,True,False,False,False,False,False,False,False,False,False,False,False,False
0,21.176638071233114,0.3721460702681777,1,18.70668329768801,0,0,False,False,False,False,False,False,True,False,False,False,False,False,False,False,True,False,False
0,23.795167576632025,0.322726227656106,3,22.167769396130048,0,0,True,False,False,False,False,False,True,False,False,False,False,False,False,False,False,False,True
0,14.773286702694158,0.2330189066627144,0,10.242070103255497,0,0,False,False,True,False,False,False,True,False,False,False,False,False,False,False,False,False,True
0,11.016805344563362,0.6541803436988398,0,9.879271228182764,0,0,False,False,False,False,False,False,True,False,False,False,False,False,False,False,False,False,False
1,4.997999599839924,1.3363581190756553,0,4.176122603564221,1,0,False,False,False,False,False,False,True,False,False,False,False,False,False,False,False,False,True
0,19.200260414900626,0.3340767822980686,0,14.682302271782849,0,1,False,False,True,False,False,False,True,False,False,False,False,False,False,False,False,False,True
0,19.474342094150447,0.2788449647767448,1,15.983116091676237,0,0,False,False,True,False,False,False,True,False,False,False,False,False,False,False,False,False,True
0,17.857211428439772,0.42642847231192627,0,14.674126890551275,0,0,False,False,True,False,False,False,True,False,False,False,False,True,False,False,False,False,False
1,25.09760944791356,0.24884989315631312,0,22.224760966093648,0,0,True,False,False,False,False,False,True,False,False,False,False,False,False,False,False,False,True
1,1.3152946437965882,2.51179707533894,0,2.906888370749727,0,0,False,True,False,False,False,False,True,False,False,False,True,False,False,False,False,False,False
0,19.84792180556947,0.3914611098837112,0,15.223665787188052,0,1,False,False,True,False,False,False,True,False,False,True,False,False,False,False,False,False,False
0,22.43412579085711,0.24454886926123087,1,19.235384061671347,0,0,True,False,False,False,False,False,True,False,False,False,False,False,False,False,True,False,False
0,34.283815423607685,0.2284776095571429,0,32.164576788759405,0,0,False,False,True,False,False,False,True,False,False,False,False,False,False,False,True,False,False
0,16.0312195418814,0.4882328183706662,0,14.516886718577094,0,0,False,False,False,False,False,False,True,False,False,False,True,False,False,False,False,False,False
0,26.165817395984405,0.2707578610860596,0,24.196900627972994,0,0,True,False,False,False,False,False,True,False,False,False,False,False,False,False,False,False,True
0,25.64000780031082,0.2689636486273851,1,23.12444593930847,0,0,False,False,True,False,False,False,True,False,False,False,False,False,False,False,True,False,False
0,33.38637446623997,0.181479013340743,1,31.608226777217347,0,0,True,False,False,False,False,False,True,False,False,False,False,False,False,False,True,False,False
0,15.0,0.3317645258024332,0,10.555093557141024,0,1,False,False,True,False,False,False,True,False,False,False,False,False,False,False,True,False,False
0,30.897249068485042,0.21644787094883916,1,28.511927328751383,0,0,False,False,True,False,False,False,True,False,False,False,False,False,False,False,True,False,False
0,11.400438588054403,0.6618990991473915,1,9.243916918709287,0,1,False,False,True,False,False,False,True,False,False,False,False,False,False,False,True,False,False
0,10.890362712049582,0.6998928697192438,2,9.914131328563283,1,0,False,False,False,False,False,False,True,False,False,False,False,False,False,False,False,False,False
0,28.800694436072195,0.24848121504049214,2,26.746401627134812,0,1,False,False,True,False,False,False,True,False,False,False,False,False,False,False,False,False,False
0,12.522779244241276,0.594464021962771,1,10.632027088001614,1,0,False,False,False,False,False,False,True,False,False,False,False,False,False,False,False,False,True
0,9.513148795220223,0.7953646108036554,0,8.336066218546975,0,1,False,False,True,False,True,False,False,False,False,False,True,False,False,False,False,False,False
0,30.838450025901107,0.2270308225747043,2,27.68483339303308,0,0,False,False,True,False,False,False,True,False,False,False,True,False,False,False,False,False,False
0,20.695893312442443,0.25799212577237285,1,16.070158679988193,0,0,True,False,False,False,False,False,True,False,False,False,False,False,False,False,False,False,True
0,15.981239000778388,0.36397895650964396,1,11.667476162392624,0,0,True,False,False,False,False,False,True,False,False,False,False,False,False,False,True,False,False
0,10.384603988597735,0.7166055841110162,0,8.736131867136628,1,0,False,False,False,False,False,False,True,False,False,False,False,False,False,False,True,False,False
0,7.839005038906401,0.8747937145970992,2,5.008991914547277,1,1,True,False,False,False,False,False,True,False,False,False,False,False,False,False,True,False,False
0,21.12865353021816,0.35426670170560554,0,14.961617559608998,0,1,False,False,True,False,False,False,True,False,False,False,False,False,False,False,False,False,True
0,17.864489917151285,0.34225052273697465,1,13.572398461583715,0,0,False,False,True,False,False,False,True,False,False,True,False,False,False,False,False,False,False
0,25.016994223927057,0.2663699810412431,1,20.416659863944446,0,0,False,False,True,False,False,False,True,False,False,False,False,False,False,False,False,False,True
0,26.144406667583798,0.24880648661299132,1,23.309440147716973,0,0,False,False,True,False,False,False,True,False,False,False,False,False,False,False,False,False,True
0,24.700202428320303,0.3210939556728781,1,20.900000000000006,0,0,True,False,False,False,False,False,True,False,False,False,False,False,False,False,False,False,False
0,24.260667756679744,0.2025691422765692,1,21.146394491733105,0,0,False,False,True,False,False,False,True,False,False,False,False,False,False,False,True,False,False
0,10.404806581575647,0.7192748940448984,0,9.726767191621265,1,0,False,False,False,False,False,False,True,False,False,False,False,False,False,False,False,False,False
0,8.836288813749807,0.8481177252640373,0,7.84091831356506,1,0,False,False,False,False,False,False,True,False,False,False,True,False,False,False,False,False,False
0,19.58290070444111,0.4014482080363684,3,18.217573932881407,0,0,True,False,False,False,False,False,False,False,True,False,True,False,False,False,False,False,False
0,10.83374358197572,0.6632317072149523,0,9.230926280715279,1,0,False,False,False,False,False,False,True,False,False,False,True,False,False,False,False,False,False
0,22.43680012836055,0.33192668128969893,1,19.359752064528102,0,0,False,False,True,False,False,False,True,False,False,False,False,False,False,False,False,False,False
0,11.086027241532467,0.6566894371805595,0,9.235799911215057,0,0,False,False,False,False,False,False,True,False,False,False,False,False,False,False,False,False,False
0,20.418863827353377,0.357132376657206,0,17.867568385205644,0,0,True,False,False,False,False,False,True,False,False,False,False,False,False,False,False,False,True
0,18.069310999592652,0.28331172254477477,1,14.782760229402362,0,1,False,False,True,False,False,False,True,False,False,False,False,False,False,False,True,False,False
0,20.838665984174707,0.3315804433151038,3,18.796276226955165,0,1,False,False,True,False,False,False,True,False,False,False,False,False,False,False,False,False,False
1,5.069516742254635,1.3282200614485982,0,4.545327270945403,0,1,False,False,True,False,True,False,False,False,False,False,False,False,False,False,False,False,True
0,17.867568385205637,0.1518314948456776,0,13.124404748406684,0,0,False,False,True,False,True,False,False,False,False,False,False,False,False,False,False,False,True
0,17.861690849412884,0.2581032190485124,0,13.64001466274872,0,1,True,False,False,False,False,False,True,False,False,False,False,False,False,False,False,False,True
0,6.041522986797291,1.1610564029394306,0,5.069516742254633,1,0,False,False,False,True,False,False,False,False,False,False,False,False,False,False,True,False,False
0,23.235533133543548,0.3377601680230906,2,21.24758809841719,0,0,False,False,True,False,False,False,True,False,False,False,True,False,False,False,False,False,False
0,34.407557309405156,0.19741531944151325,0,31.069760217935382,0,0,False,False,True,False,False,False,True,False,False,False,False,False,False,False,True,False,False
0,10.017983829094554,0.7065138471510295,0,6.96419413859206,1,0,False,False,False,True,False,False,False,False,False,False,True,False,False,False,False,False,False
0,8.914033879226627,0.8428130841583978,0,0.921954445729295,0,1,True,False,False,False,False,False,False,False,True,False,True,False,False,False,False,False,False
0,21.936727194365165,0.25082684500989216,0,14.085808461000738,0,1,True,False,False,False,False,False,True,False,False,False,False,False,False,False,False,False,True
0,24.446063077722755,0.30765033999566394,2,22.95822292774421,1,0,False,False,True,False,True,False,False,False,False,False,False,False,False,False,False,False,True
0,18.398369492974094,0.42201556281493646,1,16.98499337650739,0,0,True,False,False,False,False,False,True,False,False,False,False,False,False,False,False,False,True
0,37.64797471312367,0.20870859851420714,1,32.442256395016656,0,0,True,False,False,False,False,False,True,False,False,False,False,False,False,False,True,False,False
0,24.24417455802527,0.31513565619168854,0,22.06014505845327,0,0,True,False,False,False,False,False,True,False,False,False,False,False,False,False,True,False,False
0,25.63220630378899,0.3081126642706904,4,24.61097316239242,0,0,True,False,False,False,False,False,True,False,False,False,True,False,False,False,False,False,False
0,8.780091115700339,0.2805034883780255,1,4.98196748283246,1,0,True,False,False,False,True,False,False,False,False,False,False,False,False,False,True,False,False
0,6.824954212300618,0.9459660411875367,0,3.769615364994152,0,1,False,False,True,False,False,False,True,False,False,False,True,False,False,False,False,False,False
0,16.00781059358212,0.4578871116905925,2,11.236102527122116,0,1,False,False,True,False,True,False,False,False,False,False,False,False,False,False,True,False,False
0,21.211553455605276,0.372590565011789,1,16.704789732289363,0,1,True,False,False,False,False,False,True,False,False,False,False,False,False,False,True,False,False
0,26.037665025881257,0.3044496024341369,1,24.307406278745578,0,0,True,False,False,False,False,False,True,False,False,False,False,False,False,False,False,False,True
0,11.778370006074697,0.297284651787316,0,6.092618484691127,1,0,False,False,False,True,False,False,False,False,False,True,False,False,False,False,False,False,False
0,7.397972695272669,0.9852080302796822,3,6.525335240430178,0,1,True,False,False,False,False,False,True,False,False,False,False,False,False,False,False,False,False
0,32.626676202150904,0.23586960333565746,0,31.51253718760202,0,1,False,False,True,False,False,False,True,False,False,False,True,False,False,False,False,False,False
0,26.63174797117155,0.23229633324487498,1,23.860008382228195,1,0,False,False,True,False,False,False,True,False,False,False,False,True,False,False,False,False,False
0,24.439312592624205,0.3040599007351029,1,22.085742007005337,0,0,False,False,True,False,False,False,True,False,False,False,False,False,False,False,False,False,True
0,9.529428104561159,0.7318615947948184,0,6.621178142898738,0,1,False,False,True,False,False,False,False,False,True,False,False,False,False,False,True,False,False
0,25.22399651125888,0.30607176147440784,1,22.70352395554487,0,0,False,False,True,False,False,False,True,False,False,True,False,False,False,False,False,False,False
0,11.672617529928756,0.6052635278237908,0,9.79438614717636,1,0,False,False,False,False,False,False,True,False,False,False,True,False,False,False,False,False,False
0,31.296325662927266,0.25271499065655095,0,29.929584026511282,0,1,True,False,False,False,False,False,False,False,True,False,False,False,False,False,True,False,False
0,20.576928828180364,0.27738522382659225,1,17.54137964927503,0,1,True,False,False,False,False,False,True,False,False,False,False,True,False,False,False,False,False
0,14.350261321662401,0.5421289003150007,2,13.56244815658294,0,1,True,False,False,False,False,False,True,False,False,False,True,False,False,False,False,False,False
0,34.58612438536587,0.22393799760127797,2,33.32041416309226,0,0,False,False,True,False,True,False,False,False,False,False,True,False,False,False,False,False,False
0,13.93161871427725,0.42219766017082383,0,9.823441352194253,1,0,False,False,True,False,False,False,True,False,False,True,False,False,False,False,False,False,False
0,24.162781296862327,0.3108067306954494,1,23.24177273789587,0,0,True,False,False,False,False,False,True,False,False,False,False,False,False,False,False,False,True
0,9.769339793455849,0.7363092639388772,0,4.220189569201833,0,0,False,False,False,False,False,False,True,False,False,True,False,False,False,False,False,False,False
0,5.600892785976173,1.240299250437177,0,1.0770329614269003,0,0,False,False,False,False,False,False,True,False,False,False,False,False,False,False,False,False,True
0,16.875129629131745,0.42980455600271117,2,15.284632805533805,0,1,True,False,False,False,True,False,False,False,False,False,False,False,False,False,True,False,False
0,16.696406799069077,0.37423117581182225,0,13.784411485442533,1,0,False,False,True,False,False,False,True,False,False,True,False,False,False,False,False,False,False
0,30.026821343592133,0.2604309007259446,2,27.487633583122424,1,1,False,False,True,False,False,False,True,False,False,False,False,False,False,False,False,False,True
0,19.258504614844842,0.4084672864081435,3,17.810109488714545,0,1,True,False,False,False,True,False,False,False,False,False,False,False,False,False,False,False,False
0,22.510886255321,0.32252062183924673,0,20.890667772955467,0,0,False,False,True,False,False,False,True,False,False,False,False,False,False,False,False,False,True
0,36.768056788467895,0.20201364424922474,2,34.57759390125346,0,0,False,False,True,False,False,False,True,False,False,False,False,False,False,False,False,False,False
0,21.194574777522664,0.28729448099054133,1,18.195054273071015,0,1,False,False,True,False,False,False,False,False,True,False,False,False,False,False,False,False,True
0,24.107467722678802,0.29413143491360716,1,20.349447166937985,0,1,False,False,True,False,False,False,True,False,False,False,False,False,False,False,False,False,True
0,20.482431496284807,0.3480306212280429,3,17.253985046939146,0,1,True,False,False,False,False,False,True,False,False,False,False,False,False,False,False,False,True
0,20.849220608934043,0.37332898275961424,1,17.14059508885266,0,1,False,False,True,False,False,False,True,False,False,False,True,False,False,False,False,False,False
0,20.923909768492127,0.3773878458152722,2,18.25376673456742,0,0,False,False,True,False,False,False,True,False,False,False,True,False,False,False,False,False,False
0,30.512456472726015,0.25733178417690117,1,28.8013888554007,0,1,False,False,True,False,False,False,True,False,False,False,True,False,False,False,False,False,False
0,13.605881081355955,0.2589529087072281,0,9.377632963600139,1,0,False,False,True,False,True,False,False,False,False,False,True,False,False,False,False,False,False
0,24.845522735495024,0.28106505370714374,1,20.591260281974,0,0,False,False,True,False,False,False,True,False,False,False,False,False,False,False,False,False,True
0,21.79197099851227,0.34786786226201977,1,16.226521500309303,0,0,False,False,True,False,False,False,True,False,False,False,False,False,False,False,False,False,True
0,32.34145945995635,0.21859287155564777,1,28.266764936936095,0,0,False,False,True,False,False,False,True,False,False,False,False,False,False,False,True,False,False
1,25.025187311986304,0.3155141206038633,1,20.94970166852026,0,0,False,False,True,False,False,False,True,False,False,False,False,False,False,False,True,False,False
1,16.09751533622503,0.4637627670959112,0,5.249761899362673,0,0,False,False,True,False,False,True,False,False,False,True,False,False,False,False,False,False,False
0,12.70039369468522,0.4009813311365331,1,6.082762530298226,0,0,True,False,False,False,False,False,True,False,False,False,False,False,False,False,False,False,True
0,9.154780172128651,0.8208715063707862,1,7.823042886243176,0,0,False,False,False,False,False,False,True,False,False,False,False,False,False,False,True,False,False
0,27.77228834647949,0.25786454780099666,1,24.775996448175405,0,0,True,False,False,False,True,False,False,False,False,False,False,False,False,False,True,False,False
0,24.157193545608724,0.2760782631773447,0,19.588772294352697,0,0,False,False,True,False,False,False,True,False,False,False,True,False,False,False,False,False,False
0,29.940774873072336,0.19817082967413813,0,29.066303514551,0,0,False,False,True,False,False,False,True,False,False,False,False,False,False,False,False,False,True
0,18.35211159512714,0.1289561890697355,0,12.41933975700802,0,0,False,False,True,False,False,False,True,False,False,False,False,False,False,False,True,False,False
1,16.844286865284626,0.46285545300711384,0,7.752418977325726,1,0,True,False,False,False,False,False,True,False,False,False,False,False,False,False,False,False,True
0,8.828363381737299,0.8435657089420137,1,8.16149496109629,1,0,False,False,False,False,False,False,True,False,False,False,False,False,False,False,False,False,False
0,9.885848471426216,0.5454602684109995,1,7.433034373659253,0,1,False,False,True,False,False,False,False,False,True,False,False,False,False,False,False,False,False
0,27.623540685437117,0.25256723058279357,1,25.28003164554981,0,0,False,False,True,False,False,False,True,False,False,False,False,False,False,False,False,False,False
0,15.700318468107579,0.37375631087865735,2,12.525174649480936,0,0,True,False,False,False,False,False,False,False,True,False,False,False,False,False,False,False,True
0,15.631058825300352,0.11165214050705607,0,11.454256850621084,0,0,False,False,True,False,False,False,True,False,False,False,False,False,False,False,False,False,True
0,23.777510382712478,0.33102129281445114,0,19.1637678967368,0,0,False,False,True,False,False,False,True,False,False,False,False,False,False,False,True,False,False
0,26.294486114012578,0.2813475961104185,4,25.00499950009998,0,0,False,False,True,False,False,False,True,False,False,False,True,False,False,False,False,False,False
0,40.92383168766092,0.1550077761388341,2,40.91760012512953,0,0,False,False,True,False,False,False,True,False,False,False,True,False,False,False,False,False,False
0,16.00781059358212,0.48952515081739684,0,3.0016662039607267,0,1,False,False,True,False,False,False,True,False,False,False,False,False,False,False,True,False,False
0,26.90576146478668,0.25005085247353365,1,23.600847442411894,0,0,True,False,False,False,False,False,True,False,False,False,True,False,False,False,False,False,False
0,14.600000000000001,0.0,0,10.394710193170376,1,0,False,False,False,False,False,False,True,False,False,False,True,False,False,False,False,False,False
0,29.924738929521173,0.19575727484512317,0,26.10383113644432,0,0,False,False,True,False,False,False,True,False,False,False,True,False,False,False,False,False,False
0,16.279127740760558,0.43595201174639175,1,12.076837334335512,0,0,True,False,False,False,False,False,True,False,False,False,False,False,False,False,False,False,True
0,26.829275055431527,0.2863091187568978,1,23.115795465438776,0,1,False,False,True,False,False,False,True,False,False,False,False,True,False,False,False,False,False
0,12.631706139710497,0.5738541350946821,0,10.155294185792934,0,1,False,False,True,False,False,False,False,True,False,False,False,False,False,False,False,False,True
0,18.99315666233499,0.40551477810559045,2,15.55634918610405,0,1,True,False,False,False,False,False,True,False,False,False,True,False,False,False,False,False,False
0,22.52110121641479,0.2971249915301736,1,18.147176088857456,0,0,False,False,True,False,False,False,True,False,False,False,False,False,False,False,False,False,True
0,17.0,0.20793924335161806,1,13.871553626036272,1,0,False,False,False,False,False,False,True,False,False,False,False,False,False,False,False,False,False
0,22.36470433517957,0.30869542597364436,1,19.19426997830341,0,0,True,False,False,False,False,False,True,False,False,False,False,False,False,False,True,False,False
1,26.185874054535592,0.2781024320191275,3,23.169160537231384,0,0,False,False,True,False,False,False,True,False,False,False,True,False,False,False,False,False,False
1,8.06597793203031,0.7310781308286474,0,6.351377803280165,0,1,True,False,False,False,False,False,True,False,False,False,False,False,False,False,False,False,True
0,34.74622281630048,0.19815415033980865,0,32.95648646321389,0,0,False,False,True,False,False,False,True,False,False,True,False,False,False,False,False,False,False
1,14.425671561490642,0.39815003221157996,1,9.76729235765981,0,0,True,False,False,False,False,False,True,False,False,False,False,False,False,False,True,False,False
0,15.743252522906442,0.3229792933501401,0,9.840731680114033,0,1,False,False,True,False,False,False,True,False,False,False,False,False,False,False,False,False,True
0,23.228000344411914,0.23256360513356533,1,19.168985366993216,0,0,False,False,True,False,False,False,True,False,False,False,False,False,True,False,False,False,False
0,17.27223205031707,0.41857919933041415,0,12.258874336577563,0,1,False,False,True,False,False,False,True,False,False,True,False,False,False,False,False,False,False
0,12.952991932368365,0.36730627596230125,0,7.9404030124421245,0,1,True,False,False,False,False,False,True,False,False,True,False,False,False,False,False,False,False
0,3.9319206502675055,1.5881022912042173,1,4.210700654285464,0,1,True,False,False,False,True,False,False,False,False,True,False,False,False,False,False,False,False
0,30.15824928605771,0.24057089683518773,3,29.473038526762046,0,0,True,False,False,False,False,False,True,False,False,False,True,False,False,False,False,False,False
0,25.77013775671368,0.2617160732539055,0,22.621449997734448,0,1,False,False,True,False,False,False,True,False,False,False,False,False,False,False,True,False,False
0,18.69679116854013,0.4055030884273496,0,15.785119575093509,0,0,False,False,True,False,False,False,True,False,False,False,False,False,False,False,False,False,True
0,6.824221567329121,0.9720035109573028,0,5.300943312279427,1,1,True,False,False,False,True,False,False,False,False,False,False,False,False,False,False,False,False
0,12.379418403139947,0.4831256648173337,2,8.542833253669418,0,1,True,False,False,False,False,False,True,False,False,False,True,False,False,False,False,False,False
0,20.289159667172022,0.2111364850307803,0,16.065490966665163,0,1,True,False,False,False,False,False,True,False,False,False,False,False,False,False,False,False,True
0,13.787675656179323,0.4789222987389901,0,10.694391053257771,0,1,False,False,True,False,True,False,False,False,False,False,False,False,False,False,False,False,True
0,34.01249770305028,0.22006994049918885,1,32.663894440191925,0,0,True,False,False,False,False,False,True,False,False,False,False,False,False,False,False,False,True
0,29.008274681545608,0.2026363775878922,0,25.578311124857326,0,0,False,False,True,False,False,False,True,False,False,False,False,False,False,False,False,False,True
0,16.69730517179344,0.2787016690337062,0,12.657013865837394,1,0,False,False,True,False,False,False,True,False,False,False,False,False,False,False,False,False,True
0,6.824954212300623,1.0523336020544656,1,5.803447251418761,1,0,False,False,False,False,False,False,True,False,False,False,False,False,False,False,False,False,False
0,20.0322240402807,0.29814142198421956,1,15.743252522906436,0,0,False,False,True,False,False,False,True,False,False,False,False,True,False,False,False,False,False
0,5.457105459856898,1.256564427710559,2,4.743416490252569,0,0,False,False,False,False,False,False,True,False,False,False,False,False,False,False,False,False,False
1,8.115417426109387,0.9149664723662476,0,7.368174807915457,1,1,False,False,True,False,False,False,True,False,False,False,False,False,False,False,True,False,False
0,6.262587324740473,0.9309977620203167,0,1.0000000000000029,0,0,False,False,False,False,False,False,True,False,False,False,True,False,False,False,False,False,False
0,7.9404030124421245,0.13519574017620273,0,2.807133769523637,0,0,False,False,True,False,False,False,True,False,False,False,False,False,False,False,False,False,True
0,13.21892582625381,0.5621587832253725,0,11.456002793295749,1,0,False,False,False,False,False,False,True,False,False,False,True,False,False,False,False,False,False
0,12.628935030318273,0.6086509287239285,0,11.710678887237924,0,1,False,False,True,False,False,False,True,False,False,False,False,False,True,False,False,False,False
0,23.95266164750798,0.32897841322441973,0,23.08527669316528,0,0,True,False,False,False,False,False,True,False,False,False,False,False,False,False,False,False,True
0,13.328165665236908,0.5359312983331032,1,10.555093557141022,0,0,True,False,False,False,False,False,True,False,False,False,False,False,False,False,True,False,False
0,24.084227203711567,0.3204469129184234,5,23.168297304722252,0,1,False,False,True,False,False,False,False,False,True,False,False,False,False,False,False,False,False
0,22.162355470481927,0.3532449069995808,0,17.141761869772896,0,1,False,False,True,False,False,False,True,False,False,False,False,False,False,False,False,False,True
0,12.325988804148734,0.6265881171360694,0,1.6278820596099646,0,0,False,False,True,False,False,False,True,False,False,False,False,False,False,False,False,False,True
0,5.232590180780456,1.2037583317804594,1,4.940647730814254,1,0,False,False,False,False,False,False,True,False,False,False,False,False,False,False,False,False,False
0,16.401219466856723,0.4633313534768781,1,14.19929575718457,0,1,True,False,False,False,False,False,True,False,False,False,True,False,False,False,False,False,False
0,21.453671014537342,0.3472809666038703,0,18.164801127455263,0,0,False,False,True,False,False,False,True,False,False,False,False,False,False,False,True,False,False
0,17.944637081869335,0.2557064500921713,0,13.452509059651286,0,1,True,False,False,False,False,False,True,False,False,False,False,False,False,False,False,False,True
0,31.481423093627775,0.2505979894132201,3,28.96377047278203,0,1,True,False,False,False,True,False,False,False,False,False,False,False,False,False,False,False,False
0,28.55538478115817,0.2648299696365304,0,24.61970755309656,0,0,True,False,False,False,False,False,True,False,False,False,True,False,False,False,False,False,False
0,29.807717121577767,0.25903234386633917,1,26.511318337645914,0,0,False,False,True,False,False,False,True,False,False,False,False,False,False,False,True,False,False
0,30.29867983922731,0.24006598757051117,1,26.889589063427493,1,0,False,False,True,False,False,False,True,False,False,False,False,False,False,False,False,False,True
0,29.713464961192262,0.2632168680416918,1,26.987404469492805,0,0,True,False,False,False,True,False,False,False,False,False,False,False,False,False,False,False,True
1,4.404543109109054,1.4745041386813131,1,3.828837943815328,0,1,False,False,True,False,True,False,False,False,False,False,False,False,False,False,False,False,True
1,17.748521065147937,0.3227435031290147,0,4.404543109109045,0,0,False,False,True,False,False,False,True,False,False,False,False,False,False,False,False,False,True
1,14.345033983926282,0.33656684830461914,0,9.571833680126286,0,1,False,False,True,False,False,False,True,False,False,False,False,False,False,False,False,False,True
1,6.503076195155644,1.1026971392478093,0,4.301162633521311,0,0,False,False,False,False,False,False,True,False,False,False,False,False,False,False,True,False,False
0,16.123585209251686,0.4057275136927679,0,13.528118864054967,1,0,False,False,False,False,False,False,True,False,False,False,True,False,False,False,False,False,False
0,26.500188678573593,0.2781995785561612,1,23.621176939348302,0,0,False,False,True,False,False,False,True,False,False,False,False,False,False,False,False,False,True
0,32.08815981012311,0.13104558234297792,0,29.1034362232366,0,0,False,False,True,False,False,False,True,False,False,False,False,False,False,False,True,False,False
0,18.31420213932346,0.31477477720546365,0,13.678084661238207,0,0,True,False,False,False,True,False,False,False,False,False,False,False,False,False,False,False,True
0,17.74063133036702,0.42277458535751633,2,15.023315213360858,0,1,True,False,False,False,False,False,True,False,False,False,False,False,False,False,True,False,False
0,22.870505022845474,0.3411111654007526,0,20.142740627829177,1,0,True,False,False,False,False,False,True,False,False,False,False,False,False,False,False,False,True
0,10.111874208078344,0.58880484966507,1,7.849203781276168,1,0,False,False,False,False,False,False,True,False,False,False,False,False,False,False,True,False,False
0,22.121934815924217,0.351495690906245,1,17.4545123105746,1,0,True,False,False,False,False,False,True,False,False,False,False,False,False,False,True,False,False
0,22.318154045529838,0.27955941460325573,0,19.023406634985232,0,0,False,False,True,False,False,False,True,False,False,False,True,False,False,False,False,False,False
0,10.787029248129436,0.701559718685999,2,9.317188417113819,1,0,False,False,False,False,False,False,True,False,False,False,False,False,False,False,False,False,False
0,20.86552180032888,0.3494064989838515,1,17.55591068557823,0,0,False,False,True,False,False,False,True,False,False,False,True,False,False,False,False,False,False
0,25.991537084212624,0.23798866890491144,0,22.77827912727387,0,0,True,False,False,False,False,False,True,False,False,False,True,False,False,False,False,False,False
0,37.974860105074775,0.19549480871750646,1,34.33511322247241,0,0,False,False,True,False,False,False,True,False,False,False,False,False,False,False,True,False,False
0,23.940133667128926,0.31639401183924154,1,21.4758003343298,0,0,True,False,False,False,False,False,False,False,True,False,False,False,False,False,False,False,True
0,8.902246907382434,0.8444591831738029,0,7.310950690573708,1,0,False,False,False,False,False,False,True,False,False,False,False,False,False,False,False,False,False
0,29.223620583356876,0.2170460508076758,1,24.645486402179195,0,0,False,False,True,False,False,False,True,False,False,False,False,False,False,False,True,False,False
0,11.545128842936313,0.3163953387235905,0,10.204410811016968,0,1,False,False,True,False,True,False,False,False,False,False,False,False,False,False,False,False,True
0,25.728000310945276,0.2968749856679446,1,22.856946427727394,0,0,True,False,False,False,False,False,True,False,False,False,False,True,False,False,False,False,False
0,20.64000968992021,0.2373835376762985,0,16.760071598892413,0,1,False,False,True,False,False,False,True,False,False,False,True,False,False,False,False,False,False
0,16.704789732289363,0.46993826423517626,1,15.920113064925141,1,0,False,False,True,False,True,False,False,False,False,False,False,False,False,False,False,False,True
0,17.758941409892653,0.39723154929964866,0,14.85563866011825,0,1,True,False,False,False,True,False,False,False,False,False,False,False,False,False,False,False,True
0,8.720665112249183,0.8589252282973108,1,7.299999999999997,1,0,False,False,False,False,False,False,True,False,False,False,False,False,False,False,False,False,True
1,7.764663547121668,0.9474364547650617,0,1.6401219466856702,0,0,False,False,False,False,False,False,True,False,False,False,False,False,False,False,False,False,True
0,31.123624467596958,0.21656071755448358,0,28.12561110447203,0,0,True,False,False,False,False,False,True,False,False,False,False,False,False,False,True,False,False
0,31.579265349276255,0.23216964515502508,2,29.58141308321832,0,1,True,False,False,False,True,False,False,False,False,False,False,False,False,False,False,False,True
0,8.386298349093002,0.8146045438434697,0,6.576473218982951,0,0,False,False,False,False,False,False,True,False,False,False,False,False,False,False,True,False,False
0,21.341274563624356,0.3297503837365288,0,15.81455026233753,0,0,True,False,False,False,False,False,True,False,False,False,False,False,False,False,False,False,True
1,11.717081547894084,0.6057118468233612,0,6.1294371682887805,0,1,True,False,False,False,False,False,True,False,False,False,False,False,False,False,False,False,True
0,6.171709649683792,0.9666016729421547,0,3.6769552621700545,0,0,False,False,False,False,False,False,True,False,False,False,False,False,False,False,True,False,False
0,32.547964606100955,0.24349649089946857,3,31.49936507296616,0,0,False,False,True,False,True,False,False,False,False,False,True,False,False,False,False,False,False
0,33.501790996900446,0.2073923645500183,0,29.45929394944827,0,0,False,False,True,False,False,False,True,False,False,False,False,False,False,False,True,False,False
1,12.495199078045934,0.612204361474885,0,3.2756678708318434,1,1,False,False,True,False,False,False,True,False,False,True,False,False,False,False,False,False,False
0,5.860034129593442,1.162550565251639,0,4.318564576337834,1,0,False,False,False,False,False,False,True,False,False,False,False,False,False,False,False,False,False
0,26.690822392725178,0.2965604016449972,1,22.537524265100636,0,0,True,False,False,False,True,False,False,False,False,False,True,False,False,False,False,False,False
0,10.932977636490435,0.6954504050571242,0,9.338094023943006,0,0,False,False,False,True,False,False,False,False,False,False,True,False,False,False,False,False,False
0,5.024937810560446,1.2679114584199251,1,1.9849433241279189,0,0,False,False,False,False,False,False,True,False,False,False,False,False,False,False,False,False,False
0,15.072159765607585,0.4697471670000877,1,12.416923934694939,1,0,False,False,False,False,False,False,True,False,False,False,False,False,False,False,False,False,True
0,7.653757247260986,0.6074716314860076,0,3.9115214431215977,1,0,False,False,False,False,False,False,True,False,False,False,False,False,False,False,False,False,False
0,19.090573590125572,0.22785704871709966,0,14.951254127998764,0,0,False,False,True,False,False,False,True,False,False,True,False,False,False,False,False,False,False
0,27.569729777420747,0.28450458554657626,2,25.07448902769506,0,0,False,False,True,False,True,False,False,False,False,False,True,False,False,False,False,False,False
0,32.21179908046119,0.2188347696017977,2,29.87791826750987,0,0,False,False,True,False,False,False,True,False,False,False,False,True,False,False,False,False,False
0,20.506096654409877,0.2792789307665041,2,18.760863519571807,0,1,False,False,True,False,False,False,True,False,False,False,True,False,False,False,False,False,False
0,8.329465769183518,0.8936723417147205,4,7.542545989253232,1,0,False,False,False,False,False,False,True,False,False,False,False,False,False,False,False,False,False
0,12.539936203984453,0.5773078241506995,1,10.374005976477946,0,0,False,False,False,False,False,False,True,False,False,False,False,False,False,False,True,False,False
1,9.364827814754522,0.7348917024009934,1,7.0611613775638835,0,1,False,False,True,False,True,False,False,False,False,False,False,True,False,False,False,False,False
0,19.81565038044424,0.14967140027767734,0,16.011246047700347,0,0,False,False,True,False,True,False,False,False,False,False,False,False,False,False,False,False,True
0,10.183319694480772,0.5874761492661169,0,6.824954212300622,0,1,False,False,True,False,False,False,True,False,False,False,False,False,False,False,False,True,False
0,37.45744251814317,0.19419639206233413,3,34.984710946354824,0,0,False,False,True,False,False,False,True,False,False,False,False,False,False,False,False,False,False
0,15.815498727514093,0.4950333911201487,0,13.363382805263042,0,1,False,False,True,False,False,False,False,True,False,False,False,False,False,False,False,False,False
0,28.988273491189506,0.21406068356382157,1,26.915051551130276,0,0,False,False,True,False,False,False,True,False,False,False,True,False,False,False,False,False,False
0,6.661080993352359,0.9897164418938876,0,2.9154759474226535,0,0,True,False,False,False,False,False,True,False,False,False,False,False,False,False,False,False,True
0,23.0,0.34438162904587805,2,20.681392603013954,0,1,False,False,True,False,False,False,False,False,True,False,False,False,False,False,False,False,True
0,14.375673897247388,0.28954057149828216,0,9.36482781475452,1,0,True,False,False,False,False,False,True,False,False,False,False,True,False,False,False,False,False
0,15.800316452527147,0.410174289265625,2,11.3017697729161,0,1,False,False,True,False,False,False,True,False,False,False,False,False,False,False,False,False,True
0,9.079647570252934,0.8255383939514387,0,8.401190391843288,0,0,False,False,False,False,False,False,True,False,False,False,False,True,False,False,False,False,False
0,6.585590330410787,0.9612698340626658,0,1.3892443989449808,0,0,False,True,False,False,False,False,True,False,False,False,True,False,False,False,False,False,False
0,25.785654926722344,0.2978490535298221,4,24.83646512690565,0,0,True,False,False,False,False,False,True,False,False,False,True,False,False,False,False,False,False
0,24.690889007891148,0.31280973066323164,1,22.68082890901477,0,0,False,False,True,False,False,False,True,False,False,False,True,False,False,False,False,False,False
0,15.565667348366407,0.4220065310194241,1,13.160927019021115,0,1,False,False,True,False,False,False,True,False,False,False,False,False,False,False,True,False,False
0,17.61618573925695,0.42835399750022096,1,15.987807854737303,0,1,True,False,False,False,False,False,True,False,False,False,False,False,False,False,False,False,True
0,12.677539193392377,0.6083848315426464,1,11.236102527122105,1,0,False,False,False,False,False,False,True,False,False,False,True,False,False,False,False,False,False
1,13.60147050873544,0.5447589974191418,0,4.002499219237891,0,0,True,False,False,False,False,False,True,False,False,False,False,True,False,False,False,False,False
0,8.44037913840368,0.28193010068389546,0,4.729693436154187,1,0,False,False,False,False,False,False,True,False,False,False,False,False,False,False,False,False,True
0,12.94681427996864,0.48962863793742456,0,2.7586228448267383,0,0,False,False,True,False,False,True,False,False,False,False,True,False,False,False,False,False,False
0,25.700194551792794,0.2974955400220335,0,23.875719884434908,0,0,False,False,True,False,False,False,True,False,False,False,False,False,False,False,True,False,False
0,13.685759021698432,0.23382210123808456,0,8.68158971617526,0,1,False,False,True,False,True,False,False,False,False,False,False,False,False,True,False,False,False
0,32.6827171453048,0.22715421406593456,0,27.85677655436824,0,0,False,False,True,False,False,False,True,False,False,False,False,False,False,False,False,False,True
0,12.482387592123555,0.32558655126807756,0,5.37121960079832,0,1,False,False,True,False,False,False,True,False,False,False,False,False,False,False,False,False,True
0,12.369316876852979,0.2732794269958474,0,6.928924880528,1,1,False,False,True,False,False,False,False,False,True,False,False,False,False,False,False,False,True
0,28.783502219153245,0.2579990913680855,1,25.616400996236766,1,0,False,False,True,False,False,False,True,False,False,False,False,False,False,False,False,False,True
0,24.349537983296518,0.31000481423877524,1,21.130073355291497,0,0,False,False,True,False,False,False,True,False,False,False,False,False,False,False,True,False,False
0,15.311760186209808,0.4323206839939651,0,11.649892703368554,0,1,False,False,True,False,True,False,False,False,False,False,False,False,False,False,True,False,False
0,8.32165848854662,0.8105644737947448,1,6.514598989960935,1,0,False,False,False,False,False,False,True,False,False,False,False,False,False,False,False,False,False
0,12.119818480488886,0.5834400589430515,3,10.288342918079662,0,1,False,False,True,False,False,False,False,False,True,False,False,False,False,False,False,False,False
0,11.454693361238443,0.4181921154195064,1,5.940538696111656,1,0,False,False,True,False,False,False,True,False,False,False,False,False,False,False,False,False,True
1,16.701197561851668,0.47012251320645815,0,11.228535078094563,1,0,False,False,True,False,False,False,True,False,False,False,False,True,False,False,False,False,False
0,26.109385285755,0.3039365815107013,1,22.6079631988377,1,0,False,False,True,False,False,False,True,False,False,False,False,False,False,False,True,False,False
0,28.12561110447203,0.26603914730189593,0,23.875719884434908,0,1,False,False,True,False,True,False,False,False,False,False,False,False,False,False,False,False,True
0,6.826419266350399,0.7551044034786736,0,3.465544690232685,1,0,False,False,True,False,False,False,False,False,True,False,False,True,False,False,False,False,False
1,2.41867732448957,2.057097114632123,0,2.163330765278393,0,1,False,False,True,False,True,False,False,False,False,False,False,True,False,False,False,False,False
0,28.49034924320865,0.24908474899540511,1,24.28518066640641,0,0,False,False,True,False,False,False,True,False,False,False,False,False,False,False,False,False,True
0,33.87742611238345,0.21708157430934827,1,31.185413256841734,0,0,False,False,True,False,False,False,True,False,False,False,True,False,False,False,False,False,False
0,26.108427758101406,0.21074961305529094,0,22.71145085634117,0,0,True,False,False,False,False,False,True,False,False,False,False,False,False,False,False,False,True
0,22.28990803031722,0.35381126332033225,1,19.691876497683005,0,0,False,False,True,False,False,False,True,False,False,False,False,False,False,False,False,False,True
0,7.507329751649385,0.7809183526489134,1,4.031128874149272,1,0,False,False,False,False,False,False,True,False,False,False,False,False,False,False,True,False,False
0,10.264989040422785,0.5973939263237251,1,9.135097153287422,1,0,False,False,False,False,False,False,True,False,False,False,False,False,False,False,False,False,False
0,8.174350127074318,0.9057273633469729,0,7.891767862779541,1,0,False,False,False,False,False,False,True,False,False,False,False,False,False,False,False,False,True
0,11.903780911962377,0.615037659164582,0,10.184301645179206,0,0,False,False,False,False,False,False,True,False,False,False,True,False,False,False,False,False,False
0,19.581624038878903,0.23506731964951133,1,14.761097520171056,1,0,False,False,True,False,True,False,False,False,False,False,False,True,False,False,False,False,False
0,16.995587662684688,0.05272733260858464,0,12.865846260545784,1,0,True,False,False,False,False,False,True,False,False,True,False,False,False,False,False,False,False
0,20.319940944796073,0.3883873900580881,1,17.601136326953434,0,1,False,False,True,False,False,False,True,False,False,False,False,False,False,False,False,False,True
0,14.256226709757387,0.46697467401515463,1,10.154801819828878,0,0,True,False,False,False,False,False,False,False,True,True,False,False,False,False,False,False,False
0,25.22419473442116,0.2512431631853421,1,21.537177159507234,0,0,True,False,False,False,False,False,True,False,False,False,False,False,False,False,False,False,True
0,20.2089089265106,0.25144409027801773,0,16.260688792299046,0,1,False,False,True,False,False,False,True,False,False,True,False,False,False,False,False,False,False
0,12.529964086141673,0.57412836996831,0,10.509519494249018,1,0,False,False,False,False,False,False,True,False,False,False,False,True,False,False,False,False,False
0,14.506550244630871,0.522595367598224,1,11.772000679578644,0,1,False,False,True,False,False,False,True,False,False,False,False,False,False,False,False,False,True
0,37.08436328157732,0.21441954161623356,0,34.58337751001194,0,0,False,False,True,False,False,False,True,False,False,False,False,False,False,False,False,False,True
0,30.334963326168705,0.18712153273942422,0,26.90724809414742,0,0,False,False,True,False,False,False,True,False,False,False,False,False,False,False,True,False,False
0,18.730189534545563,0.3630645370110575,1,15.384407690905759,0,0,True,False,False,False,False,False,True,False,False,False,False,False,False,False,False,False,True
0,17.441330224498365,0.44995366348170085,0,11.00727032465361,0,0,True,False,False,False,True,False,False,False,False,False,False,False,False,False,True,False,False
1,12.662148316932639,0.47156992986515267,1,8.481155581640985,0,1,False,False,True,False,True,False,False,False,False,False,False,False,False,False,False,False,True
0,8.720665112249176,0.8045873144890124,0,6.928924880528002,1,0,False,False,False,False,False,False,True,False,False,False,False,False,False,False,False,False,False
1,7.3999999999999995,0.9653631003574755,0,6.363175307973211,0,0,False,False,False,False,False,False,True,False,False,False,False,False,False,False,False,False,False
0,14.413882197381795,0.48396195983457835,1,12.124768039018313,0,1,False,False,True,False,False,False,True,False,False,False,False,False,True,False,False,False,False
0,27.18271509617831,0.28730169373670644,1,24.713154391942762,0,0,True,False,False,False,False,False,True,False,False,False,False,False,False,False,False,False,False
0,6.706713054842882,1.0489620469804868,1,6.224146527838177,0,0,False,False,False,True,False,False,False,False,False,False,False,False,False,False,False,False,False
0,9.326306878931229,0.808918381639167,0,7.800640999302554,1,0,False,False,False,False,False,False,True,False,False,False,False,False,False,False,False,False,False
0,10.32375900532359,0.5726643305145084,0,7.998124780221917,0,1,True,False,False,False,False,False,False,True,False,False,False,False,False,False,False,False,False
0,11.225417586887358,0.6287530457432835,0,7.716216689544168,0,1,False,False,True,False,False,False,True,False,False,False,False,False,False,False,True,False,False
0,33.93420103671221,0.2270953284180053,2,31.287857069476647,0,1,False,False,True,False,False,False,True,False,False,False,False,False,False,False,False,False,True
1,4.134005321718878,1.5089435077533937,0,2.262741699796959,0,1,False,True,False,False,False,False,True,False,False,False,False,True,False,False,False,False,False
0,28.9836160614924,0.24450747691466163,1,26.300760445279902,0,0,True,False,False,False,False,False,True,False,False,False,False,False,False,False,True,False,False
0,25.191466809219342,0.2603568781609837,0,22.08098729676732,0,1,False,False,True,False,True,False,False,False,False,False,False,False,False,False,False,False,True
0,32.588494902342454,0.24362629088537177,2,30.486882425069314,0,1,False,False,True,False,True,False,False,False,False,False,False,False,False,False,True,False,False
0,28.397887245356827,0.26675296745933763,0,26.936406590337924,0,0,False,False,True,False,False,False,True,False,False,False,False,False,False,False,True,False,False
0,14.23411395205195,0.3867548557644943,2,13.594851966829205,1,0,False,False,False,False,False,False,True,False,False,False,False,False,False,False,False,False,False
0,23.10346294389652,0.3428220507359717,1,19.101047091717245,1,1,False,False,True,False,False,False,True,False,False,False,False,False,False,False,False,False,True
0,22.808989455914084,0.31157271284920185,2,21.12060605191054,0,0,False,False,True,False,False,False,True,False,False,False,False,False,False,False,True,False,False
0,25.75266976451179,0.3064703423242272,1,24.418230894149556,0,1,False,False,True,False,False,False,True,False,False,False,False,False,False,False,True,False,False
0,15.044268011438778,0.509819207724091,2,11.30398159941885,0,1,False,False,True,False,False,False,True,False,False,False,False,False,False,False,True,False,False
0,28.12205540141048,0.2709035842118308,0,24.351591323771846,0,0,True,False,False,False,False,False,True,False,False,False,False,False,False,False,False,False,True
0,16.405486887014355,0.3485933690434697,0,12.379418403139946,0,0,False,False,True,False,False,False,True,False,False,False,False,False,False,False,False,False,True
0,26.718720029222958,0.2970120741540391,1,25.70486335306998,0,0,False,False,True,False,False,False,True,False,False,False,True,False,False,False,False,False,False
0,23.104977818643324,0.3414082272891462,1,21.78302091079197,0,1,False,False,True,False,False,False,True,False,False,False,False,False,False,False,False,False,True
0,18.804786624686805,0.40515628548184346,1,15.558920271021378,0,0,False,False,True,False,False,False,True,False,False,False,False,False,False,False,True,False,False
0,19.706344156134087,0.4004036085220486,3,18.726718879718362,0,1,True,False,False,False,True,False,False,False,False,False,False,False,False,False,True,False,False
0,11.597413504743205,0.3673434691007311,0,7.849203781276165,0,1,True,False,False,False,False,False,True,False,False,False,False,False,False,False,True,False,False
0,10.653168542738824,0.6361245180567497,1,9.124143795447326,0,0,False,False,False,False,False,False,True,False,False,False,True,False,False,False,False,False,False
0,21.384573879317774,0.2090032294386327,0,16.868017073740468,0,0,False,False,True,False,False,False,True,False,False,False,True,False,False,False,False,False,False
0,18.26608879864543,0.3981283098648094,1,16.32727778902533,0,1,False,False,True,False,False,False,True,False,False,False,False,False,False,False,False,False,True
0,12.839003076563223,0.602618033953598,1,10.829589096544705,0,0,False,False,True,False,False,False,True,False,False,False,False,False,False,False,False,False,True
0,10.791200118615166,0.39941222409916244,0,7.156116265125934,1,0,False,False,False,False,False,False,True,False,False,False,False,False,False,False,False,False,True
0,17.0,0.46218133439179415,1,12.010412149464313,0,0,False,False,True,False,False,False,True,False,False,False,True,False,False,False,False,False,False
0,19.662146373170955,0.2855546707696085,0,15.505160431288676,0,0,True,False,False,False,False,False,True,False,False,False,False,False,False,False,False,False,True
0,18.811166896287954,0.3007768603806197,0,14.724808997063418,0,0,True,False,False,False,False,False,True,False,False,False,False,False,False,False,True,False,False
0,13.507405376311175,0.34171030602420704,0,11.485643212288986,0,0,False,False,False,False,False,False,True,False,False,False,False,False,False,False,False,False,False
0,13.396268137059666,0.351793476544509,1,9.308598175880196,1,0,False,False,True,False,False,False,True,False,False,False,False,False,False,False,True,False,False
0,12.306908628896213,0.48393010729216973,0,4.716990566028302,0,1,False,False,True,False,True,False,False,False,False,False,False,False,False,False,False,False,True
0,24.48060456769808,0.22515800630841043,0,21.42545215392198,0,0,True,False,False,False,False,False,True,False,False,False,False,False,False,False,False,False,True
0,8.549268974596597,0.8298078103745878,1,7.8434686204510236,0,0,False,False,False,False,False,False,True,False,False,False,False,False,False,False,False,False,True
0,9.774456506629921,0.22733133914400616,0,4.492215489043237,0,1,False,False,True,False,False,False,True,False,False,False,False,False,False,False,False,False,True
0,11.416216536138405,0.6471436986113344,1,9.924716620639607,0,0,False,False,True,False,True,False,False,False,False,False,True,False,False,False,False,False,False
0,9.124143795447324,0.6656079419865669,0,6.660330322138684,0,1,False,False,True,False,True,False,False,False,False,False,True,False,False,False,False,False,False
0,17.18138527593163,0.2034494209501263,0,13.148383931114882,0,1,True,False,False,False,False,False,True,False,False,False,False,False,False,False,True,False,False
1,8.041144197189855,0.9146573432975906,0,6.328506932918699,0,1,True,False,False,False,False,False,True,False,False,False,False,False,False,False,True,False,False
0,4.539823785126467,1.4434339253005048,1,1.4317821063276368,1,0,False,False,False,False,False,False,True,False,False,False,False,False,False,False,False,False,False
1,10.456098698845572,0.19465358135937305,0,5.8694122363316765,0,0,False,False,True,False,False,False,True,False,False,False,True,False,False,False,False,False,False
0,13.138112497615472,0.5897393517241138,1,11.903780911962375,1,0,False,False,False,False,False,False,True,False,False,False,False,False,False,False,True,False,False
0,33.91577803913688,0.23402126895050507,2,31.325389063824893,0,0,False,False,True,False,False,False,True,False,False,False,False,False,False,False,True,False,False
0,19.720547659738056,0.3998644211605725,0,16.21110730332756,0,1,False,False,True,False,True,False,False,False,False,False,True,False,False,False,False,False,False
0,9.099999999999998,0.39686179592304915,1,5.5901699437494745,0,0,False,False,True,False,False,False,False,False,True,False,True,False,False,False,False,False,False
0,29.912539176739916,0.2444537906441066,1,27.637836384203453,0,0,False,False,True,False,False,False,True,False,False,False,False,True,False,False,False,False,False
0,15.9699718221417,0.1981677604685954,1,12.04200979903272,0,0,True,False,False,False,False,False,True,False,False,False,False,False,False,False,False,False,True
0,26.977953962448666,0.29049888849869476,1,22.78991004808926,0,0,False,False,True,False,False,False,True,False,False,False,False,False,False,False,True,False,False
0,11.67261752992875,0.338988087893515,0,10.176934705499486,0,0,False,False,False,False,False,False,True,False,False,False,False,False,False,False,False,False,False
0,8.850988645343527,0.5427280945202764,0,5.269724850502161,0,1,False,False,True,False,False,False,False,False,True,False,False,False,False,False,False,False,False
0,22.498444390668432,0.3199256271538518,3,20.390193721492693,0,1,True,False,False,False,True,False,False,False,False,False,False,False,False,False,False,False,False
0,32.34439673266453,0.18876386458605976,0,31.109644806715483,0,0,False,False,True,False,False,False,True,False,False,False,False,False,False,False,False,False,False
0,12.666885963013952,0.4444998236401928,3,9.783659846908,0,1,False,False,True,False,True,False,False,False,False,False,False,False,False,False,False,False,False
0,13.18483977907961,0.24819600188264546,0,9.972462083156799,0,1,False,False,True,False,False,False,True,False,False,False,False,False,False,False,False,False,False
0,9.381364506296512,0.7265733805149515,0,3.5355339059327306,0,0,False,False,True,False,False,True,False,False,False,False,False,False,False,False,True,False,False
0,20.220039564748635,0.3902549152557798,3,13.27742444904131,0,1,True,False,False,False,True,False,False,False,False,False,False,False,False,False,False,False,False
0,10.893117092916981,0.551828878558704,0,8.700574693662485,1,0,False,False,False,False,False,False,True,False,False,False,False,False,False,True,False,False,False
0,10.187246929372039,0.44997622738465715,0,8.300602387778852,0,1,False,False,True,False,False,False,False,False,True,False,False,False,False,False,False,False,False
0,29.31433096626972,0.25784602942461693,4,24.923884127479003,0,0,False,False,True,False,False,False,True,False,False,False,False,False,False,False,False,False,False
0,20.503902067655318,0.3852636868112944,2,19.20026041490063,0,1,False,False,True,False,False,False,False,False,True,False,False,False,False,False,False,False,False
0,16.497575579460147,0.465878007398561,1,14.629422408283924,0,0,False,False,True,False,True,False,False,False,False,False,False,False,False,False,False,False,False
0,5.830951894845301,0.9272952180016123,0,3.1764760348537155,0,0,False,False,False,False,False,False,True,False,False,False,False,False,False,False,True,False,False
0,21.044714300745447,0.3716868911328607,1,16.23637890664048,0,0,True,False,False,False,False,False,True,False,False,False,False,False,True,False,False,False,False
0,3.9698866482558377,1.5823342763123576,0,2.5553864678361164,1,0,False,False,False,False,False,False,True,False,False,False,False,False,False,False,False,False,False
0,4.2953463189829035,1.4022711850026912,1,3.7336309405188928,0,0,False,False,False,False,False,False,True,False,False,False,False,False,False,False,False,False,False
0,23.577319610167734,0.2537235914471542,0,21.936727194365158,0,0,False,False,True,False,False,False,True,False,False,False,False,False,False,False,False,False,True
0,6.449806198638836,1.051650212548374,0,4.522167621838005,1,0,False,False,False,False,False,False,True,False,False,False,False,False,False,False,True,False,False
0,26.852187992787478,0.27641035085136373,1,23.156208670678367,0,0,False,False,True,False,False,False,True,False,False,False,False,False,False,False,False,False,True
0,12.89961239727768,0.5372847143007717,2,11.237882362794155,1,0,False,False,False,False,False,False,True,False,False,False,False,False,False,False,False,False,False
0,9.808159868191387,0.7532342272128334,0,9.995999199679845,1,0,False,False,False,False,False,False,True,False,False,False,False,False,False,False,False,False,False
0,6.000833275470998,1.1439804936308673,0,4.346262762420144,1,0,False,False,False,False,False,False,True,False,False,False,False,False,False,False,False,False,False
0,8.68331733843696,0.741489671942677,0,7.5073297516493795,1,0,False,False,False,False,False,False,True,False,False,False,True,False,False,False,False,False,False
0,19.94843352245985,0.23637266232979104,1,17.425555945220225,0,1,True,False,False,False,False,False,False,False,True,False,False,False,False,False,True,False,False
0,22.945587811167538,0.1539149828431512,0,19.051771571168917,0,1,False,False,True,False,False,False,True,False,False,False,False,False,False,False,True,False,False
0,32.61931942882929,0.20983794666763672,0,29.91320778519081,1,0,True,False,False,False,False,False,True,False,False,False,False,False,False,False,False,False,True
0,30.00416637735499,0.23188474547259852,0,27.21543679605381,0,0,False,False,True,False,False,False,True,False,False,False,False,False,False,False,False,False,False
0,10.999999999999995,0.4659307100567025,1,6.014149981501953,0,1,False,False,True,False,False,False,True,False,False,False,False,False,False,False,False,True,False
0,15.761345120261783,0.39463835652054263,1,12.720062892926268,0,0,False,False,True,False,False,False,True,False,False,False,False,False,False,False,True,False,False
0,14.173919711921608,0.522169536628898,0,11.289375536317324,0,0,False,False,False,False,False,False,True,False,False,False,True,False,False,False,False,False,False
0,26.90074348414928,0.1931389932791039,0,24.724279564832624,0,0,False,False,True,False,False,False,True,False,False,False,True,False,False,False,False,False,False
0,31.132780152116194,0.22283038668735622,1,29.00275848949545,0,1,False,False,True,False,True,False,False,False,False,False,False,False,False,False,True,False,False
0,6.912307863514186,1.035606040708466,0,6.514598989960935,1,0,False,False,False,False,False,False,True,False,False,False,False,False,False,False,False,False,False
0,18.531055015837598,0.2534408822433224,0,13.120975573485381,1,1,True,False,False,False,False,False,True,False,False,False,False,False,False,False,False,False,True
0,30.372685096974877,0.2513795293729636,1,28.35207223467095,0,0,False,False,True,False,False,False,True,False,False,False,False,False,False,False,False,False,True
0,24.424782496472712,0.24442335083087996,0,20.254875956174104,1,0,True,False,False,False,False,False,True,False,False,False,False,True,False,False,False,False,False
0,14.000357138301863,0.2812173895511092,0,9.141662868428256,1,0,False,False,True,False,False,False,True,False,False,False,False,False,False,False,False,False,True
0,26.20934947685654,0.30279575603594894,2,21.623135757794252,0,0,False,False,True,False,True,False,False,False,False,False,False,False,False,False,True,False,False
0,27.54087870784082,0.28805544705062586,2,26.754065111679758,0,1,False,False,True,False,True,False,False,False,False,False,True,False,False,False,False,False,False
0,15.947727110782903,0.28722093621208156,0,11.84060809249255,1,0,True,False,False,False,False,False,True,False,False,False,False,True,False,False,False,False,False
0,7.2367119605522445,1.0012583514908604,1,1.216552506059632,0,0,False,False,False,False,False,False,True,False,False,False,False,False,False,False,False,False,False
0,27.684833393033085,0.2564675592221203,0,25.671969149249144,0,1,False,False,True,False,False,False,True,False,False,False,True,False,False,False,False,False,False
0,32.940097146183405,0.19504694229634,0,26.940118782217723,0,0,True,False,False,False,False,False,True,False,False,False,False,True,False,False,False,False,False
1,14.447491131680959,0.48838326720576053,0,7.70259696466069,0,1,False,False,True,False,False,False,True,False,False,False,False,False,False,False,False,False,True
1,11.039021695784461,0.5156395742159647,1,9.121951545584972,0,0,False,False,False,False,False,False,True,False,False,False,False,False,False,False,False,False,False
0,8.429116205154614,0.8844593563593924,1,6.7475921631349385,0,1,False,False,True,False,True,False,False,False,False,False,True,False,False,False,False,False,False
0,15.041608956491327,0.2920021458482611,1,8.376156636548778,0,0,True,False,False,False,True,False,False,False,False,False,False,False,False,False,False,False,True
0,14.120906486483086,0.45444541477030514,1,10.68316432523623,1,1,False,False,True,False,True,False,False,False,False,False,False,False,False,False,False,False,True
0,34.9665554494577,0.19952067413760866,0,33.4430859820083,0,0,False,False,True,False,False,False,True,False,False,False,False,False,False,False,True,False,False
0,18.278949641595936,0.4124698052192899,0,12.870508925446579,0,0,True,False,False,False,False,False,True,False,False,False,False,False,False,False,False,False,True
0,6.818357573492311,1.0599442382868218,0,4.866210024238573,0,0,False,True,False,False,False,False,True,False,False,False,False,False,False,False,True,False,False
0,18.46212338816963,0.3031214780172189,0,14.921461054467825,0,0,False,False,True,False,False,False,True,False,False,False,False,False,False,False,True,False,False
1,9.9849887330933,0.7577808775159056,0,8.881441324469817,1,0,False,False,False,False,False,False,True,False,False,False,True,False,False,False,False,False,False
0,12.955693729013516,0.5969154274319408,0,10.41729331448434,1,0,False,False,False,False,False,False,True,False,False,False,True,False,False,False,False,False,False
1,13.301503674397118,0.5451668335070727,1,10.183319694480774,0,1,False,False,True,False,False,False,True,False,False,False,False,False,False,False,True,False,False
0,27.41477703721115,0.26142467441208544,1,25.090635703385434,0,1,True,False,False,False,False,False,True,False,False,False,True,False,False,False,False,False,False
0,9.513148795220223,0.7953646108036554,1,7.700649323271385,1,0,False,False,False,False,False,False,True,False,False,False,False,False,False,False,False,False,True
0,22.970633426181358,0.343834674111946,1,17.492855684535908,0,0,True,False,False,False,False,False,True,False,False,True,False,False,False,False,False,False,False
0,29.464045886469833,0.25968769214746557,0,25.58769235394235,0,0,False,False,True,False,False,False,True,False,False,False,False,False,False,True,False,False,False
0,14.284257068535279,0.40942707688993496,1,11.10180165558726,0,0,False,False,True,False,False,False,True,False,False,False,False,False,True,False,False,False,False
0,9.044335243676004,0.8076827353247321,1,7.702596964660674,0,1,False,False,True,False,True,False,False,False,False,False,False,False,False,False,False,False,True
0,14.484474446799922,0.5178114470376861,3,13.631214179228497,0,0,False,False,True,False,True,False,False,False,False,False,False,False,False,False,False,False,False
0,11.014535850411486,0.6300597381267841,0,9.437160589923222,0,1,False,False,True,False,False,False,False,False,True,False,False,False,False,False,False,True,False
0,22.225210910135363,0.2459826788537559,1,19.304144632694815,1,0,True,False,False,False,False,False,True,False,False,False,False,False,False,False,True,False,False
0,13.641847382227962,0.524448090696173,2,11.73413822996815,0,0,True,False,False,False,False,False,True,False,False,False,False,False,False,False,False,False,True
0,20.523644900455665,0.289721644676625,1,17.822738285684377,0,0,True,False,False,False,False,False,True,False,False,False,False,False,False,False,True,False,False
0,12.780062597655776,0.39601946644897124,1,9.00277734924063,0,0,False,False,True,False,False,False,True,False,False,False,True,False,False,False,False,False,False
0,22.398660674245686,0.3461897236381217,1,20.97736875778276,0,1,False,False,True,False,False,False,True,False,False,False,False,True,False,False,False,False,False
0,20.181674856165927,0.23865497001809766,1,16.964963896218585,0,0,False,False,True,False,False,False,True,False,False,False,False,False,False,False,False,False,True
0,15.799050604387588,0.49065026680977486,1,14.513442045221376,0,0,False,False,True,False,False,False,True,False,False,False,False,False,False,False,True,False,False
0,10.678014796768176,0.628213698577326,0,9.602083107326253,0,0,False,False,False,False,False,False,True,False,False,False,False,False,False,False,False,False,True
0,13.961733416735903,0.35140702407172,0,10.131633629380799,0,1,False,False,True,False,False,False,False,False,True,False,False,True,False,False,False,False,False
1,11.670903992407785,0.6319152462520434,0,7.905694150420948,0,1,True,False,False,False,True,False,False,False,False,False,False,False,False,False,False,False,True
0,7.810889834071409,0.9207331735796478,0,6.0,1,1,True,False,False,False,True,False,False,False,False,False,False,False,False,False,True,False,False
0,19.557607215607945,0.4024193996959108,2,18.828967045486063,0,1,False,False,True,False,True,False,False,False,False,False,False,False,False,False,False,False,False
0,8.860022573334673,0.8156449484947624,0,7.495331880577401,1,0,False,False,False,False,False,False,True,False,False,False,True,False,False,False,False,False,False
0,25.57596527992639,0.27144384650093417,0,23.690715480964275,0,0,False,False,True,False,False,False,True,False,False,False,False,False,False,False,False,False,True
0,22.386156436512277,0.343637520571276,1,21.03188056261256,0,1,False,False,True,False,False,False,True,False,False,False,False,False,False,False,True,False,False
0,23.4104677441524,0.2685169159422456,1,20.251419703319566,0,0,False,False,True,False,False,False,True,False,False,False,False,False,False,False,False,False,True
0,16.377118183612154,0.4721594529542486,2,14.378456106272326,0,1,False,False,True,False,False,False,True,False,False,False,False,True,False,False,False,False,False
0,17.00646935727696,0.45951055144600994,1,15.52063143045411,0,0,True,False,False,False,False,False,True,False,False,False,False,False,False,False,False,False,True
0,12.491997438360285,0.5930932895169148,0,10.785638599545228,0,0,False,False,False,False,False,False,True,False,False,False,True,False,False,False,False,False,False
0,8.276472678623424,0.851966327173272,0,7.05761999543755,1,0,False,False,False,False,False,False,True,False,False,False,True,False,False,False,False,False,False
0,23.40534127074417,0.3384602627207871,0,19.942417105255828,0,0,False,False,True,False,False,False,True,False,False,False,False,False,False,False,False,False,True
0,8.668333173107731,0.843163998391165,0,5.578530272392532,1,0,False,False,False,False,False,False,True,False,False,False,False,True,False,False,False,False,False
0,26.911893281595777,0.24356623468757715,1,23.630488780387083,0,0,False,False,True,False,False,False,True,False,False,False,False,True,False,False,False,False,False
0,20.028230076569425,0.11785289852664271,0,15.976545308670463,0,0,False,False,True,False,False,False,True,False,False,False,False,False,False,False,False,False,False
0,9.716995420396168,0.737179986346754,1,8.54400374531753,1,0,False,False,False,False,False,False,True,False,False,False,False,False,True,False,False,False,False
0,11.225417586887355,0.35514966622573807,1,7.889233169326405,0,1,False,False,True,False,False,False,False,False,True,False,False,False,False,False,False,False,False
0,9.920181449953427,0.6542279140513847,0,7.468600939935137,0,1,False,False,True,False,False,False,False,False,True,False,False,False,False,False,False,False,True
0,25.701750913118744,0.3087659709494388,3,24.90080319989699,0,1,False,False,True,False,True,False,False,False,False,False,False,False,False,False,False,False,False
0,30.536044275577026,0.2553112019359579,1,29.498474536829868,0,0,True,False,False,False,False,False,True,False,False,False,True,False,False,False,False,False,False
0,15.845504094221802,0.493342511894714,0,13.303383028387927,1,0,False,False,False,False,False,False,True,False,False,False,True,False,False,False,False,False,False
0,27.26242835845699,0.2866915569101858,1,24.9098374141623,0,0,False,False,True,False,False,False,True,False,False,False,False,False,False,False,True,False,False
0,6.103277807866851,1.082462375738491,1,3.4999999999999987,1,0,False,False,False,False,False,False,True,False,False,False,False,False,False,False,False,False,False
0,11.49782588144385,0.47119204747669863,2,8.072174428244224,0,1,False,False,True,False,False,False,True,False,False,False,True,False,False,False,False,False,False
0,20.902870616257474,0.2899762347345899,1,17.415510328439993,0,0,False,False,True,False,False,False,True,False,False,False,True,False,False,False,False,False,False
0,16.954645381133748,0.45259489724198226,1,14.046351839534708,0,0,False,False,False,False,False,False,True,False,False,False,False,False,False,False,False,False,False
0,20.817300497422806,0.3760700546188676,1,17.37872262279365,0,1,False,False,True,False,False,False,True,False,False,False,False,False,False,False,False,False,True
0,22.772790781983655,0.34531601237276965,2,19.921847303902315,0,0,False,False,True,False,False,False,True,False,False,False,False,False,False,False,False,False,True
0,9.752948272189293,0.7600018622038386,0,8.515867542417514,1,0,False,False,False,False,False,False,True,False,False,False,True,False,False,False,False,False,False
0,18.741664813991314,0.3008029543196802,0,14.782760229402362,0,1,True,False,False,False,False,False,True,False,False,True,False,False,False,False,False,False,False
0,19.276929216034382,0.3808941994702725,4,17.993887851156572,0,0,False,False,False,False,False,False,True,False,False,False,False,False,False,False,False,False,False
1,17.321951391226108,0.36824678212897005,1,14.903019828209324,0,1,False,False,True,False,True,False,False,False,False,False,False,False,False,False,False,False,True
0,17.867568385205637,0.26531706568093083,0,14.480676779764126,0,0,False,False,True,False,False,False,True,False,False,False,False,False,False,False,True,False,False
0,24.412496799794983,0.24206768185643124,1,22.203152929257598,0,0,True,False,False,False,False,False,True,False,False,False,False,False,False,False,False,False,False
0,14.313629868066313,0.5414777009337979,1,8.757282683572573,0,1,False,False,True,False,False,False,True,False,False,False,True,False,False,False,False,False,False
0,22.703523955544878,0.2866096074074847,2,20.256603861457133,0,1,False,False,True,False,True,False,False,False,False,False,False,False,False,False,False,False,True
0,25.566579747787934,0.28555467076960855,1,23.36172082702814,0,0,True,False,False,False,False,False,True,False,False,False,False,False,False,False,True,False,False
0,19.722322378462437,0.37590295935826196,0,16.41371377842321,0,0,True,False,False,False,True,False,False,False,False,False,False,False,False,False,False,False,True
0,22.517770760001984,0.3499151023925326,0,20.640978658968677,1,1,False,False,True,False,False,False,True,False,False,False,False,False,False,False,False,False,True
1,11.1610931364271,0.67666994784974,0,4.903060268852516,0,0,False,False,True,False,False,False,True,False,False,False,False,False,False,False,True,False,False
0,17.8,0.4022731921771866,1,15.534799644668741,1,0,False,False,True,False,False,False,True,False,False,False,False,False,False,False,False,False,True
0,24.917664417035557,0.30735456292459556,5,24.12985702402731,0,0,True,False,False,False,False,False,True,False,False,False,True,False,False,False,False,False,False
1,12.986531484580473,0.5346677148917172,0,9.660227740586652,0,0,False,False,False,False,False,False,True,False,False,False,True,False,False,False,False,False,False
0,20.34821859524809,0.30015752431843423,2,16.760071598892413,0,1,True,False,False,False,True,False,False,False,False,False,True,False,False,False,False,False,False
0,14.44506836259351,0.26362378414802834,0,9.310746479203479,0,1,False,False,True,False,True,False,False,False,False,False,True,False,False,False,False,False,False
0,22.896506283710618,0.34456240074539035,4,21.298356744124643,0,0,True,False,False,False,False,False,True,False,False,False,True,False,False,False,False,False,False
1,8.200609733428365,0.907593334088803,0,5.800862004909267,1,0,True,False,False,False,False,False,True,False,False,False,True,False,False,False,False,False,False
0,23.11060362690685,0.28394974776986015,1,20.17176244159147,1,0,True,False,False,False,False,False,True,False,False,False,True,False,False,False,False,False,False
0,14.743473132203277,0.3469036889847251,1,11.381124724736123,0,1,True,False,False,False,False,False,False,False,True,False,True,False,False,False,False,False,False
0,12.044085685513865,0.5769795981719575,1,9.616652224137049,0,1,False,False,True,False,False,False,True,False,False,False,True,False,False,False,False,False,False
0,26.078343505675353,0.3013407701209567,3,23.988330496305903,0,0,True,False,False,False,False,False,True,False,False,False,False,False,False,False,False,False,False
0,11.486513831445988,0.4775565379546606,1,9.219544457292884,1,0,False,False,False,False,False,False,True,False,False,False,False,False,False,False,False,False,False
0,22.44370735863396,0.35211215121770323,0,19.524343778985255,1,1,True,False,False,False,False,False,True,False,False,False,False,False,True,False,False,False,False
0,23.454637068179085,0.33710507751506996,1,19.106543381784167,1,0,True,False,False,False,False,False,True,False,False,False,False,False,False,False,True,False,False
0,24.62376900476448,0.2996745770846502,2,22.005681084665387,0,0,False,False,True,False,False,False,True,False,False,False,False,False,False,False,False,False,False
0,22.852789764052883,0.3118516536197259,0,19.724603925047518,0,0,False,False,True,False,False,False,True,False,False,False,False,False,False,False,False,False,True
0,13.200378782444085,0.4879873706636281,2,11.34636505670428,0,1,False,False,True,False,False,False,True,False,False,False,False,False,False,False,True,False,False
0,12.041594578792292,0.6317398893567845,0,9.420191080864546,0,0,False,False,False,True,False,False,False,False,False,False,True,False,False,False,False,False,False
1,10.640488710580914,0.5879076503123215,0,7.738862965578339,0,0,False,False,False,False,False,False,True,False,False,False,False,False,False,False,False,False,True
0,8.077747210701762,0.842301720606871,0,6.296824596572472,0,0,False,False,False,False,False,False,True,False,False,False,False,False,False,False,False,False,True
0,8.471717653463205,0.8780813599110885,2,8.174350127074332,1,0,False,False,False,False,False,False,True,False,False,False,False,False,False,False,False,False,False
0,17.373830895919298,0.3926902824543263,1,13.148764200486678,0,0,False,False,True,False,False,False,True,False,False,False,False,True,False,False,False,False,False
0,31.80251562376787,0.21828597531757077,0,28.317662332897463,0,0,False,False,True,False,False,False,True,False,False,False,False,False,False,False,False,False,True
0,15.666843970627903,0.46251382263855056,0,11.423221962301183,0,0,False,False,True,False,False,False,True,False,False,False,False,False,False,False,False,False,True
0,17.55477143115227,0.35647692410554976,0,13.648443134658246,0,0,False,False,True,False,False,False,True,False,False,False,False,False,False,False,True,False,False
0,16.867127793433003,0.3617468519593988,0,9.935793878699382,0,0,False,False,True,False,True,False,False,False,False,False,True,False,False,False,False,False,False
0,22.871160880025307,0.3270125136623522,0,18.183783984638623,1,0,True,False,False,False,False,False,True,False,False,False,False,False,False,False,False,False,True
0,20.988091861815356,0.368672610009214,2,17.850770291502826,0,0,True,False,False,False,False,False,True,False,False,False,False,False,False,False,True,False,False
0,18.260887163552592,0.27274929972028517,1,14.557815770231468,0,1,False,False,True,False,False,False,True,False,False,False,False,False,False,False,True,False,False
0,24.475497952033578,0.30319246152205526,0,23.464441182350793,1,0,False,False,True,False,True,False,False,False,False,False,False,False,False,False,True,False,False
0,23.325951213187427,0.2844411371510709,2,20.91219739769113,0,1,False,False,True,False,False,False,True,False,False,False,False,False,False,False,False,False,False
0,29.00275848949544,0.27408181641226154,1,26.70917445373406,0,0,True,False,False,False,False,False,True,False,False,False,False,False,False,False,False,False,False
0,12.343824366864585,0.5771970041147815,0,9.962429422585638,0,0,False,False,False,True,False,False,False,False,False,False,False,False,False,False,False,False,True
1,6.008327554319923,1.1556282224188883,0,3.6235341863986883,0,1,False,False,True,False,False,False,True,False,False,False,False,False,False,False,False,False,True
0,14.480676779764126,0.34862176160988034,0,10.11187420807834,0,0,True,False,False,False,False,False,True,False,False,False,False,False,False,False,False,False,True
0,8.91852005660132,0.327687719578974,0,4.100000000000001,0,1,False,False,True,False,False,False,False,False,True,True,False,False,False,False,False,False,False
0,15.476756766196209,0.4558692296069522,1,11.046266337545921,0,0,False,False,True,False,False,False,True,False,False,False,False,False,False,False,False,False,True
0,6.9202601107183845,0.9436371208522598,0,3.478505426185215,1,1,False,False,True,False,False,False,True,False,False,False,False,False,False,False,False,False,False
0,23.02433495239331,0.2931761335841268,1,19.636700333813728,0,0,False,False,True,False,False,False,True,False,False,False,False,False,False,False,True,False,False
0,13.612494260788507,0.5405063586044229,0,11.531695452100703,0,0,False,False,True,False,True,False,False,False,False,False,False,False,False,False,True,False,False
0,4.981967482832466,1.2952927967508285,1,1.9646882704388555,0,1,True,False,False,False,False,False,False,False,True,False,True,False,False,False,False,False,False
1,11.011357772772623,0.6827992493452687,0,5.288667128870949,0,0,False,False,True,False,True,False,False,False,False,False,False,False,False,True,False,False,False
0,17.658992043715294,0.4353532751523023,0,14.204224723651762,0,1,True,False,False,False,False,False,True,False,False,False,True,False,False,False,False,False,False
0,6.648308055437863,0.9373704438257521,0,4.272001872658763,0,1,False,False,True,False,True,False,False,False,False,True,False,False,False,False,False,False,False
0,26.38787600395302,0.2924058882394844,1,24.742069436488123,0,0,True,False,False,False,False,False,True,False,False,False,False,False,False,False,True,False,False
0,17.93878479719293,0.3829846867843835,2,15.332318807016767,0,0,False,False,True,False,False,False,True,False,False,False,True,False,False,False,False,False,False
1,7.305477397131557,0.9756789227718242,0,5.727128425310544,0,1,True,False,False,False,True,False,False,False,False,False,False,False,False,False,False,False,True
0,16.160445538412606,0.30358147994307505,0,11.593532679903914,0,0,True,False,False,False,False,False,True,False,False,True,False,False,False,False,False,False,False
0,13.4892549831338,0.5597899971501178,2,12.238463955905576,0,0,False,False,False,False,False,False,True,False,False,True,False,False,False,False,False,False,False
1,5.769748694700666,1.1768931091925463,0,3.982461550347982,0,1,True,False,False,False,True,False,False,False,False,False,False,False,False,False,True,False,False
0,18.92141643746578,0.4162476719491074,1,16.957889019568448,0,0,False,False,True,False,True,False,False,False,False,False,False,False,False,False,False,False,True
0,7.596051605933173,0.38298468678438313,0,5.41202365109392,0,0,False,False,False,False,False,False,True,False,False,False,False,False,False,False,False,False,True
0,12.503599481749246,0.6191026820224719,1,10.30048542545447,0,0,True,False,False,False,False,False,True,False,False,False,False,False,False,False,False,False,True
0,31.485393438863042,0.2280871666047462,0,27.444853798116682,0,1,True,False,False,False,True,False,False,False,False,False,False,False,False,False,False,False,True
0,30.87555667514353,0.24986780278832965,3,29.62870230030333,0,1,True,False,False,False,False,False,False,False,True,False,True,False,False,False,False,False,False
0,31.862831010442246,0.22813450703755572,0,29.40017006753532,0,1,True,False,False,False,True,False,False,False,False,False,False,False,False,False,False,False,True
0,21.904565734111234,0.3166904393657369,0,19.425756098540926,0,1,True,False,False,False,False,False,True,False,False,False,False,False,False,False,False,False,True
0,23.084626919229176,0.29877079999516787,2,19.498974332000135,0,0,True,False,False,False,False,False,True,False,False,False,False,False,False,False,False,False,True
0,20.706762180505187,0.3459904582610255,0,18.6815416922694,0,0,False,False,True,False,False,False,True,False,False,False,False,False,False,True,False,False,False
0,18.890473789717404,0.3571782124737222,0,16.058953888718914,0,1,False,False,True,False,False,False,False,False,True,False,False,False,False,True,False,False,False
0,24.824383174612816,0.3192244861883483,1,23.005434140654682,1,0,False,False,True,False,False,False,True,False,False,False,False,False,False,False,True,False,False
0,12.649505919204913,0.6031974113848739,0,11.754573577973817,0,0,False,False,False,False,False,False,True,False,False,False,False,False,False,False,True,False,False
0,15.0,0.521204783494682,1,13.705838172107537,0,0,True,False,False,False,False,False,True,False,False,False,False,False,False,False,False,False,False
0,17.90027932742951,0.41795608433634723,2,15.875767697972906,0,0,False,False,True,False,False,False,True,False,False,False,False,False,False,False,False,False,False
0,23.099134182908237,0.22195202615401333,0,20.077101384413037,0,0,False,False,True,False,False,False,True,False,False,False,False,True,False,False,False,False,False
0,22.318154045529845,0.34857113350212326,5,21.587033144922902,0,0,False,False,True,False,False,False,True,False,False,False,True,False,False,False,False,False,False
0,19.070395905696344,0.4082748358821287,3,17.997777640586623,0,0,False,False,True,False,False,False,True,False,False,False,True,False,False,False,False,False,False
0,24.677520134729907,0.31679453063632235,3,23.77414562082095,0,0,False,False,True,False,True,False,False,False,False,False,True,False,False,False,False,False,False
1,18.94755920956576,0.3855127312329494,0,14.373586887064764,0,0,True,False,False,False,False,False,True,False,False,False,False,False,False,False,False,False,True
0,12.237646832622683,0.6225088585504024,1,9.908077512817515,0,1,False,False,True,False,False,False,True,False,False,False,False,False,False,False,False,False,True
0,29.35574901105403,0.2553672078806464,0,26.405491853021786,0,0,False,False,True,False,False,False,True,False,False,False,False,False,False,False,False,False,True
0,22.249719099350443,0.33431576254829065,0,19.428844535895593,0,0,False,False,True,False,False,False,True,False,False,False,False,False,False,False,False,False,True
0,17.741758650145147,0.4249492485580222,1,15.495160534825061,0,1,False,False,True,False,False,False,True,False,False,False,False,False,False,False,False,False,True
0,30.540792393125628,0.22062233446245466,1,28.23490747284291,0,1,False,False,True,False,True,False,False,False,False,False,False,False,False,False,False,False,True
1,11.386395390991831,0.5234941184169297,0,4.103656905736636,0,1,True,False,False,False,False,False,True,False,False,True,False,False,False,False,False,False,False
0,20.74078108461685,0.31202801279238157,1,18.020543831971327,0,1,False,False,True,False,False,False,False,False,True,False,False,False,False,False,True,False,False
0,17.839843048636947,0.24633270575324895,0,14.160508465447139,0,0,True,False,False,False,False,False,True,False,False,False,True,False,False,False,False,False,False
0,11.920151005754917,0.578832772003251,0,8.93196506934504,0,0,False,False,True,False,False,False,True,False,False,False,False,False,False,False,False,False,True
0,8.527602242131133,0.749620887043549,0,6.1400325732034915,1,0,False,False,False,False,False,False,True,False,False,False,False,False,False,False,False,False,False
0,21.27580785775243,0.3102612463163763,0,17.364331256918586,0,0,False,False,True,False,False,False,True,False,False,False,False,False,False,False,False,False,True
0,22.495555116511344,0.331726122691102,2,20.670026608594384,0,0,False,False,True,False,False,False,True,False,False,False,False,True,False,False,False,False,False
1,18.139735389470268,0.37049814040782447,0,15.074813431681338,0,1,False,False,True,False,False,False,False,False,True,False,False,False,False,False,True,False,False
0,28.100711734758605,0.27992072117349676,1,26.222509414623147,0,0,False,False,True,False,False,False,True,False,False,False,False,False,False,False,True,False,False
0,25.330811277967385,0.2989256748910063,1,21.883326986543885,0,0,False,False,True,False,False,False,True,False,False,True,False,False,False,False,False,False,False
0,15.983116091676237,0.3551136254210756,1,12.278843593759138,0,1,True,False,False,False,False,False,True,False,False,False,False,False,False,False,False,False,False
0,23.817010727629103,0.3325681244490316,0,21.42335174523351,0,0,True,False,False,False,False,False,True,False,False,False,False,False,False,False,False,False,True
0,27.160265094435285,0.237112423539368,1,24.62884487750085,0,1,False,False,True,False,True,False,False,False,False,False,True,False,False,False,False,False,False
0,30.200165562460086,0.26336490194233986,2,28.006427833624194,0,0,False,False,True,False,False,False,True,False,False,False,True,False,False,False,False,False,False
0,12.390722335683261,0.5774249213855944,0,8.486459803710853,0,0,False,False,True,False,False,False,True,False,False,False,False,False,False,False,False,False,True
0,25.496078129783022,0.2905666900713694,3,22.68325373485911,0,1,False,False,True,False,True,False,False,False,False,False,False,False,False,False,False,False,True
0,16.256075787224916,0.447635205158362,0,4.215447781671604,0,0,True,False,False,False,True,False,False,False,False,True,False,False,False,False,False,False,False
0,22.772790781983662,0.25534437328725634,0,20.039211561336444,0,1,True,False,False,False,True,False,False,False,False,False,False,False,False,False,True,False,False
0,13.242356285797475,0.2740511450024813,0,9.170605214488301,0,0,False,False,True,False,False,False,True,False,False,False,False,False,False,False,False,False,True
1,4.534313619501858,1.4046939062264383,1,1.8384776310850273,0,1,False,False,True,False,True,False,False,False,False,False,False,False,False,False,False,False,True
0,22.924222996647014,0.2841377393763838,2,19.69466932954193,0,0,False,False,True,False,False,False,True,False,False,False,False,False,False,False,False,False,False
0,17.07922714879101,0.44179717099693966,0,6.20966987850401,0,1,False,False,True,False,True,False,False,False,False,False,True,False,False,False,False,False,False
0,9.338094023943006,0.8019712315100654,1,7.343704787094859,0,0,False,False,False,False,False,False,True,False,False,False,False,False,False,False,False,False,True
1,11.377170122662315,0.668518032058735,1,9.786725703727475,0,0,False,False,False,True,False,False,False,False,False,False,True,False,False,False,False,False,False
1,4.512205669071396,1.4475603694086714,0,2.3409399821439267,0,0,False,False,False,False,False,False,True,False,False,False,True,False,False,False,False,False,False
0,26.128337107439503,0.24120231006838633,1,22.895414388038493,0,0,False,False,True,False,False,False,True,False,False,False,False,False,False,True,False,False,False
0,25.63298656028984,0.3092274185984466,1,20.371057900855316,0,1,False,False,True,False,False,False,True,False,False,False,False,False,False,False,True,False,False
0,15.147607071745682,0.514999173646986,0,11.036756769993621,0,0,False,False,True,False,False,False,True,False,False,False,False,False,False,False,False,False,True
0,10.135580891098451,0.6762576884798728,0,7.9158069708653285,0,0,False,False,False,False,False,False,True,False,False,True,False,False,False,False,False,False,False
0,21.06395024680793,0.3381498459021881,0,17.84656829757474,0,0,True,False,False,False,False,False,True,False,False,False,False,False,False,False,True,False,False
0,12.961867149450342,0.38048369237352686,0,8.29759001156359,0,1,True,False,False,False,False,False,False,False,True,False,False,False,False,False,False,False,True
0,9.167878707749137,0.25308752611078944,1,7.144928271158501,1,0,False,False,False,False,False,False,True,False,False,False,False,False,False,False,False,False,False
0,32.351352367404985,0.2243718008686275,1,29.993332592427944,0,0,True,False,False,False,False,False,True,False,False,False,False,True,False,False,False,False,False
1,23.063824487712356,0.20634721268956402,0,19.055970193091717,0,1,False,False,True,False,False,False,True,False,False,False,False,False,False,False,False,False,True
0,29.50423698386386,0.2694674721531202,1,24.900200802403187,0,0,False,False,True,False,False,False,True,False,False,False,False,False,False,False,False,False,True
0,24.865236777477108,0.24970797793282595,1,22.14610575247938,0,0,False,False,True,False,False,False,True,False,False,False,True,False,False,False,False,False,False
0,35.154089378051026,0.2100052656644018,1,32.643835558953555,0,1,False,False,True,False,False,False,True,False,False,False,False,False,False,False,False,False,False
0,9.413288479590973,0.8029188654664914,1,8.900561780022658,1,0,False,False,False,False,False,False,True,False,False,False,True,False,False,False,False,False,False
0,29.264654448668956,0.27022868719207105,0,23.721720005092372,0,0,False,False,True,False,False,False,True,False,False,False,False,False,False,False,False,False,True
0,9.441398201537734,0.45739357599088615,0,3.052867504494742,0,0,True,False,False,False,True,False,False,False,False,False,False,False,False,False,False,False,True
0,14.516542288024379,0.37921302619246844,0,7.919595949289337,0,0,True,False,False,False,False,False,True,False,False,False,False,False,False,False,False,False,True
0,9.749871794028879,0.7441993104742356,2,9.042676594902632,1,0,False,False,False,False,False,False,True,False,False,False,True,False,False,False,False,False,False
0,31.173225691288355,0.24916674177150608,2,29.162475889402813,0,0,True,False,False,False,False,False,True,False,False,False,True,False,False,False,False,False,False
0,7.247068372797379,0.9512122750946324,1,6.224146527838177,1,0,False,False,False,False,False,False,True,False,False,False,True,False,False,False,False,False,False
0,24.029981273400946,0.3295102690317982,2,21.951309755912067,0,1,True,False,False,False,True,False,False,False,False,False,False,False,False,True,False,False,False
0,6.935416353759886,1.0440745998971774,0,2.1000000000000085,0,1,True,False,False,False,True,False,False,False,False,False,False,False,False,True,False,False,False
0,16.311039206623228,0.478177315366088,3,11.921828718783035,0,1,False,False,True,False,True,False,False,False,False,False,False,False,False,True,False,False,False
0,8.430895563343196,0.8476261943814118,1,7.051950084905596,0,0,False,False,False,False,False,False,True,False,False,False,False,False,False,False,False,False,False
0,25.00179993520467,0.2837165622642111,1,22.541739063346462,0,0,True,False,False,False,False,False,True,False,False,False,False,False,False,False,False,False,True
0,4.808326112068517,1.3796794621687147,0,2.8160255680657413,0,0,False,True,False,False,False,False,True,False,False,False,False,False,False,False,False,False,True
0,12.870508925446579,0.5779121286682348,2,10.97724920005008,0,1,True,False,False,False,True,False,False,False,False,False,True,False,False,False,False,False,False
1,16.38932579455299,0.3769385032527827,2,14.901342221424215,0,1,True,False,False,False,False,False,True,False,False,False,True,False,False,False,False,False,False
0,23.558013498595336,0.3249865011565497,1,20.980228788075696,0,1,True,False,False,False,False,False,True,False,False,False,False,False,False,False,False,False,True
0,11.371895180663605,0.6333148005249274,0,10.124228365658293,0,0,False,False,False,False,False,False,True,False,False,False,True,False,False,False,False,False,False
1,11.783462988442746,0.6510767214444797,1,9.208691546577073,0,0,False,False,False,False,False,False,True,False,False,False,False,False,False,False,False,False,True
0,15.360013020827815,0.4207022319402344,0,6.296824596572467,1,0,True,False,False,False,False,False,True,False,False,False,True,False,False,False,False,False,False
1,16.05241414865689,0.4284963703709624,0,12.233151678941937,0,1,True,False,False,False,False,False,True,False,False,True,False,False,False,False,False,False,False
0,20.354115063052973,0.36457185274907866,2,17.61732102222128,0,1,False,False,True,False,False,False,True,False,False,False,False,False,False,False,True,False,False
1,6.4007812023221,1.0623153784390091,0,5.889821729050887,0,1,False,False,True,False,False,False,True,False,False,False,False,False,False,False,False,False,True
0,19.35406933954717,0.3876213742754925,0,16.50757401921918,0,1,False,False,True,False,False,False,False,False,True,False,False,False,False,False,True,False,False
1,12.856126943990555,0.6012403690958119,0,10.212247548899315,0,1,True,False,False,False,True,False,False,False,False,False,True,False,False,False,False,False,False
0,13.294359706281456,0.43349609463360383,1,10.677546534667972,0,1,False,False,True,False,False,False,False,False,True,False,True,False,False,False,False,False,False
0,3.9623225512317957,1.5804114150945976,0,2.1023796041628686,0,1,False,False,True,False,True,False,False,False,False,False,True,False,False,False,False,False,False
0,15.088074761214562,0.44447422902018735,3,12.349089035228472,0,0,True,False,False,False,True,False,False,False,False,False,False,False,False,False,False,False,True
0,19.80101007524616,0.28553311010058435,1,16.05272562526377,0,0,False,False,True,False,False,False,True,False,False,False,False,False,False,False,False,False,True
0,18.08535318980528,0.42928842523858124,1,14.749237268414934,1,0,False,False,False,False,False,False,True,False,False,False,False,False,False,False,False,False,True
0,24.200206610688262,0.28161201732053737,4,22.772132091659753,0,1,False,False,True,False,False,False,True,False,False,False,True,False,False,False,False,False,False
0,18.420097719610506,0.348870340509599,0,2.280350850198275,0,0,False,False,True,False,False,False,True,False,False,False,True,False,False,False,False,False,False
0,15.001333274079341,0.5211221521833872,0,12.10165277968261,1,0,False,False,False,False,False,False,True,False,False,False,False,False,False,False,True,False,False
0,18.225805880673693,0.34716514255012065,2,16.04244370412438,0,1,True,False,False,False,True,False,False,False,False,False,True,False,False,False,False,False,False
0,29.51694428629088,0.20115903730124585,0,26.53073689138694,0,0,False,False,True,False,False,False,True,False,False,False,True,False,False,False,False,False,False
0,9.033825324855464,0.7791870631445823,0,7.05761999543755,1,0,False,False,False,False,False,False,True,False,False,False,False,False,False,False,False,False,False
1,18.13422179196008,0.38397352152539155,0,14.822280526288784,0,0,True,False,False,False,False,False,True,False,False,False,True,False,False,False,False,False,False
0,20.255616505058544,0.3889693393795741,0,18.03995565404749,0,0,True,False,False,False,False,False,True,False,False,False,False,False,False,False,False,False,True
1,14.080127840328718,0.39881676889842055,0,3.4669871646719375,0,0,False,False,True,False,False,False,True,False,False,False,False,False,False,False,False,False,True
0,25.418890613085374,0.3027222067992394,1,22.29125389025928,0,0,True,False,False,False,False,False,True,False,False,False,False,False,False,False,False,False,False
0,22.588713996153032,0.2655071798976789,0,19.20963300013824,0,0,True,False,False,False,False,False,True,False,False,False,False,False,False,False,False,False,True
0,27.892651361962702,0.22499621893212784,0,24.43808503136037,0,1,True,False,False,False,True,False,False,False,False,False,False,False,False,False,False,False,True
0,11.601724009818545,0.5650907700546427,0,6.664833081180656,0,0,False,False,True,False,False,False,True,False,False,False,True,False,False,False,False,False,False
0,23.69155967850154,0.28541092096713166,2,20.30960363965777,1,0,True,False,False,False,False,False,True,False,False,False,False,False,False,False,False,False,False
0,16.97586522095413,0.33122134160794714,0,12.316655390161735,0,1,False,False,True,False,False,False,True,False,False,False,True,False,False,False,False,False,False
0,14.81114445274234,0.45382462575072,0,11.566330446602333,0,1,False,False,True,False,False,False,True,False,False,True,False,False,False,False,False,False,False
0,13.640014662748722,0.47382745860628656,0,6.735725647619572,0,0,True,False,False,False,False,False,True,False,False,False,False,False,False,False,True,False,False
0,19.646882704388506,0.3214261950178129,1,15.945532289641513,0,0,True,False,False,False,False,False,True,False,False,False,False,False,False,False,False,False,True
0,19.260581507316964,0.3540356931622224,2,16.30828010551695,0,0,False,False,True,False,False,False,True,False,False,False,False,False,False,False,False,False,True
0,17.799999999999997,0.44209412535003756,1,16.30030674557997,1,0,True,False,False,False,False,False,True,False,False,False,False,False,False,False,False,False,True
0,14.88388390172404,0.4273420849732289,1,12.0415945787923,0,0,True,False,False,False,False,False,True,False,False,False,False,False,False,False,False,False,True
0,13.926952286842942,0.5487403080681069,1,12.114866899805374,0,1,True,False,False,False,True,False,False,False,False,False,False,False,False,False,False,False,True
0,11.66061747936189,0.43123367612114705,0,4.123105625617662,0,0,False,False,True,False,False,False,True,False,False,False,False,False,False,False,False,False,True
0,26.24347537960627,0.2933431732238866,1,22.264770378335374,0,0,True,False,False,False,False,False,True,False,False,False,False,False,False,False,True,False,False
0,10.640488710580925,0.6836085638110939,1,6.937578828380981,0,1,False,False,True,False,False,False,True,False,False,False,False,True,False,False,False,False,False
0,17.86001119820477,0.19041671173343366,0,12.79531164137864,0,0,False,False,True,False,False,False,True,False,False,False,False,True,False,False,False,False,False
0,18.670297265978387,0.35264756987667895,0,14.860013458944103,0,0,False,False,True,False,False,False,True,False,False,False,False,False,False,False,True,False,False
0,26.658769664033635,0.21210862017169385,0,23.901882771028735,0,0,True,False,False,False,True,False,False,False,False,False,True,False,False,False,False,False,False
0,14.778700890132399,0.389993130562754,0,10.837435120913074,0,1,False,False,True,False,False,False,True,False,False,False,False,False,False,False,True,False,False
0,22.355536227073593,0.2755838112674377,0,20.321663317750343,0,0,False,False,True,False,False,False,True,False,False,False,False,False,False,False,False,False,True
0,17.808424972467385,0.4351754863139812,0,16.692812824685955,0,0,False,False,False,False,False,False,True,False,False,False,False,False,False,False,True,False,False
0,28.908476265621474,0.20870099328916802,0,27.170756338387054,0,0,False,False,True,False,False,False,True,False,False,False,False,False,False,False,True,False,False
0,20.66034849657672,0.36798093614498434,3,18.60107523773827,0,1,False,False,True,False,True,False,False,False,False,False,False,False,False,False,False,False,False
0,13.88524396616783,0.4398425828157362,0,11.542096863222044,0,1,True,False,False,False,True,False,False,False,False,False,False,False,False,False,False,False,True
0,18.172781845386243,0.3150052134641842,1,13.57645019878171,0,0,True,False,False,False,False,False,True,False,False,False,False,False,False,False,True,False,False
1,16.63550420035413,0.4134601854120584,0,11.764777940955785,0,0,True,False,False,False,False,False,True,False,False,True,False,False,False,False,False,False,False
0,19.289893727027117,0.36285742234665763,1,15.341773039645716,1,0,True,False,False,False,False,False,True,False,False,False,False,False,False,False,True,False,False
0,13.729530217745976,0.27569450054351263,1,10.107917688624093,1,0,False,False,False,False,False,False,True,False,False,False,False,False,False,False,False,False,False
0,25.191466809219342,0.2603568781609837,0,21.750632174720806,0,1,False,False,True,False,True,False,False,False,False,False,False,False,False,False,False,False,True
0,14.805404418657394,0.5275847325007674,0,11.842297074469966,0,1,True,False,False,False,False,False,False,False,False,False,False,False,False,False,False,False,True
0,22.571885167172013,0.349753374262577,2,20.479257799051222,0,0,False,False,True,False,False,False,True,False,False,False,False,False,False,False,False,False,True
0,23.527430798963152,0.3204440370665457,1,20.277327240048173,0,0,False,False,True,False,False,False,True,False,False,True,False,False,False,False,False,False,False
0,20.46851240320117,0.2225754221271612,0,17.172361514946047,0,1,False,False,True,False,False,False,True,False,False,False,False,False,False,False,False,False,True
0,6.928924880528005,0.5402816642962681,0,2.56320112359526,0,1,False,False,True,False,False,False,False,False,False,True,False,False,False,False,False,False,False
0,12.088010589009263,0.2060704676418117,0,8.829496021857647,0,0,False,False,False,False,False,False,True,False,False,False,False,False,False,False,False,False,False
0,39.30814165029937,0.004185362022726569,0,37.458910822393115,0,0,False,False,True,False,False,False,True,False,False,False,False,False,False,False,False,False,False
0,30.384206423732714,0.24539360086238649,1,26.116852796613916,0,0,False,False,True,False,False,False,True,False,False,False,False,False,False,False,False,False,True
0,36.168079849502654,0.21753291524228188,1,33.91666257166232,0,0,False,False,True,False,False,False,True,False,False,False,False,False,False,False,False,False,True
0,17.341568556506072,0.39168232918747764,0,14.475496537252187,1,0,True,False,False,False,True,False,False,False,False,False,False,False,False,False,False,False,True
0,12.812884140582872,0.33270410149900365,1,11.150784725749128,1,0,False,False,False,False,False,False,True,False,False,False,False,False,False,False,False,False,True
0,14.671059948074642,0.2665408161079581,0,4.753945729601883,0,0,False,False,True,False,True,False,False,False,False,False,False,False,False,False,False,False,True
0,15.877657257920633,0.44570081811152096,0,3.911521443121584,0,0,True,False,False,False,False,False,True,False,False,False,False,False,False,False,False,False,True
0,24.61320783644424,0.27623381937365765,4,22.63559144356516,0,0,False,False,True,False,False,False,True,False,False,False,True,False,False,False,False,False,False
0,9.078546139112808,0.6934039948323137,2,7.887331614684399,0,0,False,False,False,False,False,False,True,False,False,False,False,False,False,False,False,False,False
0,11.494781424629178,0.28164013810927724,1,6.762396025078686,0,0,False,False,True,False,True,False,False,False,False,False,False,False,False,False,False,False,False
0,27.972307734614958,0.24643634330721248,1,25.100199202396777,0,1,False,False,True,False,False,False,False,False,True,False,False,False,False,False,False,False,True
0,12.54830665866913,0.6153509195901042,1,11.02905254316979,0,1,True,False,False,False,True,False,False,False,False,False,False,False,False,False,True,False,False
0,32.984845004941285,0.2344156757238108,1,30.891584614583955,0,0,True,False,False,False,False,False,True,False,False,False,True,False,False,False,False,False,False
0,24.920072231034965,0.19580258175343013,1,22.762249449472257,0,0,False,False,True,False,False,False,True,False,False,False,True,False,False,False,False,False,False
0,16.48059464946578,0.3033191900040534,0,14.165097952361641,0,1,False,False,True,False,False,False,True,False,False,False,False,False,False,False,False,False,True
1,5.787054518492114,1.1924469782612106,0,5.234500931320954,0,1,False,False,True,False,False,False,False,False,True,False,False,False,False,False,False,False,True
0,16.063934760823706,0.34578231970349116,0,11.389907813498764,0,0,True,False,False,False,False,False,True,False,False,False,False,False,False,False,False,False,True
0,8.336066218546975,0.8867376233878239,0,7.532595834106593,1,0,False,False,False,False,False,False,True,False,False,False,False,False,False,False,False,False,False
0,26.723959287500797,0.2726266759170741,3,24.308229059312403,0,1,False,False,True,False,True,False,False,False,False,False,False,False,False,False,False,False,False
1,12.906200060436074,0.6008568893641559,1,11.30044246921333,0,0,False,False,True,False,False,False,False,False,True,False,False,False,False,False,True,False,False
0,34.83001579098121,0.22150982472233147,2,32.76980317304332,1,1,False,False,True,False,False,False,True,False,False,False,False,False,False,False,False,False,True
0,22.41985726984006,0.3455664951894588,1,20.88300744624683,0,1,False,False,True,False,False,False,True,False,False,False,False,False,False,False,False,False,True
0,24.712952069714376,0.27779769450018305,0,21.746264046957585,0,1,False,False,True,False,False,False,True,False,False,False,False,False,False,False,False,False,True
0,24.649746449000247,0.31869984889705194,0,18.5607111932706,0,0,True,False,False,False,False,False,True,False,False,False,False,False,False,False,False,False,True
0,28.50701668010878,0.2049517268234009,1,25.59882809817669,0,0,False,False,True,False,False,False,True,False,False,False,False,True,False,False,False,False,False
0,20.751144546747295,0.34286350133850807,1,18.782971010998228,0,0,False,False,True,False,False,False,True,False,False,False,False,False,False,False,False,False,True
0,28.092169727523714,0.21000576060922116,0,27.156214758320054,0,0,True,False,False,False,False,False,True,False,False,False,False,False,False,False,False,False,True
0,32.07319753314284,0.20409177404091705,2,29.22071183253413,1,0,False,False,True,False,False,False,True,False,False,False,True,False,False,False,False,False,False
0,29.124731758421394,0.2727524168361738,4,27.864852413031006,1,1,False,False,True,False,False,False,False,False,True,False,True,False,False,False,False,False,False
0,28.111385593741193,0.2816228967392579,0,25.52273496316569,0,0,False,False,True,False,False,False,True,False,False,False,False,False,False,False,True,False,False
1,12.420144926690675,0.5202047926820945,1,9.404786015641188,0,0,False,False,False,False,False,False,True,False,False,False,False,False,False,False,True,False,False
0,10.907795377618704,0.6256481122305233,1,10.377379245262262,0,0,False,False,False,False,False,False,True,False,False,False,True,False,False,False,False,False,False
0,9.98649087517733,0.4986937999477439,0,8.462860036654282,0,1,False,False,True,False,False,False,False,False,False,False,False,False,False,False,False,False,False
0,22.690967365892536,0.2691263836615536,1,18.298087331740444,0,0,False,False,True,False,False,False,True,False,False,True,False,False,False,False,False,False,False
0,13.682105101189654,0.4673789349674649,1,8.668333173107737,0,1,False,False,True,False,False,False,True,False,False,False,False,False,False,False,True,False,False
0,15.111915828246259,0.5171763636731258,0,12.865846260545784,1,0,False,False,False,False,False,False,True,False,False,False,True,False,False,False,False,False,False
0,20.173497465734588,0.2714150978449097,1,14.007141035914495,0,1,True,False,False,False,True,False,False,False,False,False,False,False,False,False,False,False,True
0,34.9954282728473,0.2137790092993989,2,33.11087434665536,0,1,False,False,True,False,False,False,False,False,True,False,False,False,False,False,False,False,False
0,10.547511554864494,0.6472699351700864,0,6.985699678629196,0,1,False,False,True,False,False,False,True,False,False,False,False,False,False,False,True,False,False
0,12.701574705523724,0.6101207438578837,0,10.204410811016972,0,0,False,False,False,False,False,False,True,False,False,False,False,False,False,False,True,False,False
0,31.47586376892618,0.23211284782423391,0,28.47033543883879,0,0,False,False,True,False,False,False,True,False,False,False,False,False,False,False,True,False,False
0,19.961963831246667,0.3637353956546904,1,16.164467204334322,0,1,False,False,True,False,False,False,True,False,False,False,False,False,False,False,False,False,True
0,19.147062437878038,0.2651343157915508,1,14.32201103197453,0,1,True,False,False,False,False,False,True,False,False,False,False,False,False,False,False,False,True
0,24.498979570586204,0.32246931389911304,1,21.313845265460667,0,0,False,False,True,False,False,False,True,False,False,False,False,False,False,False,False,False,True
0,24.742069436488134,0.31642220500697754,0,22.638462845343554,0,1,False,False,True,False,True,False,False,False,False,False,False,False,False,False,True,False,False
0,10.100000000000007,0.7442012204338674,0,8.507055894961555,1,0,False,False,False,False,False,False,True,False,False,False,False,False,False,False,True,False,False
0,30.82482765564149,0.25468468112816245,1,29.248076859855257,0,1,False,False,True,False,False,False,False,False,True,False,False,False,False,False,True,False,False
0,26.071440313108898,0.25469657142795876,1,21.973848092675983,0,0,False,False,True,False,False,False,True,False,False,True,False,False,False,False,False,False,False
0,12.601587201618694,0.519146114246523,0,7.43034319530397,0,0,True,False,False,False,False,False,True,False,False,False,False,False,False,False,False,False,True
0,13.797463535012508,0.4339268850317672,0,8.809086218218095,0,1,True,False,False,False,False,False,True,False,False,False,False,False,False,False,False,False,True
0,19.68171740473884,0.24487095093426048,1,16.086018774078315,0,0,False,False,True,False,False,False,True,False,False,False,False,False,False,False,False,False,True
0,14.286357128393504,0.5083164207011519,0,8.287339742040263,0,0,False,False,True,False,False,False,True,False,False,False,False,True,False,False,False,False,False
0,16.00312469488381,0.3424697630350959,0,8.06597793203031,0,1,False,False,True,False,False,False,True,False,False,False,True,False,False,False,False,False,False
0,33.11223338888514,0.24035205435685197,4,31.431194695715902,0,0,False,False,True,False,False,False,True,False,False,False,True,False,False,False,False,False,False
0,24.20950226667206,0.3261118319836739,2,22.806358762415353,0,1,False,False,True,False,True,False,False,False,False,False,True,False,False,False,False,False,False
0,20.800961516237653,0.3799435098594988,3,18.099999999999994,0,0,False,False,True,False,True,False,False,False,False,False,False,False,False,False,False,False,False
0,24.05202694161138,0.2810681102764085,2,20.969501663129712,0,0,True,False,False,False,False,False,True,False,False,False,False,False,False,False,False,False,False
0,21.51882896442091,0.27720031019182456,0,16.551737068960467,0,0,False,False,True,False,False,False,True,False,False,False,False,False,False,False,False,False,True
0,27.252339349127443,0.2889210761511455,4,24.49693858423946,0,0,True,False,False,False,False,False,True,False,False,False,False,False,False,False,False,False,False
0,12.248265183282074,0.625523179480131,1,9.610411021387163,0,0,False,False,False,False,False,False,True,False,False,False,False,False,False,False,False,False,False
0,13.511846653955192,0.5192236942669259,0,12.209013064126031,0,0,False,False,False,False,False,False,True,False,False,False,True,False,False,False,False,False,False
0,14.358969322343443,0.49065573017782343,1,10.912836478203092,0,0,True,False,False,False,True,False,False,False,False,False,False,False,False,False,False,False,True
0,28.532963393240458,0.25681484745812494,0,26.22060258651582,0,0,False,False,True,False,False,False,True,False,False,False,False,False,False,False,True,False,False
0,13.354025610279468,0.5802004211660252,0,11.506954418958998,0,0,False,False,False,False,False,False,True,False,False,False,False,False,False,False,False,False,True
0,6.854195795277516,1.0196507347254804,1,5.860034129593442,0,0,False,False,False,False,False,False,True,False,False,False,False,False,False,False,False,False,False
1,5.215361924162116,1.107148717794091,0,5.05371150739731,0,1,False,False,True,False,False,False,False,False,True,False,False,False,False,False,False,False,False
1,8.275868534480235,0.7152717291103942,0,6.152235366108807,0,1,False,False,True,False,False,False,False,False,True,False,True,False,False,False,False,False,False
0,13.29812016790343,0.573985100821033,2,11.573245007343443,0,0,True,False,False,False,True,False,False,False,False,False,False,False,False,False,True,False,False
0,23.724459951703857,0.26703328086315714,0,19.74082065163453,0,1,False,False,True,False,False,False,True,False,False,False,False,False,False,False,True,False,False
0,22.842942017174586,0.2685591972290514,0,17.681911661356082,0,0,False,False,True,False,False,False,True,False,False,False,True,False,False,False,False,False,False
0,16.688319268278637,0.4211894802665295,0,13.823530663329107,0,0,False,False,False,False,False,False,True,False,False,False,False,False,False,False,True,False,False
0,15.208550226763887,0.48260006894149005,0,12.57179382586271,0,0,False,False,False,False,False,False,True,False,False,False,False,False,False,False,True,False,False
0,15.498709623707388,0.3584627042250115,0,11.314592347937248,0,0,False,False,False,False,False,False,True,False,False,False,False,False,False,False,True,False,False
0,16.744252745345186,0.4533520212135826,0,14.588008774332431,1,0,True,False,False,False,True,False,False,False,False,False,False,True,False,False,False,False,False
0,11.423659658795858,0.6596510022057493,0,9.76729235765982,0,1,False,False,True,False,False,False,True,False,False,False,False,False,False,False,True,False,False
0,35.04069063246328,0.19741936313949093,0,33.37364229448143,0,0,False,False,True,False,False,False,True,False,False,False,False,False,False,False,True,False,False
0,10.007996802557443,0.7600624551664981,0,9.108786966440697,1,0,False,False,False,False,False,False,True,False,False,False,False,False,False,False,False,False,False
0,17.00176461429813,0.45028793669879846,1,15.493224325491452,0,0,False,False,False,False,False,False,True,False,False,False,True,False,False,False,False,False,False
0,10.462313319720453,0.6289998409843299,1,8.54458893101359,0,0,False,True,False,False,False,False,True,False,False,False,False,False,False,False,False,False,False
0,18.777113729218346,0.41824638260572766,1,17.53852901471501,0,0,False,False,True,False,False,False,True,False,False,False,True,False,False,False,False,False,False
0,32.078185734233784,0.22888645247319622,2,30.605228311515663,0,1,False,False,True,False,True,False,False,False,False,False,False,False,False,False,False,False,True
0,15.356106277308715,0.45375436534602376,1,13.192801067248768,0,0,False,False,True,False,False,False,True,False,False,False,False,False,False,False,True,False,False
0,29.187154708878357,0.23937205137357148,1,27.749234223668232,0,0,True,False,False,False,False,False,True,False,False,False,False,True,False,False,False,False,False
0,26.675082005497185,0.29689787852240407,0,23.10346294389652,0,0,True,False,False,False,True,False,False,False,False,False,False,False,False,False,True,False,False
0,22.655021518418387,0.30253557842124223,1,20.32953516438583,0,0,False,False,True,False,False,False,True,False,False,False,False,False,False,False,False,False,True
0,9.504735661763561,0.7964393536579036,1,8.500588214941365,0,0,False,False,False,False,False,False,True,False,False,False,False,False,False,False,False,False,True
0,29.887288267756908,0.2180774478230435,2,28.443101096751036,0,0,False,False,True,False,False,False,True,False,False,False,False,False,False,False,False,False,True
0,26.419689627245816,0.29816918426702327,1,24.708095839218366,0,0,True,False,False,False,False,False,True,False,False,False,False,True,False,False,False,False,False
0,28.40598528479517,0.24863457360143837,1,25.459183019099406,0,0,True,False,False,False,False,False,True,False,False,False,False,False,False,False,True,False,False
0,13.852075656738238,0.540720453279388,0,10.08811181539936,0,0,False,False,False,True,False,False,False,False,False,False,True,False,False,False,False,False,False
0,7.324616030891992,0.9981617747499321,0,6.140032573203495,0,0,False,False,False,False,False,False,True,False,False,False,False,False,False,False,False,False,False
0,21.82475658512599,0.24522400168916458,2,18.890473789717397,0,1,True,False,False,False,False,False,False,False,True,False,True,False,False,False,False,False,False
0,31.749330701606926,0.19040326412535602,1,27.56320010448714,0,0,True,False,False,False,False,False,True,False,False,False,False,False,False,False,False,False,True
0,13.301503674397114,0.5841785304099636,0,9.818350166906859,0,0,False,False,False,False,False,False,True,False,False,False,True,False,False,False,False,False,False
0,22.717834403833475,0.29653056857469035,1,19.654007224991037,0,0,False,False,True,False,True,False,False,False,False,False,False,False,False,False,False,False,True
0,14.261135999632005,0.44950288209670763,1,11.180339887498947,0,1,True,False,False,False,True,False,False,False,False,False,False,False,False,False,False,False,True
0,26.035360569809665,0.271165035780119,1,23.613555429032708,0,0,False,False,True,False,False,False,True,False,False,False,False,False,False,False,False,False,True
0,18.384776310850235,0.41637867473642076,2,16.20154313638056,0,1,False,False,True,False,True,False,False,False,False,False,True,False,False,False,False,False,False
1,7.406078584514215,0.9900399732272256,0,1.4317821063276432,1,0,False,False,False,False,False,False,True,False,False,False,True,False,False,False,False,False,False
0,25.323704310388713,0.15233926094750272,0,21.691011963483863,0,1,False,False,True,False,True,False,False,False,False,False,False,False,False,False,True,False,False
0,18.478365728602736,0.2958626104002894,0,15.132745950421562,0,1,True,False,False,False,False,False,True,False,False,True,False,False,False,False,False,False,False
0,26.929537686339877,0.2915085382426973,1,23.864827675891554,0,1,False,False,True,False,False,False,True,False,False,False,False,False,False,False,False,False,True
0,11.299999999999997,0.6804362232893666,0,9.525754563287887,0,0,False,False,False,False,False,False,True,False,False,False,False,True,False,False,False,False,False
0,14.780054127099806,0.38653833318035,0,11.244998888394786,1,0,False,False,False,False,False,False,True,False,False,False,False,False,False,False,False,False,True
0,19.525624189766635,0.3943536318801128,1,14.878844041120939,1,0,False,False,True,False,False,False,True,False,False,False,False,False,False,False,True,False,False
0,10.993179703798173,0.6613402279567127,1,9.74166310236604,0,1,False,False,True,False,False,False,True,False,False,False,True,False,False,False,False,False,False
0,24.827605603440702,0.23539001277086202,1,21.80825531765437,0,1,True,False,False,False,False,False,True,False,False,False,False,False,False,False,False,False,True
0,22.780035118497956,0.28179938630251244,0,14.580123456267444,1,1,False,False,True,False,False,False,True,False,False,False,True,False,False,False,False,False,False
0,19.799494943053478,0.3823208081109206,0,5.059644256269419,0,0,False,False,True,False,False,True,False,False,False,False,False,False,False,False,False,False,True
0,7.420242583635663,0.8794854143983991,0,5.663920903402519,1,0,False,False,False,False,False,False,True,False,False,False,False,False,False,False,True,False,False
0,30.54734030975528,0.24201586858382462,1,28.318545160371496,0,1,True,False,False,False,False,False,True,False,False,False,False,False,False,False,True,False,False
0,27.15326867984773,0.291978197386082,1,24.120737965493504,0,0,True,False,False,False,False,False,False,False,True,False,False,False,False,False,True,False,False
0,18.432851108821993,0.42670893639447904,0,4.219004621945801,0,1,False,False,True,False,False,False,True,False,False,False,False,False,True,False,False,False,False
0,15.7419820861288,0.2370357033678817,0,11.225417586887355,0,0,False,False,True,False,True,False,False,False,False,False,False,True,False,False,False,False,False
0,24.575190741884388,0.31195266785655573,4,23.717082451262844,0,0,False,False,True,False,False,False,True,False,False,False,True,False,False,False,False,False,False
0,27.30293024567143,0.2909096040724626,2,26.22746651889961,0,1,True,False,False,False,False,False,False,False,True,False,False,False,False,False,False,False,True
0,16.648123017325407,0.4557132202110384,1,15.044268011438772,0,1,False,False,True,False,False,False,True,False,False,False,True,False,False,False,False,False,False
0,6.9202601107183845,0.8115030885172514,0,5.423098745182503,0,0,False,False,False,True,False,False,False,False,False,False,False,False,False,False,False,False,True
0,32.36309626719916,0.231572670650393,2,30.082054451117543,0,0,True,False,False,False,False,False,True,False,False,False,True,False,False,False,False,False,False
0,13.606248564538282,0.5581474376896342,3,12.495199078045932,0,1,False,False,True,False,True,False,False,False,False,False,False,False,False,False,False,False,False
0,36.5759483814159,0.21106233316075634,1,34.27564733159683,0,0,True,False,False,False,False,False,True,False,False,False,True,False,False,False,False,False,False
0,18.73606148580859,0.40592877174124,2,17.67059704707229,0,0,True,False,False,False,False,False,True,False,False,False,True,False,False,False,False,False,False
0,17.54137964927503,0.36420702943200767,1,14.322011031974533,0,0,False,False,True,False,False,False,True,False,False,False,True,False,False,False,False,False,False
0,28.886155853626487,0.2589559332382161,3,26.82088738278433,0,0,True,False,False,False,True,False,False,False,False,False,True,False,False,False,False,False,False
0,11.374093370462552,0.6097840773387908,0,9.235799911215057,0,0,False,False,False,True,False,False,False,False,False,False,False,False,False,False,False,False,True
0,34.52086325687699,0.2305804904942627,0,32.761104987469515,0,0,True,False,False,False,False,False,True,False,False,False,False,False,False,False,False,False,True
0,27.054204848784597,0.19095947922144474,1,24.328789530101986,0,0,False,False,True,False,False,False,True,False,False,False,False,False,False,False,False,False,True
1,3.3060550509633053,1.7605317169318604,1,2.282542442102666,0,1,True,False,False,False,False,False,False,False,True,False,False,False,False,False,False,False,False
0,7.907591289387689,0.6254144154453353,0,6.296824596572472,0,1,False,False,True,False,False,False,False,False,True,False,True,False,False,False,False,False,False
1,33.3253657144224,0.23873940135203148,2,31.30399335548102,0,0,True,False,False,False,False,False,True,False,False,False,True,False,False,False,False,False,False
0,13.446189051177289,0.24726176418276058,0,9.708243919473801,0,0,False,False,False,False,False,False,True,False,False,False,False,False,False,False,True,False,False
0,8.0,0.9272952180016122,0,7.1028163428318996,1,0,False,False,False,False,False,False,True,False,False,False,False,False,False,False,False,False,False
0,12.034118164618468,0.5950630717526495,0,10.978615577567158,0,0,False,False,False,False,False,False,True,False,False,False,True,False,False,False,False,False,False
0,24.12343259156955,0.3079375423927963,0,21.189620100417088,0,0,False,False,True,False,False,False,True,False,False,True,False,False,False,False,False,False,False
0,23.64571842850202,0.2674107971838735,1,18.080099557248023,0,1,True,False,False,False,True,False,False,False,False,False,False,False,True,False,False,False,False
0,12.30650234632083,0.5844162471362864,0,7.077428911688201,0,1,True,False,False,False,False,False,False,False,True,False,True,False,False,False,False,False,False
0,32.703822406562814,0.24338340468064334,3,30.608005488760625,0,0,True,False,False,False,False,False,True,False,False,False,True,False,False,False,False,False,False
0,20.752349264601346,0.359832678494182,0,17.61732102222128,0,0,False,False,True,False,False,False,True,False,False,False,True,False,False,False,False,False,False
0,11.365298060323799,0.6430626860120748,1,10.791200118615164,0,1,False,False,True,False,False,False,True,False,False,True,False,False,False,False,False,False,False
0,34.3144284521832,0.23134403146496127,1,32.844025331862106,0,0,False,False,True,False,True,False,False,False,False,False,False,False,False,False,False,False,True
0,30.80146100430952,0.25827075083414386,1,29.10017182079858,0,0,False,False,True,False,False,False,True,False,False,False,False,False,False,False,True,False,False
0,19.924858845171276,0.3796009903067893,4,18.57229118875751,0,1,True,False,False,False,False,False,True,False,False,False,True,False,False,False,False,False,False
0,21.358838919754046,0.36775216754365336,1,19.005525512334568,0,1,False,False,True,False,False,False,True,False,False,True,False,False,False,False,False,False,False
0,28.313424377845923,0.2692490646758462,3,27.38649302119568,0,0,False,False,True,False,False,False,True,False,False,False,True,False,False,False,False,False,False
0,21.5522620622523,0.3122896543718607,1,19.146017862730613,0,0,False,False,True,False,False,False,True,False,False,False,True,False,False,False,False,False,False
1,10.480935072788112,0.6597509413993894,0,4.652956049652732,0,0,False,False,True,False,False,False,True,False,False,False,False,False,False,False,False,False,True
0,19.343732835210474,0.40699920087161257,2,18.034688796871432,0,1,True,False,False,False,False,False,True,False,False,False,False,False,False,False,True,False,False
0,21.12557691519926,0.37223303274643993,0,17.840403582878945,0,0,False,False,True,False,False,False,True,False,False,False,False,False,False,False,False,False,True
0,25.70486335306998,0.30869412332563173,2,22.51421773013666,0,0,True,False,False,False,False,False,True,False,False,False,False,False,False,False,False,False,True
0,16.447796204963144,0.2551855892952877,0,12.509996003196802,0,0,True,False,False,False,False,False,True,False,False,False,False,False,False,False,False,False,True
0,17.759786034747155,0.33431188045349436,0,15.023315213360862,0,0,False,False,True,False,True,False,False,False,False,False,False,False,False,False,True,False,False
0,14.52790418470606,0.5242984945864628,0,11.700427342623,0,1,False,False,True,False,False,False,False,False,False,False,False,False,False,False,False,False,False
0,11.99708297879114,0.5220706968437794,0,7.6275815302099526,0,1,False,False,True,False,False,False,True,False,False,False,False,False,False,False,False,False,True
0,24.467529503405117,0.2306084822464407,2,21.63931607052312,0,0,True,False,False,False,False,False,True,False,False,False,False,False,False,False,False,False,True
0,39.202040763205176,0.002104152602167675,0,38.525446136287634,0,0,True,False,False,False,False,False,True,False,False,False,False,False,False,False,False,False,False
0,28.40158446284292,0.27981912285048127,3,26.40473442396269,0,0,False,False,True,False,False,False,True,False,False,False,False,False,False,False,False,False,False
0,15.681836627130123,0.3223767283911958,0,5.954829972383757,0,0,True,False,False,False,False,False,True,False,False,False,False,False,False,False,False,False,True
0,21.88058500132023,0.2953617251247056,1,20.122872558360047,0,0,False,False,True,False,False,False,True,False,False,False,False,False,False,False,False,False,True
0,7.805767098754609,0.9467521655496123,0,6.477653896280651,0,0,False,True,False,False,False,False,True,False,False,False,False,False,False,False,False,False,True
0,22.70352395554487,0.20989658894007424,0,19.334942461771124,0,0,True,False,False,False,False,False,True,False,False,False,False,False,False,False,False,False,True
1,15.520631430454111,0.46206336026391126,0,12.851459061133877,0,1,False,False,True,False,False,False,True,False,False,False,False,False,False,True,False,False,False
0,11.73413822996815,0.6346734488587802,0,9.330058949438643,1,0,False,False,False,False,False,False,True,False,False,False,True,False,False,False,False,False,False
0,25.35389516425435,0.236695923950328,2,22.219360926903377,0,0,True,False,False,False,False,False,True,False,False,False,True,False,False,False,False,False,False
0,18.33575741549828,0.34092526606462875,0,14.257980221616245,0,0,True,False,False,False,False,False,True,False,False,False,False,False,False,False,False,False,True
0,15.06154042586614,0.38238569017546287,0,10.756393447619882,1,0,True,False,False,False,False,False,True,False,False,False,False,False,False,False,False,False,True
0,12.391125856838027,0.6210056139130694,1,10.099999999999994,0,0,True,False,False,False,False,False,True,False,False,False,False,False,False,False,False,False,True
0,15.231546211727817,0.47835243137865757,1,13.328165665236908,0,1,True,False,False,False,False,False,True,False,False,False,False,False,False,False,True,False,False
0,19.04337155022713,0.28723019855811927,2,14.355835050598762,0,0,True,False,False,False,False,False,True,False,False,True,False,False,False,False,False,False,False
1,15.435349040433131,0.46679225272324776,0,11.092339699089637,0,0,False,False,True,False,False,False,True,False,False,False,True,False,False,False,False,False,False
0,14.36175476743702,0.5162886875913189,1,11.552056094046632,0,1,True,False,False,False,False,False,True,False,False,False,False,False,False,False,False,False,True
0,18.760863519571807,0.3196328032757052,0,8.786353054595528,0,0,False,False,True,False,False,False,True,False,False,False,False,False,False,False,True,False,False
0,16.161683080669537,0.33296412628991023,0,8.324061508662705,0,0,False,False,True,False,False,False,True,False,False,False,True,False,False,False,False,False,False
0,15.338839591051206,0.4065198043829933,0,4.384062043356589,0,1,True,False,False,False,False,True,False,False,False,False,False,False,False,False,True,False,False
0,12.478781991845203,0.6174001815989211,0,9.674709297958268,1,1,True,False,False,False,False,False,False,False,True,False,True,False,False,False,False,False,False
0,7.317103251970684,0.9994934652085343,0,6.220128616033597,1,0,False,False,False,False,False,False,True,False,False,False,False,False,False,False,False,False,False
0,27.917736297916413,0.28154920680244694,2,26.206869328479506,0,0,False,False,True,False,False,False,True,False,False,False,True,False,False,False,False,False,False
0,32.07553584899245,0.21162459682516227,0,27.98856909525744,0,0,False,False,True,False,True,False,False,False,False,False,False,False,False,False,True,False,False
0,26.692508312258703,0.2954734024872129,0,23.13114783144148,0,0,False,False,True,False,False,False,True,False,False,False,True,False,False,False,False,False,False
0,25.271525478292762,0.313125704845277,3,24.070729112347216,0,0,True,False,False,False,False,False,True,False,False,False,True,False,False,False,False,False,False
1,25.234302050978144,0.3128467564633495,1,22.289908030317207,0,0,True,False,False,False,False,False,True,False,False,False,False,True,False,False,False,False,False
0,20.66131651178114,0.34572706947418613,0,17.860011198204774,0,1,False,False,True,False,True,False,False,False,False,False,False,False,False,False,True,False,False
1,21.865269264292174,0.22959927098544142,0,17.976929659983657,0,0,False,False,True,False,False,False,True,False,False,False,False,False,False,False,False,False,False
0,20.41200627082013,0.30741906754713777,0,16.940188900953856,0,0,True,False,False,False,False,False,True,False,False,False,False,False,False,False,False,False,True
1,15.229576487873851,0.311798553786496,0,12.061509026651683,0,0,True,False,False,False,False,False,True,False,False,False,False,False,False,False,True,False,False
0,18.873261509341724,0.4123179175413968,2,16.857639217873885,0,1,False,False,True,False,True,False,False,False,False,False,True,False,False,False,False,False,False
0,20.81657993043045,0.35435441633921383,0,17.548219282878815,0,1,False,False,True,False,False,False,True,False,False,False,False,False,False,False,False,False,True
0,33.36240399012038,0.23477603259022456,3,31.378973851928297,0,0,True,False,False,False,False,False,True,False,False,False,True,False,False,False,False,False,False
1,5.700000000000003,1.2238048688693328,1,5.103920062069947,1,0,False,False,False,False,False,False,True,False,False,False,False,False,False,False,False,False,False
0,5.72800139664787,1.0971987974012858,0,1.526433752247371,0,0,False,False,False,False,False,False,True,False,False,False,False,False,False,False,True,False,False
0,24.324884377936925,0.2723707384739742,1,20.461182761512102,0,0,False,False,True,False,False,False,False,False,True,False,False,False,False,False,True,False,False
0,14.135416513141733,0.49825591426657806,0,8.955445270895241,0,1,True,False,False,False,False,False,True,False,False,False,False,False,False,False,False,False,True
0,28.30194339616981,0.2398766665799491,1,25.58945095151515,0,0,True,False,False,False,False,False,True,False,False,False,False,False,False,False,False,False,False
0,7.441102068914249,0.8498211862184826,1,5.882176467941094,1,0,False,False,False,False,False,False,True,False,False,False,False,False,False,False,False,False,False
1,6.082762530298221,1.0121970114513343,0,3.0675723300355986,0,1,True,False,False,False,False,False,True,False,False,False,False,False,False,False,False,False,True
0,21.382469455140114,0.2907018186432725,0,17.81039022593272,1,0,True,False,False,False,False,False,True,False,False,True,False,False,False,False,False,False,False
0,10.198039027185573,0.6965239885843404,0,9.080198235721511,1,0,False,False,False,False,False,False,True,False,False,False,False,False,False,False,False,False,False
1,11.85622199522259,0.5288776651121999,0,7.224956747275375,1,0,True,False,False,False,False,False,True,False,False,False,True,False,False,False,False,False,False
1,4.780167361086849,0.9883615944402495,0,6.412487816752558,0,1,False,False,True,False,False,False,False,False,True,False,False,False,False,False,False,False,False
0,30.10149497948565,0.16301636790711926,0,27.23986049890858,0,0,True,False,False,False,False,False,True,False,False,False,False,False,False,False,True,False,False
1,9.40212741883453,0.6854285780234054,0,2.1260291625469354,1,0,False,False,True,False,False,True,False,False,False,False,False,True,False,False,False,False,False
0,22.786180022109892,0.3435211121645487,1,19.085072700935672,0,0,False,False,True,False,False,False,True,False,False,False,False,False,False,False,True,False,False
0,31.483646548644895,0.24979345501591826,2,29.955300031880828,0,0,False,False,True,False,False,False,True,False,False,False,True,False,False,False,False,False,False
0,17.917868176767016,0.4388949328771092,0,15.52063143045411,1,0,False,False,True,False,False,False,False,True,False,False,False,False,False,False,False,False,True
0,8.745856161634489,0.7324405015299309,0,7.106335201775948,1,0,False,False,False,False,False,False,True,False,False,False,False,False,False,False,False,False,False
0,20.498048687619022,0.22569448727008667,0,17.251376756653364,0,0,False,False,True,False,False,False,True,False,False,False,False,False,False,False,False,False,True
1,23.661994844053197,0.21715385748131555,0,20.089051744669288,1,0,False,False,True,False,False,False,True,False,False,False,True,False,False,False,False,False,False
0,12.149485585818026,0.6302044119994983,1,10.447966309287187,0,0,False,False,False,False,False,False,True,False,False,False,False,False,False,False,False,False,False
0,8.450443775329198,0.7536613135600582,0,7.106335201775948,0,0,False,True,False,False,False,False,True,False,False,False,False,False,False,False,False,False,False
0,11.715374513859988,0.6448852365674292,1,9.436630754670874,0,1,False,False,True,False,False,False,False,False,True,False,False,False,False,False,False,False,True
0,4.3289721643826695,1.4913129695292846,0,1.4142135623730872,0,1,False,False,True,False,True,False,False,False,False,False,False,False,False,False,False,False,True
0,13.23064624271997,0.3474578398648631,1,9.500000000000004,0,1,True,False,False,False,False,False,True,False,False,False,True,False,False,False,False,False,False
1,12.56025477448607,0.6105744492388527,0,8.372574275573802,0,1,True,False,False,False,False,False,True,False,False,False,False,True,False,False,False,False,False
0,10.024470060806207,0.7581084477052358,1,9.121951545584974,0,1,False,False,True,False,False,False,True,False,False,False,False,True,False,False,False,False,False
1,18.999473676920637,0.3491619576315397,0,9.278469701410897,1,0,False,False,True,False,False,False,True,False,False,False,False,False,False,False,False,False,True
0,27.620282402611313,0.2834979396763793,2,24.87669592208741,0,1,True,False,False,False,True,False,False,False,False,False,False,False,False,False,False,False,True
0,18.18928255869373,0.3029119951110759,1,12.944883158993743,0,0,False,False,True,False,False,False,True,False,False,False,False,False,False,False,False,False,True
0,32.19720484762613,0.22722956856117188,1,28.71671986839723,0,0,False,False,True,False,False,False,True,False,False,False,False,True,False,False,False,False,False
1,9.889893831583837,0.721704447888899,0,3.4539832078341126,1,1,True,False,False,False,False,False,True,False,False,False,False,False,False,False,False,False,True
0,31.232034836046143,0.2529476360379646,2,29.11116624252626,0,0,False,False,True,False,False,False,True,False,False,False,True,False,False,False,False,False,False
0,33.68753478662397,0.22629290241930164,3,32.60383413035957,0,0,False,False,True,False,False,False,True,False,False,False,True,False,False,False,False,False,False
0,8.429116205154614,0.8844593563593924,0,6.462971452822616,0,0,False,False,False,False,False,False,True,False,False,False,False,False,False,False,False,False,True
0,26.39412813487121,0.2673022143679055,1,23.16635491396952,0,0,True,False,False,False,False,False,True,False,False,False,False,False,False,False,True,False,False
0,26.953663943887115,0.29410174482953033,2,25.703112651972727,0,1,False,False,True,False,False,False,True,False,False,False,True,False,False,False,False,False,False
0,6.296824596572465,0.6397697828266264,0,3.4539832078341037,1,1,False,False,True,False,True,False,False,False,False,False,False,True,False,False,False,False,False
0,29.867875719575373,0.23310267933825712,4,28.90069203323685,0,0,False,False,True,False,False,False,True,False,False,False,True,False,False,False,False,False,False
0,13.277424449041312,0.24455291883407182,1,9.585927185202278,1,0,False,False,False,False,False,False,True,False,False,False,False,False,False,False,False,False,False
0,27.07803537925158,0.29150028497388714,1,25.576551761330148,0,0,False,False,True,False,False,False,True,False,False,False,False,False,False,False,True,False,False
0,21.30375553746334,0.234931592518691,1,17.528548142958105,0,0,False,False,True,False,False,True,False,False,False,False,False,False,False,False,True,False,False
1,7.7491935064237465,0.9245611168171175,0,2.4596747752497716,0,0,False,False,True,False,False,False,False,False,True,True,False,False,False,False,False,False,False
0,26.931765630942213,0.26854576529454083,0,23.792856070678024,0,0,False,False,True,False,False,False,True,False,False,False,False,False,False,False,False,False,True
0,9.700000000000001,0.5874704842848157,0,7.262231062146125,0,0,False,False,False,False,False,False,True,False,False,False,False,False,False,False,False,False,False
0,27.822652641328066,0.2785435486924521,1,25.36927275268252,0,0,False,False,True,False,False,False,True,False,False,False,False,False,False,False,True,False,False
0,5.830951894845297,0.260602391747339,0,1.8110770276274808,0,1,False,False,True,False,True,False,False,False,False,False,False,False,False,False,True,False,False
0,35.32760959929217,0.22346958479816828,0,33.51611552671341,0,0,False,False,True,False,False,False,True,False,False,False,False,False,False,False,False,False,True
0,12.30040649734796,0.40747575986223905,0,7.083784299369935,1,0,True,False,False,False,False,False,True,False,False,False,False,False,False,False,False,False,True
0,27.6115917686757,0.22750323863943034,1,23.800210083106407,0,0,False,False,True,False,False,False,True,False,False,False,True,False,False,False,False,False,False
0,7.300684899377589,1.0024069005034293,0,6.152235366108804,1,0,False,False,False,False,False,False,True,False,False,False,True,False,False,False,False,False,False
1,8.605230967266365,0.7455625531412293,0,6.39765582068932,0,1,False,False,True,False,False,False,True,False,False,False,False,False,False,False,True,False,False
0,37.90118731649446,0.20921278637696245,2,35.881053496239495,0,0,True,False,False,False,False,False,True,False,False,False,True,False,False,False,False,False,False
0,38.97858386344994,0.1800255923484787,1,36.30771267926417,0,0,True,False,False,False,False,False,True,False,False,False,False,False,False,False,True,False,False
0,21.71658352503911,0.20766878154327828,0,17.839843048636947,0,0,False,False,True,False,False,False,True,False,False,False,False,False,False,False,False,False,True
0,14.536161804272824,0.486122560358314,0,10.956733089748981,0,1,False,False,True,False,False,False,False,False,True,False,True,False,False,False,False,False,False
0,24.436857408431223,0.3190845553808906,0,22.357549060664056,0,0,True,False,False,False,True,False,False,False,False,False,False,False,False,False,True,False,False
0,20.500000000000004,0.3138263183148834,0,17.06516920513829,0,0,True,False,False,False,False,False,True,False,False,False,False,False,False,False,False,False,False
0,30.89886729315494,0.2558917019927943,1,29.198630104852523,0,0,True,False,False,False,False,False,True,False,False,False,False,False,False,False,False,False,True
0,19.799999999999997,0.39867460996464815,1,16.91449082887214,0,0,True,False,False,False,True,False,False,False,False,False,False,False,False,False,False,False,True
0,9.865596788841517,0.7619330191240105,0,9.07083237635885,0,0,False,False,False,True,False,False,False,False,False,False,False,False,False,False,False,False,True
1,27.721832551258224,0.28443186422390365,0,26.55880268385607,0,0,False,False,True,False,False,False,True,False,False,False,False,False,False,False,False,False,True
0,25.65618833731932,0.26747428481322366,3,24.295884425144934,0,0,True,False,False,False,False,False,True,False,False,False,True,False,False,False,False,False,False
0,13.776792079435623,0.2864874972556182,0,2.1931712199461333,0,1,False,False,True,False,False,False,True,False,False,False,False,False,False,False,True,False,False
0,5.0774009099144415,1.1456348012042565,2,6.9462219947249,1,0,False,False,False,False,False,False,True,False,False,False,False,False,False,False,True,False,False
0,28.901557051480808,0.22370343506265755,0,27.460881267723362,0,0,False,False,True,False,False,False,True,False,False,False,False,False,False,False,True,False,False
0,14.029255147726122,0.4915175395172339,2,11.977478866606273,0,1,True,False,False,False,True,False,False,False,False,False,True,False,False,False,False,False,False
0,20.52340127756606,0.3571388603271407,0,19.19817699678801,0,1,False,False,True,False,True,False,False,False,False,False,False,False,False,False,False,False,False
0,9.86154146165801,0.35802863047152655,0,1.4866068747318515,1,0,False,False,False,False,False,False,True,False,False,False,False,False,False,False,False,False,False
0,25.02338905903835,0.24290681091291333,3,22.32330620674277,0,1,False,False,True,False,True,False,False,False,False,False,True,False,False,False,False,False,False
0,24.608941464435244,0.3197138973348452,0,18.59731163367437,0,1,True,False,False,False,True,False,False,False,False,False,False,False,False,True,False,False,False
0,18.43908891458577,0.3932121736434832,0,14.956269588369958,1,0,False,False,True,False,False,False,True,False,False,False,False,False,False,False,False,False,True
0,24.71214276423637,0.2690855874522838,1,22.80197359879184,0,0,True,False,False,False,False,False,True,False,False,False,False,False,True,False,False,False,False
0,25.04495957273639,0.2670063377274518,1,21.883326986543896,0,0,True,False,False,False,False,False,True,False,False,False,False,False,False,False,False,False,True
0,11.992080720208655,0.598722304783313,0,10.336827366266697,0,0,False,False,False,False,False,False,True,False,False,False,True,False,False,False,False,False,False
0,21.66679487141557,0.20186577434830144,1,18.44586674569672,0,0,True,False,False,False,False,False,True,False,False,False,False,False,False,False,False,False,True
0,9.970456358662823,0.5978420463288779,0,8.273451516749214,1,0,False,False,False,False,False,False,True,False,False,False,False,False,False,False,False,False,True
0,8.71435597161374,0.8598319549176041,0,7.700000000000003,0,1,True,False,False,False,False,False,False,False,True,False,False,False,False,False,False,False,True
1,6.407027391856538,1.0371675979867285,1,5.3000000000000025,1,0,False,False,False,False,False,False,True,False,False,False,False,False,False,False,False,False,False
0,30.86000648088072,0.2549197798759885,1,29.624989451474917,0,0,False,False,True,False,False,False,True,False,False,False,False,False,False,False,False,False,True
0,23.2606964642076,0.3302622963253897,3,22.48488381112965,0,0,False,False,True,False,False,False,True,False,False,False,True,False,False,False,False,False,False
0,13.621306838919677,0.4971786944266334,3,9.538343671728333,1,0,True,False,False,False,False,False,True,False,False,False,False,False,False,False,True,False,False
1,9.525754563287887,0.43135516225155446,1,2.7313000567495305,0,1,True,False,False,False,True,False,False,False,False,False,False,False,False,False,True,False,False
0,28.119210515233178,0.2478043545949291,1,25.243811122728673,0,0,False,False,True,False,False,False,True,False,False,False,False,False,False,False,False,False,True
0,19.952944644838762,0.27738693505339485,0,16.194134740701646,0,0,False,False,True,False,False,False,True,False,False,False,False,False,False,False,False,False,True
0,19.68247951859724,0.3046929075913706,0,14.026403673073151,0,0,True,False,False,False,False,False,True,False,False,False,False,True,False,False,False,False,False
0,28.05316381444346,0.2508965832650388,1,24.959366979152342,0,0,False,False,True,False,False,False,True,False,False,False,False,False,False,False,True,False,False
0,25.02818411311536,0.30474473556416715,2,20.181674856165923,0,1,False,False,True,False,False,False,True,False,False,False,False,False,False,False,False,False,True
0,9.266067126888295,0.747839716183111,2,7.829431652425347,1,0,False,False,False,False,False,False,True,False,False,False,False,False,False,False,False,False,False
0,16.992351220475644,0.4315611105638082,1,14.224275025462635,0,1,True,False,False,False,True,False,False,False,False,False,False,False,False,False,False,False,False
0,12.31665539016173,0.4550628583841545,0,3.5383612025908215,0,0,False,False,True,False,False,False,True,False,False,True,False,False,False,False,False,False,False
0,14.418391033676402,0.5345207030865728,1,8.228000972289687,0,1,True,False,False,False,False,False,True,False,False,True,False,False,False,False,False,False,False
0,10.1044544632553,0.5295895987820765,0,8.102468759581862,0,1,False,False,True,False,False,False,False,False,True,False,False,False,False,False,False,False,False
0,14.179210133149164,0.5054222332580717,1,13.68539367354845,0,1,False,False,True,False,False,False,False,True,False,False,False,False,False,False,False,False,False
0,23.46763729053268,0.3354155904241482,2,21.428252378577206,0,1,False,False,True,False,True,False,False,False,False,False,False,False,False,False,False,False,False
0,28.077749197540747,0.26306344948095023,2,23.286262044390032,1,0,False,False,True,False,True,False,False,False,False,False,False,False,False,False,True,False,False
0,11.315917991926243,0.629432772923484,0,10.072239075796402,0,1,False,False,True,False,True,False,False,False,False,False,False,False,False,False,True,False,False
0,27.789386463180506,0.28309578529949553,1,25.188290930509762,0,0,False,False,True,False,False,False,True,False,False,False,False,False,False,False,True,False,False
0,7.7781745930520225,0.7797485059938639,0,4.465422712353224,1,0,False,False,False,False,False,False,True,False,False,False,True,False,False,False,False,False,False
0,15.226621424334423,0.30181615440566123,0,11.649892703368563,0,0,True,False,False,False,False,False,True,False,False,False,False,False,False,False,False,False,True
0,16.36704005005181,0.386133964199926,2,11.580155439371268,1,0,False,False,True,False,False,False,True,False,False,False,False,True,False,False,False,False,False
1,5.8137767414994554,1.1026136014937247,0,4.401136216933076,0,1,False,False,True,False,False,False,True,False,False,False,False,True,False,False,False,False,False
0,12.938701635017331,0.5982651740852791,1,11.473883387938022,1,0,False,False,False,False,False,False,True,False,False,False,False,False,False,False,True,False,False
0,14.900335566691103,0.47057420668357464,1,11.597413504743198,0,0,False,False,True,False,False,False,True,False,False,False,False,False,False,False,True,False,False
0,18.874321179846444,0.3802631174374551,2,15.882380174268597,0,0,False,False,True,False,False,False,True,False,False,False,False,False,False,False,True,False,False
0,23.315445524372898,0.3206072296955952,1,20.752349264601346,0,0,True,False,False,False,False,False,True,False,False,False,False,False,False,False,False,False,False
0,12.293087488503453,0.593719160304435,3,10.024470060806209,0,0,False,False,True,False,True,False,False,False,False,False,False,False,False,False,False,False,False
0,4.8548944375753385,1.3439752124810789,1,4.11096095821889,0,0,False,True,False,False,False,False,True,False,False,False,False,False,False,False,False,False,False
0,28.60209782515961,0.2083807638828029,1,25.73888109456198,0,0,False,False,True,False,False,False,True,False,False,False,True,False,False,False,False,False,False
0,8.430895563343196,0.8476261943814118,0,5.4332310828824415,0,1,False,False,True,False,True,False,False,False,False,False,False,False,False,False,True,False,False
0,24.27447218787671,0.278645221394167,2,21.458098704218877,0,0,False,False,True,False,False,False,True,False,False,False,False,False,False,False,False,False,True
0,17.77751388693031,0.4255723337873824,1,14.848905683584903,0,1,False,False,True,False,False,False,True,False,False,False,False,False,False,False,False,False,True
0,19.79520143873257,0.2659931305359594,0,15.148597294799282,0,0,False,False,True,False,False,False,True,False,False,False,False,False,False,False,False,False,True
0,25.55386467836127,0.2881409655598299,3,24.226638231500452,0,1,False,False,True,False,False,False,True,False,False,False,False,False,False,False,False,False,True
0,27.2237029075767,0.20873859388299632,0,23.758787847867996,0,0,False,False,True,False,False,False,True,False,False,False,False,False,False,False,False,False,True
0,29.74306641891518,0.1741237752071132,3,28.736040089058896,0,0,False,False,True,False,False,False,True,False,False,False,True,False,False,False,False,False,False
0,8.220097323024826,0.8986012039185959,0,6.511528238439873,1,0,False,False,False,False,False,False,True,False,False,False,False,False,False,False,False,False,False
0,13.257450735341244,0.354868733599214,0,7.433034373659259,0,1,True,False,False,False,False,False,True,False,False,False,False,True,False,False,False,False,False
0,32.8671568590896,0.22822919725697163,2,30.016662039607276,0,0,False,False,True,False,False,False,True,False,False,False,True,False,False,False,False,False,False
0,10.040418317978594,0.6700646394412284,0,4.341658669218493,0,1,True,False,False,False,True,False,False,False,False,False,False,False,False,False,True,False,False
0,23.100865784641055,0.27990632913481367,0,20.087807247183544,0,0,False,False,True,False,False,False,True,False,False,False,False,False,False,False,False,False,False
0,25.54858117391257,0.23195536077988588,0,20.67123605399541,0,0,True,False,False,False,False,False,True,False,False,False,True,False,False,False,False,False,False
0,13.192801067248762,0.290208319428254,0,3.8078865529319548,0,1,True,False,False,False,False,False,True,False,False,False,False,False,False,False,False,False,True
0,17.000000000000007,0.42391956937832437,2,14.38923208513923,0,1,True,False,False,False,False,False,True,False,False,False,False,False,False,False,True,False,False
0,10.647065323364927,0.716556746367945,0,9.617692030835672,1,0,False,False,False,False,False,False,True,False,False,False,False,False,False,False,False,False,True
0,19.25201288177421,0.2852574129815396,1,15.945218719101975,0,0,False,False,True,False,False,False,True,False,False,False,False,False,False,False,True,False,False
0,20.205444810743465,0.3428139798963678,1,17.75443606538941,0,1,False,False,True,False,False,False,True,False,False,False,False,False,False,False,False,False,True
0,16.743058263053374,0.4336593663802901,1,14.29475428260311,0,1,True,False,False,False,True,False,False,False,False,False,False,False,False,False,False,False,True
0,30.453242848668847,0.21936589081859698,0,27.542875666858034,0,0,True,False,False,False,False,False,True,False,False,False,True,False,False,False,False,False,False
0,11.780067911519012,0.43332681228495673,0,9.885848471426202,0,0,False,False,False,False,False,False,True,False,False,False,False,False,False,False,False,False,False
0,12.856126943990555,0.6012403690958119,0,11.435471131527542,0,1,False,False,True,False,False,False,False,False,True,False,True,False,False,False,False,False,False
0,17.511424842085233,0.4217303471822864,0,14.224275025462635,0,1,False,False,True,False,False,False,True,False,False,False,False,False,False,False,False,False,True
0,28.92006224059692,0.22156590704461976,0,25.888414397177744,0,0,False,False,True,False,False,False,True,False,False,False,False,False,False,False,True,False,False
1,8.005623023850175,0.5272595264770922,0,3.8288379438153335,0,0,False,False,True,False,False,False,True,False,False,False,False,False,False,False,True,False,False
1,16.85823241030921,0.4645420631450971,2,15.033296378372908,0,1,True,False,False,False,False,False,True,False,False,False,False,False,False,False,False,False,True
0,32.20636583037583,0.21965368213860448,2,29.77247050548543,0,0,True,False,False,False,False,False,True,False,False,False,True,False,False,False,False,False,False
0,10.816653826391969,0.44365027502765564,0,8.021221852062192,0,1,True,False,False,False,True,False,False,False,False,False,True,False,False,False,False,False,False
0,29.39064477006246,0.2459192739414594,3,29.218145047213373,0,0,False,False,True,False,False,False,True,False,False,False,True,False,False,False,False,False,False
0,15.811388300841896,0.16930377815578757,0,7.4215901261117905,0,0,True,False,False,False,True,False,False,False,False,False,False,False,False,False,False,False,True
0,30.686316168611697,0.258543722499182,0,28.377808231080845,0,0,True,False,False,False,False,False,True,False,False,False,False,False,False,False,True,False,False
0,7.741446893184761,0.8914766619900402,1,7.424957912338629,0,0,False,False,False,False,False,False,True,False,False,False,True,False,False,False,False,False,False
0,29.099828178186893,0.09408824681047401,0,28.240573648564574,0,1,False,False,True,False,False,False,True,False,False,False,True,False,False,False,False,False,False
0,24.403483357914293,0.3049222793462344,2,19.629060089571276,0,1,False,False,True,False,True,False,False,False,False,False,False,False,False,False,False,False,True
0,10.965856099730654,0.09182735326781866,0,7.2006944109578725,0,1,False,False,True,False,False,False,True,False,False,False,False,False,False,False,False,False,False
0,9.43398113205661,0.8002418774190817,0,8.24924238945614,0,1,False,False,True,False,True,False,False,False,False,False,True,False,False,False,False,False,False
0,12.054044964243333,0.28299206565407,0,8.198780397107859,0,0,False,False,False,False,False,False,True,False,False,False,True,False,False,False,False,False,False
0,12.358397954427586,0.623803376521321,0,10.929318368498551,0,0,False,False,False,False,False,False,True,False,False,False,False,False,False,False,False,False,False
0,13.396268137059666,0.351793476544509,1,10.32327467424945,0,0,True,False,False,False,False,False,True,False,False,False,False,False,False,False,True,False,False
0,40.672472263190485,0.19337187399706965,0,39.42296285161732,0,0,False,False,True,False,False,False,True,False,False,False,False,False,False,False,False,False,True
0,12.509996003196802,0.5304166750075946,0,8.29276793356717,1,0,True,False,False,False,False,False,True,False,False,False,False,True,False,False,False,False,False
0,23.76930794112441,0.2795598614134703,5,15.220052562327107,0,1,False,False,True,False,True,False,False,False,False,False,False,False,False,False,False,False,False
0,60.400745028517655,0.13225396773619935,0,55.10036297521097,0,1,False,False,True,False,False,True,False,False,False,False,False,False,False,True,False,False,False
0,18.792817777012583,0.3915330397737644,1,13.669308687713517,0,0,True,False,False,False,False,False,True,False,False,False,False,False,False,False,False,False,True
0,16.30490723677998,0.46580656934384135,0,12.912009913255185,0,0,False,False,False,False,False,False,True,False,False,False,False,False,False,False,False,False,True
0,8.39344982709732,0.31263226607944694,0,5.220153254455275,0,1,False,False,True,False,False,False,False,False,True,False,False,False,False,False,False,False,False
0,7.496665925596531,0.9742667981302349,0,6.2513998432351165,1,0,False,False,False,False,False,False,True,False,False,False,False,False,False,False,False,False,False
0,11.484337159801605,0.2239800356404238,0,7.178439941937241,0,0,False,False,True,False,False,False,True,False,False,False,False,True,False,False,False,False,False
0,5.756735185849703,1.1993348501013081,2,5.021951811795894,1,0,True,False,False,False,True,False,False,False,False,False,False,True,False,False,False,False,False
0,19.239802493788762,0.4034903912621033,2,17.84656829757475,0,1,True,False,False,False,False,False,True,False,False,False,True,False,False,False,False,False,False
0,12.658988901172165,0.31622920202403004,0,5.793962374748395,0,0,False,False,True,False,False,False,True,False,False,False,False,False,False,False,False,False,True
1,7.7935871073594845,0.8603042671921424,0,7.779460135510689,1,1,True,False,False,False,True,False,False,False,False,False,False,False,False,False,False,False,False
0,25.357050301641944,0.31225647004702195,0,24.020824298928627,0,0,False,False,True,False,False,False,True,False,False,True,False,False,False,False,False,False,False
0,21.12865353021816,0.35426670170560554,3,19.674348782107135,0,1,False,False,True,False,False,False,False,False,True,False,False,False,False,False,True,False,False
0,22.033610689126736,0.35567652818543716,1,19.022355269524326,0,1,False,False,True,False,True,False,False,False,False,False,False,False,False,False,False,False,True
1,15.192432326655267,0.4806135966281161,0,14.300000000000002,0,0,False,False,False,False,False,False,True,False,False,False,False,False,False,False,False,False,True
0,28.66653100743094,0.248896516518756,2,27.12065633424087,0,0,False,False,True,False,False,False,True,False,False,False,False,False,False,False,True,False,False
0,30.060106453570654,0.26407438838848557,1,28.65047992617226,1,0,False,False,True,False,False,False,True,False,False,False,False,False,False,False,False,False,True
0,22.506221362103418,0.3473757082100105,0,20.81730049742282,0,1,False,False,True,False,False,False,True,False,False,False,False,False,False,False,False,False,True
0,19.94617757867406,0.38963854333177583,1,18.66815470259447,0,0,True,False,False,False,False,False,True,False,False,False,False,False,False,False,False,False,True
0,25.316002844051035,0.2945809592672529,1,23.88828164602888,0,0,False,False,True,False,True,False,False,False,False,False,False,False,False,False,False,False,True
0,25.835827836552866,0.2922353495585619,1,23.49829781069259,0,0,True,False,False,False,False,False,True,False,False,False,False,False,False,False,False,False,True
0,26.60169167553071,0.23937471552184098,2,23.799369739554024,0,0,False,False,True,False,False,False,True,False,False,False,False,False,False,False,False,False,True
0,11.673045875006233,0.6097095456618276,0,10.610372283760833,0,0,False,False,False,False,False,False,True,False,False,False,False,False,False,False,False,False,True
0,13.285330255586423,0.5571979709693875,0,12.081390648431169,0,0,False,False,False,False,False,False,True,False,False,False,True,False,False,False,False,False,False
0,23.911712611187017,0.3053776152920195,1,19.647391684394144,0,0,True,False,False,False,False,False,True,False,False,False,False,False,False,False,True,False,False
0,9.904039579888602,0.746894841139907,1,9.51892851112981,1,0,False,False,False,False,False,False,True,False,False,False,False,False,False,False,True,False,False
0,10.754068997360953,0.40906271053567467,0,9.305912099305472,0,0,False,False,False,False,False,False,True,False,False,False,False,False,False,False,False,False,False
0,14.094325099131206,0.5109716672961044,3,13.505924625881779,0,1,False,False,True,False,True,False,False,False,False,False,False,False,False,False,True,False,False
0,26.376125568399925,0.28508736772650767,4,25.424791051255475,0,1,True,False,False,False,False,False,False,False,True,False,False,False,False,False,True,False,False
0,20.909328061896204,0.36634628292176763,1,19.331063085097,0,0,False,False,True,False,False,False,True,False,False,False,False,False,False,False,True,False,False
0,24.4724334711528,0.32190494686106313,1,23.015212360523627,0,1,False,False,True,False,False,False,False,False,True,False,False,False,False,False,True,False,False
0,17.402586014727817,0.4517951692336075,1,16.701197561851668,0,1,False,False,True,False,False,False,False,False,True,False,False,False,False,False,True,False,False
0,10.541821474489126,0.5444444611861746,0,8.772684879784528,1,0,False,False,False,False,False,False,True,False,False,False,False,False,False,False,True,False,False
0,24.214252001662164,0.18308256319437666,1,20.448227307030795,0,0,False,False,True,False,False,False,True,False,False,False,False,False,False,False,True,False,False
0,21.378493866500516,0.35121559513756884,1,18.75153327064217,0,1,False,False,True,False,False,False,True,False,False,False,False,False,False,False,True,False,False
0,9.749358953285084,0.721911447531926,2,8.188406438373717,0,1,False,False,True,False,False,False,True,False,False,False,True,False,False,False,False,False,False
1,14.213022197970425,0.40616928920538586,3,6.519202405202646,0,0,False,False,True,False,False,False,True,False,False,False,True,False,False,False,False,False,False
0,31.9399436442834,0.231587949860124,1,29.952796196682534,0,0,False,False,True,False,False,False,True,False,False,False,False,False,False,False,False,False,True
0,29.014651471282573,0.26756816804011446,3,26.379727064547122,0,0,True,False,False,False,False,False,True,False,False,False,False,False,False,False,False,False,False
0,37.95115281516491,0.2065208279582622,1,35.41892149684968,0,0,False,False,True,False,False,False,True,False,False,False,False,False,False,False,False,False,False
1,9.868130522039113,0.7406213339431869,0,6.552098900352463,0,0,True,False,False,False,False,False,True,False,False,False,False,False,False,False,False,False,False
0,26.95514793133215,0.27748907850197485,2,24.884533349050376,0,0,True,False,False,False,False,False,True,False,False,False,False,False,False,False,False,False,True
0,9.226592003551474,0.08083030157048787,0,3.6013886210738195,0,0,False,False,True,False,False,False,True,False,False,False,False,True,False,False,False,False,False
0,26.593232221751464,0.2965458090697004,2,24.466303357883884,0,1,False,False,True,False,False,False,True,False,False,False,False,False,False,False,True,False,False
1,11.092339699089637,0.641824865152524,0,10.018482919085107,1,1,False,False,True,False,False,False,False,False,True,False,False,False,False,False,True,False,False
0,12.191800523302538,0.44955719075216904,0,7.779460135510689,0,1,True,False,False,False,False,False,True,False,False,False,False,False,False,False,False,False,True
0,15.121177202850316,0.3499032708436193,0,6.363961030678928,0,0,False,False,True,False,False,False,True,False,False,True,False,False,False,False,False,False,False
0,8.902246907382422,0.8274029757269064,1,6.530696746902282,1,0,False,True,False,False,False,False,True,False,False,True,False,False,False,False,False,False,False
0,19.580091930325562,0.3294230381121475,1,15.520631430454111,0,0,True,False,False,False,False,False,True,False,False,False,False,False,False,True,False,False,False
0,19.039432764659775,0.3271951466949291,0,10.435037134576955,0,0,False,False,True,False,False,False,True,False,False,False,False,False,False,False,False,False,True
0,14.301048912579802,0.386855498146341,0,11.384638773364744,0,0,True,False,False,False,False,False,True,False,False,False,False,False,False,False,True,False,False
0,16.32176461048253,0.2976006609991263,1,13.98070098385628,1,0,False,False,True,False,False,False,True,False,False,False,False,False,False,False,True,False,False
0,29.614185789921695,0.26320297824184086,3,28.72211691362599,0,0,True,False,False,False,False,False,True,False,False,False,True,False,False,False,False,False,False
0,12.343824366864594,0.30678406126508917,0,7.829431652425353,0,0,False,False,True,False,False,False,True,False,False,False,False,False,False,False,False,False,True
0,17.638877515306923,0.3436140919031091,1,13.678084661238207,0,1,False,False,True,False,True,False,False,False,False,False,False,False,False,False,False,False,True
1,26.300760445279902,0.30185230549006503,4,24.103319273494257,0,0,True,False,False,False,True,False,False,False,False,False,True,False,False,False,False,False,False
0,15.837297749300546,0.29440002901136386,1,14.787156589419078,0,1,False,False,True,False,False,False,False,True,False,False,True,False,False,False,False,False,False
0,4.026164427839484,1.5640656592032802,0,1.1401754250991385,0,0,False,False,False,False,False,False,True,False,False,False,False,False,False,False,False,False,False
0,15.341773039645709,0.25335925212340893,0,10.470912090166742,0,0,False,False,True,False,True,False,False,False,False,False,False,True,False,False,False,False,False
0,32.18338080438411,0.2430003098900843,0,29.574313178838153,0,0,False,False,True,False,False,False,True,False,False,False,False,False,False,False,True,False,False
0,5.700000000000003,1.2238048688693328,0,3.5,1,0,False,False,False,False,False,False,True,False,False,False,False,False,False,False,False,False,False
0,12.459534501738013,0.22589649167906978,1,8.000624975587838,0,0,False,False,True,False,False,False,True,False,False,False,False,False,False,False,False,False,False
0,33.46117152760794,0.22930210831347136,1,30.926040807060975,0,0,False,False,True,False,False,False,True,False,False,False,True,False,False,False,False,False,False
0,21.8524598157736,0.34603349337801526,0,16.608732642799684,0,0,True,False,False,False,False,False,True,False,False,False,True,False,False,False,False,False,False
0,27.69729228643118,0.2849194521623414,0,25.314027731674788,0,0,True,False,False,False,False,False,True,False,False,False,False,False,False,False,False,False,True
0,30.157254516948324,0.22447775576171547,0,27.434467372267314,0,0,False,False,True,False,False,False,True,False,False,False,False,True,False,False,False,False,False
0,18.55640051303054,0.2504603738344442,0,14.84486443184982,0,1,False,False,True,False,False,False,True,False,False,False,False,False,False,False,False,False,True
0,28.54119829299394,0.24727547887599627,4,26.73013280924732,0,0,False,False,True,False,False,False,True,False,False,False,True,False,False,False,False,False,False
0,26.44333564435471,0.23999628934897455,1,23.354014644167716,0,1,False,False,True,False,False,False,True,False,False,False,False,False,False,False,False,False,True
0,17.328012003689288,0.23480507800140338,0,13.223085872821065,0,0,True,False,False,False,False,False,True,False,False,False,False,True,False,False,False,False,False
0,15.469001260585634,0.4875554037452424,3,14.560219778561036,0,1,True,False,False,False,True,False,False,False,False,False,False,False,False,False,False,False,False
0,13.495184326269877,0.5730758262871353,2,10.66770828247568,0,1,False,False,True,False,False,False,True,False,False,False,False,False,False,False,True,False,False
0,9.442986815621417,0.7546267284278928,1,6.5795136598383905,0,1,True,False,False,False,True,False,False,False,False,False,False,False,False,False,True,False,False
0,12.044085685513869,0.35061127108112133,2,8.544588931013594,0,1,False,False,True,False,True,False,False,False,False,False,False,False,False,False,True,False,False
1,16.3294213002176,0.4308126988784174,0,10.107917688624113,0,0,True,False,False,False,False,False,True,False,False,False,False,False,False,False,True,False,False
0,16.196604582442585,0.34886226735877957,0,13.366001645967279,0,0,False,False,True,False,True,False,False,False,False,False,False,False,False,False,True,False,False
0,26.64301034042512,0.1499081695612564,1,24.970782927253197,0,0,True,False,False,False,False,False,True,False,False,False,True,False,False,False,False,False,False
0,22.051077071199945,0.35812964471734865,4,20.10994778710278,0,1,False,False,True,False,False,False,False,False,True,False,True,False,False,False,False,False,False
0,22.380571931923456,0.28867886604437926,0,19.416487838947603,0,0,False,False,True,False,False,False,True,False,False,False,False,False,False,False,True,False,False
0,16.84428686528462,0.28486804862041104,1,12.94681427996864,0,1,False,False,True,False,False,False,True,False,False,False,False,False,False,False,False,False,True
0,7.992496481075233,0.6119024344346673,0,4.661544808322665,1,1,True,False,False,False,False,False,False,False,True,False,False,False,False,False,False,False,True
0,10.0,0.5191461142465229,1,8.514693182963203,1,0,False,False,False,False,False,False,True,False,False,False,True,False,False,False,False,False,False
1,19.0,0.3388680246636492,1,16.24315240339756,0,0,False,False,True,False,False,False,True,False,False,False,False,False,False,False,False,False,True
0,16.387800340497197,0.44355816973109385,0,13.612494260788507,0,0,False,False,True,False,False,False,True,False,False,False,True,False,False,False,False,False,False
1,20.23561217260303,0.27354028704387734,1,16.829735589129143,0,0,False,False,True,False,False,False,True,False,False,False,False,False,False,False,False,False,True
0,16.82408987137195,0.4072620385112415,1,13.511846653955194,1,1,False,False,True,False,True,False,False,False,False,False,False,False,False,True,False,False,False
0,7.0,1.0382922284930458,1,5.346026561849461,1,0,False,False,False,False,False,False,True,False,False,False,False,False,False,False,False,False,True
0,13.871553626036276,0.5292929979598794,0,7.576938695805846,0,1,True,False,False,False,True,False,False,False,False,False,False,False,False,False,True,False,False
1,15.546703830716009,0.49142794722070465,1,12.52996408614166,0,1,False,False,True,False,False,False,True,False,False,False,False,False,False,False,False,False,True
0,18.902909828912588,0.36697749206042046,0,15.72577502064684,0,1,True,False,False,False,False,False,True,False,False,False,False,False,False,False,False,False,True
0,26.107853224652544,0.16553358136451468,0,21.678099547700214,0,1,False,False,True,False,True,False,False,False,False,False,True,False,False,False,False,False,False
0,26.13694702906213,0.26353327800511445,0,23.21249663435625,0,0,False,False,True,False,True,False,False,False,False,False,False,False,False,False,False,False,True
0,16.04618334682737,0.4558654061242676,1,11.700427342623,0,0,False,False,True,False,False,False,True,False,False,False,False,False,False,False,False,False,True
1,12.49039631076613,0.61642177292956,0,11.044002897500535,0,1,False,False,True,False,False,False,True,False,False,False,False,False,False,False,True,False,False
0,11.448143954370948,0.6485160285164673,1,10.139033484509271,1,0,False,False,False,False,False,False,True,False,False,False,False,False,False,False,False,False,False
0,4.545327270945403,1.4058793185525416,2,1.7720045146669376,0,0,True,False,False,False,True,False,False,False,False,False,False,False,False,False,False,False,False
0,11.981652640600121,0.6289454316258338,0,9.9929975482835,1,0,False,False,False,False,False,False,True,False,False,False,False,False,False,False,False,False,False
0,25.770137756713673,0.2315378289784744,1,21.87532856896096,0,0,True,False,False,False,False,False,True,False,False,False,True,False,False,False,False,False,False
0,25.0569351677335,0.2752533580287344,0,20.88923167567443,0,0,False,False,True,False,False,False,True,False,False,False,False,False,False,False,True,False,False
0,18.585209172888,0.41007183697433364,2,16.671532623007412,0,0,True,False,False,False,True,False,False,False,False,False,False,False,False,False,False,False,True
0,22.68237200999931,0.31058198523001046,1,20.52924742897314,0,0,True,False,False,False,False,False,True,False,False,False,False,False,False,False,False,False,True
0,22.515772249692,0.335520303489574,1,19.73626104407824,0,1,False,False,True,False,False,False,True,False,False,False,False,False,False,False,False,False,True
0,23.61800160894228,0.29932358490862354,0,19.76689151080665,0,0,True,False,False,False,False,False,True,False,False,False,False,False,False,False,False,False,True
0,8.30240928887513,0.8918865804399627,0,7.317103251970684,1,0,False,False,False,False,False,False,True,False,False,False,False,False,False,False,False,False,False
0,25.59472601924076,0.3089805970382963,1,23.242202993692317,0,0,True,False,False,False,False,False,True,False,False,False,False,False,False,False,False,False,True
0,8.886506625215564,0.7197399481437305,0,5.420332093147065,0,0,False,False,False,True,False,False,False,False,False,False,False,False,False,False,False,False,True
0,23.30708046924796,0.30985709879183215,1,19.961963831246653,0,0,True,False,False,False,False,False,True,False,False,False,False,False,False,False,False,False,True
0,16.321764610482532,0.15216913635534257,0,4.949747468305832,0,0,False,False,True,False,False,False,True,False,False,False,False,False,False,False,False,False,True
1,7.1449282711585065,0.8412323267068651,0,3.546829570193652,0,1,False,False,True,False,False,False,True,False,False,False,False,False,False,False,False,False,False
0,12.731457104353767,0.5218252772937048,0,2.8653097563788834,0,1,False,False,True,False,False,False,True,False,False,False,False,False,False,False,False,False,True
0,25.225780463644725,0.25845805354564605,0,21.63631207022121,0,0,True,False,False,False,False,False,True,False,False,False,False,True,False,False,False,False,False
1,7.7935871073594845,0.8603042671921424,0,5.682429058070147,0,1,True,False,False,False,False,False,False,False,True,False,False,False,True,False,False,False,False
0,13.146862743635834,0.5784074469788365,4,11.360017605620154,0,0,False,False,True,False,False,False,False,False,True,False,False,False,False,False,False,False,False
0,20.385534086699817,0.32627106846843007,2,16.781537474260226,0,0,True,False,False,False,False,False,True,False,False,False,False,False,False,False,False,False,True
0,16.638810053606594,0.45865149376838454,2,14.166156853571822,0,1,False,False,True,False,True,False,False,False,False,False,False,False,False,False,True,False,False
0,8.702298546935749,0.8615669184315553,0,7.54254598925323,1,0,False,False,False,False,False,False,True,False,False,False,False,False,False,False,True,False,False
0,24.981593223811807,0.27930718033460133,0,21.429419030855684,0,0,True,False,False,False,False,False,True,False,False,False,False,False,False,False,False,False,True
0,17.839843048636943,0.38020972585744667,1,15.25549081478534,0,1,False,False,True,False,False,False,False,False,True,False,False,False,False,False,True,False,False
0,32.33960420289649,0.22305477004081237,0,30.680449801135573,0,0,False,False,True,False,False,False,True,False,False,False,True,False,False,False,False,False,False
0,10.989540481748993,0.6804415930596758,1,9.946356116689163,0,0,False,False,False,False,False,False,True,False,False,False,False,False,False,False,False,False,False
0,21.06679852279411,0.34138674476495684,0,17.00735135169495,0,0,False,False,True,False,False,False,True,False,False,False,False,False,False,False,False,False,True
0,29.181500989496755,0.22586514150916376,2,27.411676344215078,0,0,False,False,True,False,False,False,True,False,False,False,True,False,False,False,False,False,False
0,29.35574901105403,0.2553672078806464,3,26.027101260032776,0,1,False,False,True,False,True,False,False,False,False,False,False,False,False,False,False,False,True
0,13.263860674780931,0.5835742037197345,0,4.110960958218902,0,0,False,False,True,False,False,False,True,False,False,False,False,False,False,False,True,False,False
0,25.660280590827526,0.25110379679471106,0,21.860009149128917,0,0,True,False,False,False,False,False,True,False,False,False,False,False,True,False,False,False,False
0,29.560108254199616,0.2589182806201119,1,25.865227623201005,0,0,False,False,True,False,False,False,True,False,False,False,False,False,True,False,False,False,False
0,15.646405337968202,0.3853045954689942,1,11.640017182117901,0,1,False,False,True,False,False,False,True,False,False,False,False,True,False,False,False,False,False
0,27.795863001533167,0.27710874058729407,1,24.86463351831271,0,0,False,False,True,False,False,False,True,False,False,False,False,False,False,False,True,False,False
0,17.68671818060094,0.31524779979492057,1,14.217243052012577,0,0,True,False,False,False,False,False,True,False,False,False,False,False,False,False,False,True,False
1,32.703516630478745,0.1551704704609277,1,30.408058142538465,0,0,False,False,True,False,False,False,True,False,False,False,False,False,False,False,False,False,True
0,40.851193373021545,0.1682846622391973,0,38.31292210207934,1,0,False,False,True,False,False,False,True,False,False,False,False,False,False,False,False,False,True
0,17.102631376487064,0.45944351663383953,0,13.623509092741115,0,1,False,False,True,False,False,False,False,False,True,False,False,False,False,False,False,False,True
0,27.43720102342803,0.28716797178164305,0,24.87669592208741,0,0,False,False,True,False,False,False,True,False,False,False,False,False,False,False,False,False,True
0,13.418271125595881,0.5258163877480667,3,12.203687967167962,1,0,False,False,False,False,False,False,True,False,False,False,False,False,False,False,True,False,False
0,21.044714300745447,0.3716868911328607,0,19.813379318026488,0,1,False,False,True,False,False,False,True,False,False,False,False,False,False,False,True,False,False
0,7.440430095095313,0.7296619590832345,1,4.5276925690687175,0,0,True,False,False,False,True,False,False,False,False,False,True,False,False,False,False,False,False
0,14.645477117526765,0.4071575654392896,0,6.161980201201566,0,1,False,False,True,False,False,False,True,False,False,False,False,False,False,False,False,False,True
0,26.322993750711568,0.2840266831740019,1,23.62392854713204,0,0,False,False,True,False,False,False,True,False,False,False,False,False,False,False,False,False,True
0,32.116818024206566,0.2454675009049758,2,30.67784216661921,0,0,False,False,True,False,False,False,True,False,False,False,True,False,False,False,False,False,False
0,10.261091559868277,0.20322533138700094,0,6.462971452822607,0,1,False,False,True,False,False,False,False,False,True,False,False,False,False,False,True,False,False
0,20.033971149025852,0.3828664657038025,0,16.191355718407284,0,0,False,False,True,False,True,False,False,False,False,False,False,False,False,False,False,False,True
0,23.94702486740263,0.2728609837545182,1,21.111608181282637,0,0,False,False,True,False,False,False,True,False,False,False,False,False,False,False,False,False,True
0,28.748043411682826,0.22700159733134773,1,25.824213443975403,0,0,False,False,True,False,False,False,True,False,False,False,False,False,False,False,False,False,True
0,23.903974564912843,0.24285930380427267,1,20.537283169883985,0,0,True,False,False,False,False,False,True,False,False,False,False,False,False,False,False,False,True
0,18.35211159512714,0.4051927191679642,0,12.980754985747176,0,0,True,False,False,False,False,False,True,False,False,False,False,False,False,False,False,False,True
0,33.51074454559314,0.21626300858614245,1,31.08214921783885,0,0,False,False,True,False,False,False,True,False,False,False,True,False,False,False,False,False,False
0,17.810109488714552,0.2645657101086206,0,13.946325680981355,0,0,False,False,True,False,False,False,True,False,False,False,False,False,False,False,False,False,False
0,21.159631376751346,0.11621360878155906,0,16.99205696788944,0,0,False,False,True,False,True,False,False,False,False,False,True,False,False,False,False,False,False
0,14.212670403551899,0.5482883967143286,1,10.855873986004072,0,1,False,False,True,False,False,False,True,False,False,False,False,False,False,False,False,False,True
0,35.33907186104355,0.21838551012482288,0,33.761516553614705,0,0,False,False,True,False,False,False,True,False,False,False,False,False,False,False,True,False,False
1,8.872992730753248,0.7144001364568456,0,5.186520991955977,0,1,False,False,True,False,False,False,True,False,False,False,False,True,False,False,False,False,False
0,23.801890681204295,0.33297164270513924,2,22.917678765529452,0,0,False,False,True,False,False,False,True,False,False,False,False,False,False,False,False,False,True
0,19.08009433938941,0.39816274038334665,0,16.676030702778164,0,1,True,False,False,False,False,False,True,False,False,False,True,False,False,False,False,False,False
0,8.926925562588721,0.8353974739755528,0,6.718630812896333,0,1,False,False,True,False,False,False,True,False,False,False,False,False,False,False,False,False,True
0,14.142842712835357,0.40642546709918126,0,8.48999411071646,0,1,False,False,True,False,False,False,True,False,False,False,False,False,False,False,True,False,False
0,22.29282395749807,0.24606929790385457,1,18.320753259623356,0,0,False,False,True,False,False,False,False,False,True,False,False,False,False,False,True,False,False
0,9.139474820797968,0.8004921821776148,1,7.983107164506809,0,0,False,False,False,False,False,False,True,False,False,False,False,False,False,False,False,False,False
0,25.489213404889526,0.2603273615500657,4,24.060133000463644,0,0,False,False,True,False,False,False,True,False,False,False,True,False,False,False,False,False,False
1,15.041608956491324,0.3367277832441413,0,10.060318086422521,0,0,False,False,True,False,False,False,True,False,False,True,False,False,False,False,False,False,False
0,11.881077392223313,0.550370117878781,0,8.988882021697686,0,0,False,False,False,False,False,False,True,False,False,False,False,False,False,False,False,False,True
0,15.264337522473747,0.20359126743581468,0,11.308846094982455,0,0,True,False,False,False,False,False,True,False,False,False,False,False,False,False,False,False,True
0,22.027255843613382,0.1985429122393838,0,18.200274723201296,0,0,True,False,False,False,False,False,True,False,False,False,False,False,False,False,False,False,True
0,24.860008045050986,0.30993436882220526,1,22.012723593412968,0,1,True,False,False,False,False,False,True,False,False,False,True,False,False,False,False,False,False
0,11.187939935484096,0.6828646190157703,1,7.516648189186454,1,1,False,False,True,False,True,False,False,False,False,False,False,False,False,False,True,False,False
0,23.358510226467786,0.17785224586118487,0,18.73018953454556,0,0,False,False,True,False,True,False,False,False,False,False,False,False,False,False,False,False,True
0,25.303161857759992,0.2889933105727422,4,22.88165203825983,0,1,False,False,True,False,False,False,True,False,False,False,False,False,False,False,False,False,False
0,8.080222769206303,0.6618432697453533,2,5.742821606144493,0,0,False,False,False,False,False,False,True,False,False,False,False,False,False,False,False,False,False
1,3.534119409414461,1.8553582638588562,0,5.32353266168247,0,1,False,False,True,False,False,False,False,False,True,False,False,False,False,False,False,False,False
0,21.510230124292022,0.28732965099414254,0,14.700340132119395,0,0,False,False,True,False,False,False,True,False,False,False,False,False,False,False,False,False,True
0,17.839843048636947,0.24633270575324895,0,12.24499897917513,0,1,False,False,True,False,False,False,True,False,False,False,False,False,False,False,False,False,True
1,9.71236325515062,0.7596721569295724,0,7.518643494673753,0,0,False,False,False,False,False,False,True,False,False,False,True,False,False,False,False,False,False
1,21.47207488809594,0.3514745034452034,1,17.52084472849412,0,0,True,False,False,False,False,False,True,False,False,False,False,False,False,False,True,False,False
0,22.391292950609166,0.34202513931456546,1,15.815182578775364,0,0,False,False,True,False,False,False,True,False,False,False,False,False,False,False,True,False,False
0,19.52331938989884,0.3565239420247719,4,16.211415730897773,0,1,False,False,True,False,True,False,False,False,False,False,False,False,False,False,False,False,False
1,6.403124237432854,1.1165675915281332,0,6.319810123729981,0,1,False,False,True,False,False,False,True,False,False,False,False,False,False,False,False,False,True
0,15.492256130079957,0.4492426488201437,1,11.452947218947614,0,0,True,False,False,False,False,False,True,False,False,True,False,False,False,False,False,False,False
0,20.62062074720351,0.25986608543087586,1,16.426807358704856,0,0,False,False,True,False,False,False,True,False,False,True,False,False,False,False,False,False,False
0,24.85558287387362,0.3040009393401446,0,13.648809471891667,1,0,False,False,True,False,False,True,False,False,False,False,False,False,True,False,False,False,False
1,18.009997223764355,0.38457021540871733,0,3.623534186398679,0,0,False,False,True,False,False,True,False,False,False,False,False,True,False,False,False,False,False
1,9.486832980505138,0.7717003900245826,0,6.440496875241843,0,1,True,False,False,False,False,False,True,False,False,True,False,False,False,False,False,False,False
0,11.078808600206072,0.6187412985495426,2,8.41189633792524,1,0,False,False,False,False,False,False,True,False,False,False,False,False,False,False,False,False,False
0,18.560711193270592,0.23658092772414852,0,6.795586803212807,0,1,False,False,True,False,False,False,True,False,False,False,True,False,False,False,False,False,False
0,26.120490041344933,0.28941215693029987,1,20.86552180032888,0,0,False,False,True,False,False,False,True,False,False,False,False,False,False,False,False,False,True
0,30.117104774529704,0.22932843097778,0,24.215697388264495,0,0,False,False,True,False,False,False,True,False,False,False,False,False,False,False,True,False,False
0,14.996666296213975,0.5185272705320093,0,12.551493934986397,0,1,False,False,True,False,False,False,True,False,False,False,False,False,True,False,False,False,False
0,31.154132952146174,0.13905361056943388,1,28.6541445518794,0,0,False,False,True,False,False,False,True,False,False,False,True,False,False,False,False,False,False
0,28.429737951659003,0.27273947619580957,1,24.617473469062585,0,0,False,False,True,False,True,False,False,False,False,False,False,False,False,False,True,False,False
0,14.427751037497146,0.39449547164782683,0,3.3970575502926037,0,1,True,False,False,False,False,False,True,False,False,False,False,False,False,False,False,False,True
0,26.70299608658174,0.2772951390014484,1,24.196074061715052,0,1,False,False,True,False,True,False,False,False,False,False,True,False,False,False,False,False,False
0,5.5785302723925465,1.2341215074081686,0,1.1401754250991398,0,0,False,False,False,False,False,False,True,False,False,False,False,False,False,False,False,False,False
0,22.71497303542314,0.2936737970620158,0,17.058135888777542,0,0,False,False,True,False,False,False,True,False,False,False,False,False,False,False,True,False,False
0,33.70830758136635,0.2212666493234851,1,31.79182284802178,1,0,True,False,False,False,False,False,True,False,False,False,False,False,False,False,True,False,False
0,17.032028651925174,0.38791945590535437,1,14.90402630164078,0,1,False,False,True,False,False,False,False,False,True,False,False,True,False,False,False,False,False
0,19.443507913954203,0.23007435261137266,0,15.601281998605103,1,0,False,False,True,False,False,False,True,False,False,False,False,False,False,False,False,False,True
0,25.984995670578826,0.30453376117180697,1,20.91602256644414,1,0,True,False,False,False,False,False,True,False,False,False,False,True,False,False,False,False,False
0,34.11231449198368,0.05153799131764569,0,31.98827910344663,0,0,False,False,True,False,False,False,True,False,False,False,True,False,False,False,False,False,False
0,26.08926982496827,0.2900828085714263,1,24.4761108021679,0,0,True,False,False,False,False,False,True,False,False,False,False,False,False,False,False,False,True
0,24.035390573069535,0.2118348662370093,1,19.275372888740694,0,0,False,False,True,False,False,False,True,False,False,False,False,False,False,False,False,False,True
0,8.637129152675667,0.8652905438185339,2,8.000624975587845,1,0,False,False,False,False,False,False,True,False,False,False,False,False,False,False,False,False,False
0,22.440142602042442,0.21642666075904293,0,18.681541692269406,0,0,False,False,True,False,False,False,True,False,False,False,False,False,False,False,True,False,False
0,32.93706119252292,0.23932421080295618,0,30.80162333384395,0,1,False,False,True,False,False,False,True,False,False,False,False,False,False,False,False,False,True
0,22.21936092690336,0.3544738217148734,0,18.21016199818112,0,0,False,False,True,False,False,False,True,False,False,False,False,False,False,False,False,False,True
0,32.44996147917591,0.24493328284009186,1,30.166372005927403,0,0,False,False,True,False,False,False,True,False,False,False,True,False,False,False,False,False,False
1,4.118252056394801,1.510868171673688,0,2.5298221281347013,0,0,False,True,False,False,False,False,True,False,False,False,True,False,False,False,False,False,False
0,11.1610931364271,0.67666994784974,1,10.84158659975559,1,0,False,False,False,False,False,False,True,False,False,False,False,False,False,False,False,False,False
0,11.609048195265625,0.22513178308163528,0,3.7121422386541223,0,0,True,False,False,False,False,False,True,False,False,False,False,False,False,False,False,False,True
1,11.846096403457132,0.5579845494660254,1,9.257429448826489,0,1,False,False,True,False,False,False,True,False,False,False,False,True,False,False,False,False,False
0,24.355902775302745,0.3148691285573919,0,22.968238939892625,1,0,False,False,True,False,False,False,True,False,False,False,False,False,False,False,True,False,False
1,10.590561835898987,0.7132666100506908,0,9.556673061269818,0,0,False,False,False,False,False,False,True,False,False,False,False,False,False,False,False,False,True
0,36.17070637961056,0.1931777843128724,0,31.605695689226643,0,0,True,False,False,False,False,False,True,False,False,False,False,False,False,True,False,False,False
0,7.917701686727027,0.8758121993431588,0,5.300943312279427,0,0,False,False,False,False,False,False,True,False,False,False,True,False,False,False,False,False,False
0,35.54068091638088,0.17957970776553878,0,31.741613065501255,0,0,False,False,True,False,False,False,True,False,False,False,False,False,False,False,False,False,True
0,19.66977376585709,0.37220471623498685,1,14.221462653327883,0,0,False,False,True,False,False,False,True,False,False,False,False,False,False,False,False,False,True
0,15.443445211480501,0.45189408154656824,0,14.202112518917739,1,0,False,False,False,False,False,False,True,False,False,False,False,False,False,False,True,False,False
0,32.61931942882929,0.20983794666763672,2,27.634217919094436,0,0,False,False,True,False,False,False,True,False,False,False,False,False,False,False,True,False,False
0,24.961570463414354,0.2552306698679465,0,18.263077506269312,0,1,False,False,True,False,True,False,False,False,False,False,False,True,False,False,False,False,False
0,8.127115109311548,0.8884797719201482,0,6.98569967862919,0,0,False,False,False,False,False,False,True,False,False,False,False,False,False,False,False,False,False
0,16.140012391568973,0.46935717175386654,0,13.94883507680838,0,1,True,False,False,False,False,False,True,False,False,False,False,False,False,False,False,False,True
0,29.30187707297947,0.20227490459184205,0,25.95573154430442,0,0,False,False,True,False,False,False,True,False,False,False,False,False,False,False,True,False,False
0,9.202173656261872,0.6698924953669444,0,7.06045324324154,0,0,False,False,False,False,False,False,True,False,False,False,True,False,False,False,False,False,False
0,18.985520798756095,0.41363578194856304,5,18.298907071188708,0,1,False,False,True,False,True,False,False,False,False,False,True,False,False,False,False,False,False
1,15.879546593023365,0.3861007243444652,0,11.552056094046637,0,0,True,False,False,False,False,False,True,False,False,False,True,False,False,False,False,False,False
0,20.659622455408034,0.2859855476802967,2,16.783622970026467,0,0,True,False,False,False,False,False,True,False,False,False,False,False,False,False,False,False,True
1,22.931419493786244,0.2694440127745048,0,19.30802941783547,0,0,False,False,True,False,False,False,True,False,False,False,False,False,False,False,False,False,True
0,8.900561780022658,0.8446947340370201,1,7.942921376924247,0,1,False,False,True,False,False,False,True,False,False,False,False,False,False,False,False,False,False
0,4.801041553663124,1.3485668669740045,0,4.080441152620642,0,0,False,True,False,False,False,False,True,False,False,False,False,False,False,False,False,False,False
0,9.563472172804184,0.3553097720365228,0,8.764131445842194,1,0,False,False,False,False,False,False,True,False,False,False,False,False,False,False,False,False,False
0,16.772596698186,0.25372118426141366,0,12.96533840669035,0,0,False,False,True,False,False,False,True,False,False,False,False,False,False,False,True,False,False
0,37.52572450999447,0.18906899125596938,1,19.669773765857087,0,0,True,False,False,False,True,False,False,False,False,False,False,False,False,False,True,False,False
0,11.80677771451635,0.6530270822266353,2,11.410959644131593,0,0,False,False,False,False,False,False,True,False,False,False,False,False,False,False,False,False,False
0,28.111385593741197,0.27397855591572917,2,27.54087870784082,0,0,True,False,False,False,False,False,True,False,False,False,True,False,False,False,False,False,False
0,10.089598604503552,0.5380164839553798,0,8.06597793203031,0,0,False,False,False,False,False,False,True,False,False,False,False,False,False,False,False,False,True
0,10.72800074571213,0.7031655413567434,2,10.141498903022184,1,0,False,False,False,False,False,False,True,False,False,False,False,False,False,False,False,False,False
0,10.123734488813895,0.6064999797403888,0,7.262231062146125,1,0,False,False,False,False,False,False,True,False,False,False,False,False,False,False,False,False,False
0,9.364827814754522,0.7348917024009934,1,6.576473218982953,1,1,True,False,False,False,False,False,True,False,False,False,False,False,False,False,False,False,True
0,25.013996082193664,0.29669997830463296,3,22.71607360438858,0,0,False,False,True,False,False,False,True,False,False,False,False,False,False,False,False,False,False
0,9.626006440887101,0.521054562436134,1,8.070935509592426,0,0,False,False,False,False,False,False,True,False,False,False,False,False,False,False,False,False,False
0,28.50438562747845,0.2393876670712503,2,26.860379744151047,0,0,False,False,True,False,False,False,True,False,False,False,False,False,False,False,False,False,False
0,10.645186705737009,0.3615154437952761,0,8.586617494683225,0,0,False,False,False,False,False,False,True,False,False,False,False,False,False,False,False,False,False
1,4.965883607174056,1.3347261139697202,0,3.2557641192199442,0,1,True,False,False,False,True,False,False,False,False,False,True,False,False,False,False,False,False
1,7.130918594402832,1.0076504811158657,0,5.5901699437494745,0,0,False,False,False,False,False,False,True,False,False,False,False,True,False,False,False,False,False
0,27.8632374285545,0.20134802852745892,0,26.888287412923873,0,0,False,False,True,False,False,False,True,False,False,False,False,False,False,False,True,False,False
0,4.162931659299728,1.4733121898705384,0,1.1401754250991385,1,0,False,False,False,False,False,False,True,False,False,False,False,False,False,False,False,False,False
0,19.428072472584617,0.32452844019876514,0,16.82200939245963,0,0,True,False,False,False,False,False,True,False,False,False,False,False,False,False,True,False,False
0,9.0249653738948,0.7985900102451073,0,7.566372975210778,0,0,False,False,False,False,False,False,True,False,False,False,False,False,False,False,True,False,False
1,7.570997292299086,0.961432079143796,0,6.140032573203509,0,0,False,False,False,False,False,False,True,False,False,False,False,False,False,False,False,False,True
1,5.825804665451805,1.108482939817595,1,4.429446918070026,1,0,False,False,False,False,False,False,True,False,False,False,False,False,False,False,True,False,False
0,13.148764200486672,0.5033837910816514,1,10.375451797391763,0,1,False,False,True,False,False,False,True,False,False,False,True,False,False,False,False,False,False
1,14.440221604947753,0.4491667863435163,1,11.580155439371266,0,1,True,False,False,False,False,False,True,False,False,False,True,False,False,False,False,False,False
0,29.596790366524537,0.26437078849258555,2,28.750652166516144,0,0,True,False,False,False,False,False,True,False,False,False,True,False,False,False,False,False,False
0,14.122676800097066,0.37777787092296033,1,11.82581921052406,0,0,False,False,True,False,False,False,True,False,False,False,False,False,False,False,False,False,False
0,17.11286066091815,0.16605643704815676,0,12.90968628588627,0,0,True,False,False,False,False,False,True,False,False,False,False,False,False,False,False,False,False
0,12.7283148923964,0.41310364877328787,0,10.121264743103998,0,1,True,False,False,False,False,False,False,False,True,False,False,False,False,False,False,False,False
0,23.900209204105312,0.3316486618204878,3,23.100865784641066,0,1,False,False,True,False,False,False,False,False,True,False,False,False,False,False,False,False,False
0,20.580087463370994,0.23691432182009708,0,16.964963896218578,0,0,True,False,False,False,False,False,True,False,False,False,False,True,False,False,False,False,False
0,10.499523798725347,0.5965727092694768,0,8.241965784932622,1,0,False,False,False,False,False,False,True,False,False,False,True,False,False,False,False,False,False
0,15.50516043128868,0.3550394172918899,3,12.870120434556936,0,0,False,False,True,False,False,False,True,False,False,False,False,False,False,False,False,False,False
0,16.574679484080534,0.4693209571096861,4,12.946814279968649,0,0,True,False,False,False,False,False,True,False,False,False,False,False,False,False,False,False,False
0,11.640017182117901,0.4382615118273593,0,8.563293758829014,1,0,False,False,False,False,False,False,True,False,False,False,False,False,False,False,False,False,False
0,18.872466717416675,0.19503703363856373,0,14.598972566588373,0,1,True,False,False,False,False,False,True,False,False,False,False,False,False,False,False,False,False
0,27.285344051340086,0.23185870151157606,1,27.1309786038027,0,0,True,False,False,False,False,False,True,False,False,False,False,False,False,False,True,False,False
0,38.84906691286163,0.1915613203291262,1,37.3954542692023,0,0,True,False,False,False,False,False,True,False,False,False,False,False,False,False,False,False,True
0,18.514858897652992,0.41913249143649384,0,16.53269488014583,1,0,False,False,True,False,False,False,True,False,False,False,False,False,False,False,True,False,False
0,17.182549286994643,0.3615463500071216,0,2.4413111231467397,0,1,False,False,True,False,False,True,False,False,False,False,False,False,False,False,False,False,True
0,13.172699040060095,0.5248157912693313,1,8.723531395025757,0,0,False,False,True,False,False,False,True,False,False,False,False,False,False,False,False,False,True
1,3.360059523282291,1.8570846150650513,0,1.8248287590894696,0,0,False,False,False,False,False,False,True,False,False,False,False,False,False,False,False,False,True
1,12.73106437027164,0.4667097166654948,0,8.06597793203032,1,1,False,False,True,False,False,False,False,False,True,False,True,False,False,False,False,False,False
0,25.956309444911458,0.29852884582844796,1,23.244139046219804,0,0,True,False,False,False,False,False,True,False,False,False,False,False,False,False,True,False,False
0,13.729530217745982,0.5593805651846168,0,12.628935030318273,1,0,False,False,False,False,False,False,True,False,False,False,True,False,False,False,False,False,False
0,18.727786842016325,0.35056406576433824,0,15.285614151874949,0,0,False,False,True,False,True,False,False,False,False,False,False,False,False,False,True,False,False
0,14.229898102235305,0.4922034202985932,1,10.331505214633536,0,0,False,False,True,False,False,False,True,False,False,False,False,False,False,False,True,False,False
0,32.59601202601324,0.2072072578204222,1,30.664637614033534,0,1,False,False,True,False,False,False,False,False,True,False,False,False,False,False,True,False,False
0,32.957700162481,0.19915411957325924,0,30.96837096135346,0,0,False,False,True,False,False,False,True,False,False,False,False,False,False,False,True,False,False
0,25.3442301125917,0.3009518717139851,1,20.497072961767003,0,0,False,False,True,False,False,False,True,False,False,False,False,True,False,False,False,False,False
0,70.83078426785913,0.09727252257654051,0,62.83008833353651,0,0,False,False,True,False,False,False,True,False,False,False,False,False,False,False,False,False,True
0,15.87954659302337,0.3387254799621767,0,10.824509226750193,0,0,True,False,False,False,False,False,True,False,False,False,False,True,False,False,False,False,False
0,23.36835467036565,0.3367958196550261,0,19.15097908724251,0,0,True,False,False,False,False,False,True,False,False,False,False,False,False,False,False,False,True
0,12.52836781069266,0.5978903895463472,1,9.774456506629923,0,0,True,False,False,False,True,False,False,False,False,False,False,False,False,False,False,False,True
0,28.589508565206224,0.2632846988098504,1,25.205753311496164,0,0,False,False,True,False,False,False,True,False,False,False,False,False,False,False,False,False,True
0,23.07834482799839,0.3073918906520032,0,17.039072744724113,0,0,False,False,True,False,False,False,True,False,False,False,False,False,False,False,True,False,False
0,11.594826432508597,0.6476488979780601,0,9.009439494219388,0,1,False,False,True,False,False,False,True,False,False,False,False,False,False,False,False,False,True
0,29.24328982860854,0.26618045686809083,3,28.183683222744317,0,0,False,False,True,False,False,False,True,False,False,False,True,False,False,False,False,False,False
0,9.621330469326988,0.6710990766857033,0,6.352952069707431,0,1,False,False,True,False,False,False,False,False,True,False,False,False,False,False,False,False,True
0,17.513994404475525,0.4487626408861856,0,16.00781059358212,0,1,True,False,False,False,False,False,True,False,False,False,False,False,False,False,True,False,False
1,7.731752712031085,0.9529157027093607,0,2.4020824298928685,0,0,False,False,True,False,False,True,False,False,False,False,False,False,False,False,True,False,False
1,15.65886330485071,0.46015111975307527,0,13.708391590555042,0,1,True,False,False,False,True,False,False,False,False,False,False,False,False,False,False,False,True
0,30.08205445111753,0.24938621551895504,1,27.765085989422037,0,0,True,False,False,False,False,False,True,False,False,False,True,False,False,False,False,False,False
0,13.435028842544403,0.43279320627027995,1,9.5524865872714,0,0,True,False,False,False,False,False,True,False,False,False,False,False,False,False,False,False,True
0,20.316003544004417,0.37463459722849485,0,17.088007490635068,0,0,True,False,False,False,False,False,True,False,False,False,False,False,False,False,True,False,False
1,10.791200118615166,0.39941222409916244,0,3.8897300677553446,0,0,True,False,False,False,False,False,True,False,False,False,False,False,False,False,False,False,False
0,31.440260813167566,0.22638801376790402,0,28.982235938588307,0,0,False,False,True,False,False,False,True,False,False,False,True,False,False,False,False,False,False
0,16.1245154965971,0.2565166126443237,0,11.95700631429122,0,0,False,False,True,False,False,False,True,False,False,False,True,False,False,False,False,False,False
0,14.442298985964806,0.3830463949036155,0,11.88696765369537,0,0,False,False,False,False,False,False,True,False,False,False,True,False,False,False,False,False,False
1,17.962182495454165,0.4174494550460813,2,16.750223879100833,0,1,False,False,True,False,False,False,False,False,True,False,True,False,False,False,False,False,False
1,10.30048542545447,0.740790094040636,1,3.701351104664352,0,1,False,False,True,False,False,False,True,False,False,False,False,False,False,False,False,False,True
1,16.400000000000002,0.46844313003865834,0,14.637281168304447,0,1,True,False,False,False,False,False,True,False,False,False,False,False,True,False,False,False,False
0,17.67766952966369,0.44114117797896446,0,15.849290204927152,0,1,False,False,True,False,False,False,True,False,False,False,False,False,False,False,False,False,True
0,28.550656735003486,0.16369947366505444,2,27.0142554959414,0,0,False,False,True,False,False,False,True,False,False,False,True,False,False,False,False,False,False
1,11.00545319375809,0.669521977492517,0,9.340770846134703,1,0,False,False,False,False,False,False,True,False,False,False,False,False,False,False,False,False,True
0,10.97679370308106,0.6771173137768662,0,6.499999999999997,0,1,False,False,True,False,False,False,True,False,False,False,False,False,False,False,False,False,True
0,14.21302219797042,0.4097931047840252,0,10.012492197250383,0,0,False,False,True,False,False,False,True,False,False,False,False,False,False,False,True,False,False
1,12.131364309095664,0.3454124939612878,0,7.479304780526063,0,1,True,False,False,False,False,False,True,False,False,False,False,False,False,False,False,False,False
1,19.021303845951255,0.41412789764686053,0,14.712239802287078,0,0,False,False,True,False,False,False,True,False,False,False,True,False,False,False,False,False,False
0,22.389729788454346,0.3376749291571486,2,20.181674856165923,0,0,True,False,False,False,False,False,True,False,False,False,False,False,False,False,False,False,True
0,23.93532953606447,0.30217923157807447,1,21.969296757065297,0,0,False,False,True,False,False,False,True,False,False,False,False,False,False,False,False,False,True
0,11.98540779448075,0.636761477908837,0,10.557461816175326,0,1,False,False,True,False,False,False,True,False,False,False,False,False,False,False,False,False,True
0,23.600211863455797,0.3357860954628953,1,22.32241026412694,0,1,False,False,True,False,False,False,True,False,False,False,True,False,False,False,False,False,False
0,23.967686580060246,0.28167838372890236,1,21.631689716709598,0,0,False,False,True,False,False,False,True,False,False,False,False,False,True,False,False,False,False
0,27.37243138634199,0.20335496486658267,2,26.624800468735916,0,0,True,False,False,False,False,False,True,False,False,False,True,False,False,False,False,False,False
1,14.988328792764058,0.4685242197979661,1,12.880993750483704,1,0,True,False,False,False,False,False,True,False,False,False,False,False,False,False,False,False,True
0,8.381527307120106,0.6257205560144322,0,4.810405388322285,0,1,True,False,False,False,True,False,False,False,False,False,False,False,False,False,False,False,True
0,28.667751917442004,0.2692820122646452,2,26.856098003991573,0,0,False,False,True,False,False,False,True,False,False,False,False,False,False,False,True,False,False
0,13.917614738165447,0.2085170103832561,0,9.992997548283501,0,0,True,False,False,False,False,False,True,False,False,False,False,False,False,False,False,False,True
0,10.042410069301097,0.7407986415209985,1,7.022819946431783,0,1,True,False,False,False,False,False,True,False,False,False,False,False,False,False,False,False,True
0,27.634941650019815,0.25135983051919314,0,24.166091947189145,0,0,True,False,False,False,False,False,True,False,False,False,False,False,False,False,True,False,False
0,22.343902971504328,0.34634307716820995,2,21.03188056261256,0,1,False,False,True,False,False,False,True,False,False,False,False,False,False,False,True,False,False
0,22.844255295369123,0.3334113167444125,3,21.47044480209947,0,1,False,False,True,False,True,False,False,False,False,False,True,False,False,False,False,False,False
0,24.436448187083162,0.2750512480087883,2,21.79587116864109,0,0,False,False,True,False,False,False,False,False,True,False,True,False,False,False,False,False,False
1,12.074767078498862,0.5872911130948744,0,6.902897942168924,0,1,True,False,False,False,False,False,True,False,False,False,False,False,False,False,False,False,True
0,11.386395390991828,0.6719447995940556,1,9.492101980067423,0,1,True,False,False,False,False,False,True,False,False,False,False,False,False,False,True,False,False
0,22.11650967037973,0.27520398776027377,1,19.308029417835467,0,0,True,False,False,False,False,False,True,False,False,False,False,False,False,False,True,False,False
0,9.873702446397706,0.6777863907465973,0,7.647875521999555,0,0,False,False,False,False,False,False,True,False,False,False,False,False,False,False,True,False,False
0,11.080162453682703,0.4592547559779826,1,8.504116650187713,0,0,False,False,False,False,False,False,True,False,False,False,False,False,False,False,False,False,False
0,12.425779653607258,0.6218879334516849,1,11.834272263219242,0,1,False,False,True,False,True,False,False,False,False,False,True,False,False,False,False,False,False
0,26.139816372729168,0.3021636719795045,3,25.08944000969332,0,0,False,False,True,False,False,False,True,False,False,False,True,False,False,False,False,False,False
0,25.639422770413532,0.2828323130655815,5,25.18829093050976,0,0,False,False,True,False,False,False,True,False,False,False,True,False,False,False,False,False,False
0,18.938056922503957,0.32433113739238084,0,14.52446212429225,0,0,True,False,False,False,False,False,True,False,False,False,False,False,False,False,False,False,True
0,19.409533739891852,0.3931266738333503,0,17.67059704707229,0,0,False,False,True,False,False,False,True,False,False,False,True,False,False,False,False,False,False
0,15.774663229368798,0.39692391030393326,2,13.7800580550301,1,1,False,False,True,False,False,False,True,False,False,False,False,False,False,False,False,False,False
0,9.849365461794987,0.5706571398934055,0,9.48103369891701,0,0,False,False,False,False,False,False,True,False,False,False,False,True,False,False,False,False,False
0,17.5,0.2817091241438072,0,13.254810447531872,0,1,False,False,True,False,False,False,True,False,False,False,False,False,False,False,True,False,False
0,8.90505474435727,0.7971072301285302,0,2.1023796041628584,0,1,False,False,True,False,False,False,True,False,False,False,False,True,False,False,False,False,False
0,35.88983142897163,0.17552234067309536,1,32.188507265792865,0,0,False,False,True,False,False,False,True,False,False,False,False,False,False,False,False,False,True
0,18.102486017119304,0.27753678566295636,1,15.430165261590682,0,0,False,False,True,False,False,False,True,False,False,False,False,True,False,False,False,False,False
0,14.721752613055283,0.5299587516950519,2,10.711675872616762,0,0,True,False,False,False,True,False,False,False,False,False,False,False,False,False,False,False,False
0,22.055384830013736,0.3125140645167815,1,18.974720024284945,0,0,True,False,False,False,False,False,True,False,False,False,True,False,False,False,False,False,False
0,20.2427764894048,0.38769261416472073,0,17.572990639046047,1,0,False,False,True,False,False,False,True,False,False,False,False,False,False,False,False,False,True
0,27.569729777420747,0.28450458554657626,1,25.419677417308034,0,0,False,False,True,False,False,False,True,False,False,False,False,False,False,False,False,False,True
0,21.51882896442091,0.27720031019182456,0,17.018225524419407,0,0,False,False,True,False,False,False,True,False,False,False,False,False,False,False,False,False,False
0,13.700364958642528,0.5681223413633925,3,12.414507642270802,0,1,False,False,True,False,True,False,False,False,False,False,False,False,False,False,False,False,False
0,6.481512169239516,1.0032587020101464,1,3.7336309405188928,1,1,False,False,True,False,False,False,True,False,False,False,False,False,False,False,False,False,True
0,17.3219513912261,0.41868153958639676,0,13.9086304142428,1,0,True,False,False,False,False,False,True,False,False,False,False,False,False,False,True,False,False
1,13.31840831330831,0.5828946042393826,0,11.20178557195236,0,0,False,False,False,False,False,False,True,False,False,False,False,False,False,False,False,False,True
0,11.475626344561766,0.6589873221657029,0,9.411163583744582,0,0,False,False,False,False,False,False,True,False,False,False,False,False,False,False,True,False,False
0,7.1028163428318996,1.025600820499612,0,6.103277807866846,0,0,False,False,False,False,False,False,True,False,False,False,False,False,False,False,False,False,True
0,6.325345840347392,1.0212363132685165,0,4.01621712560465,0,0,False,False,False,False,False,False,True,False,False,False,False,False,False,False,False,False,True
0,7.54320886625845,0.8567862928595009,0,2.8301943396169857,0,1,False,False,True,False,True,False,False,False,False,False,False,False,False,False,True,False,False
0,26.188547115103578,0.29015239973371154,3,24.637572932413615,0,1,True,False,False,False,False,False,False,False,True,False,False,False,False,False,False,False,False
0,30.513275799232044,0.2605860673266893,0,28.97619712798766,0,0,False,False,True,False,False,False,True,False,False,False,False,False,False,False,True,False,False
1,10.456098698845567,0.46137352041258095,0,8.43800924389159,0,1,True,False,False,False,True,False,False,False,False,False,False,False,False,False,True,False,False
0,27.951565251341467,0.2779924356409468,3,26.682203807032128,0,1,True,False,False,False,False,False,False,False,True,False,False,False,False,False,False,False,False
0,29.712287020692305,0.2606540895163926,0,27.849775582578758,0,0,False,False,True,False,False,False,True,False,False,False,False,False,False,False,True,False,False
0,14.95660389259541,0.29538336037397783,0,10.704204781299739,0,0,False,False,True,False,True,False,False,False,False,False,False,False,False,False,True,False,False
1,8.634813257969167,0.8539926668517224,0,6.181423784210245,0,0,False,False,False,False,False,False,True,False,False,False,False,False,False,False,False,False,False
0,7.702596964660688,0.957786044441864,0,5.40832691319599,1,0,False,False,False,False,False,False,True,False,False,False,False,False,False,False,False,False,False
1,9.533624704172071,0.792754383012797,0,7.220110802473883,0,1,False,False,True,False,False,False,True,False,False,False,False,False,False,False,False,False,True
0,16.63850954863446,0.4311817732462837,0,13.238202294873734,0,1,False,False,True,False,True,False,False,False,False,False,False,True,False,False,False,False,False
0,15.538983235720412,0.502832995031927,1,12.544720004846665,0,1,False,False,True,False,True,False,False,False,False,False,False,True,False,False,False,False,False
0,13.6194713553794,0.5673283649069627,1,11.506954418958998,0,1,False,False,True,False,True,False,False,False,False,False,False,False,False,False,True,False,False
0,21.828879952943073,0.3421294862764125,1,18.476471524617466,0,1,True,False,False,False,False,False,True,False,False,False,False,False,False,False,False,False,True
0,7.1028163428318996,1.025600820499612,0,4.743416490252559,0,1,False,False,True,False,False,False,False,False,True,False,False,False,False,False,False,False,True
0,10.467568963231152,0.7024150070102984,0,9.492101980067435,0,0,False,False,False,False,False,False,True,False,False,False,False,False,False,False,True,False,False
0,23.71349826575573,0.33403809240216886,3,21.311499243366242,0,1,False,False,True,False,False,False,True,False,False,False,True,False,False,False,False,False,False
0,9.391485505499123,0.7495455273581918,1,8.352843827104646,0,1,True,False,False,False,False,False,False,True,False,False,True,False,False,False,False,False,False
0,15.344705927452633,0.42755403521158536,0,10.650821564555477,0,1,False,False,True,False,False,False,True,False,False,False,False,False,False,False,True,False,False
0,14.650938536489733,0.4102561839867881,3,10.840664186294118,0,0,True,False,False,False,False,False,True,False,False,False,False,False,False,False,False,False,False
0,7.0,1.0382922284930458,0,6.576473218982953,1,0,False,False,False,False,False,False,True,False,False,False,False,False,False,False,False,False,False
0,19.053608582103287,0.26987649253396284,1,14.534441853748636,0,0,False,False,True,False,False,False,True,False,False,False,True,False,False,False,False,False,False
0,15.183214415926559,0.5014410414374176,1,12.010412149464313,0,1,True,False,False,False,False,False,True,False,False,False,False,False,False,False,False,False,True
0,15.892765649816901,0.1443934113555423,0,11.69144986731757,0,1,True,False,False,False,False,False,True,False,False,False,False,False,False,False,False,False,True
1,6.8622153857191055,1.0319337081039026,0,5.412947441089741,1,0,False,False,False,False,False,False,True,False,False,False,False,False,False,False,False,False,True
1,7.000714249274855,1.005175355919417,0,6.999999999999997,0,0,False,False,False,False,False,False,True,False,False,False,True,False,False,False,False,False,False
0,8.02309167341369,0.9175445783203087,2,7.595393340703297,0,0,False,False,False,False,False,False,True,False,False,False,False,False,False,False,False,False,False
0,10.688779163215976,0.5302549531237479,1,7.920858539325143,1,0,False,False,False,False,False,False,True,False,False,False,False,False,False,False,True,False,False
1,9.484724561103505,0.6055165397475093,0,5.5009090157900316,0,1,False,False,True,False,False,False,True,False,False,False,False,True,False,False,False,False,False
0,19.56041921841145,0.05449986228220238,0,15.504837954651443,0,0,False,False,True,False,False,False,True,False,False,False,False,False,False,False,True,False,False
0,21.698156603730187,0.19958908563167188,0,18.333030300525873,0,0,False,False,True,False,False,False,True,False,False,False,True,False,False,False,False,False,False
0,11.967038062946072,0.5102632827182667,1,9.500000000000009,0,0,False,False,False,False,False,False,True,False,False,False,False,False,False,False,False,False,False
1,3.858756276314945,1.6128170313185803,0,2.0099751242241783,0,1,True,False,False,False,True,False,False,False,False,False,False,False,False,False,False,False,False
0,23.435016535091243,0.3161136355220118,1,21.66217902243447,0,1,True,False,False,False,False,False,True,False,False,False,True,False,False,False,False,False,False
0,27.200000000000003,0.29202451542255076,0,23.200215516240362,0,0,True,False,False,False,False,False,True,False,False,False,False,False,False,False,False,False,True
0,28.96635979891157,0.2693387919911821,3,27.50727176584403,0,1,False,False,True,False,True,False,False,False,False,False,False,False,False,False,False,False,False
0,18.816216410320116,0.21888818573450064,1,14.949581933953874,0,1,False,False,True,False,False,False,True,False,False,False,True,False,False,False,False,False,False
0,25.744902408049644,0.30439831224267927,0,24.480604567698087,0,0,True,False,False,False,True,False,False,False,False,False,False,False,False,False,True,False,False
0,33.28618331981004,0.19810518546042116,0,31.479675983084714,0,0,False,False,True,False,False,False,True,False,False,False,False,False,True,False,False,False,False
0,23.24758051927125,0.32651935801911136,3,21.733844574764035,0,0,False,False,True,False,False,False,True,False,False,False,False,False,False,False,True,False,False
0,8.848163651289456,0.753177981235599,0,6.519202405202649,0,0,False,False,False,True,False,False,False,False,False,False,False,False,False,False,True,False,False
0,16.063934760823702,0.478653863170583,1,14.797972834141847,0,0,True,False,False,False,False,False,True,False,False,False,False,False,False,False,False,False,True
0,18.92828571212935,0.4021947764869044,1,17.61476653265663,0,0,False,False,True,False,False,False,True,False,False,False,False,True,False,False,False,False,False
0,21.362116000059547,0.27449230406952274,1,17.260938560808334,0,1,False,False,True,False,False,False,True,False,False,False,False,False,False,False,False,False,True
0,24.641834347304577,0.2905782674012441,2,23.23122898169616,0,1,True,False,False,False,False,False,False,False,True,False,False,False,False,False,False,False,False
0,23.02216323458767,0.3284937525626059,1,21.392755783208486,0,0,True,False,False,False,False,False,True,False,False,False,False,True,False,False,False,False,False
0,22.14881486671465,0.3491972934656713,0,18.91877374461674,0,0,True,False,False,False,False,False,True,False,False,False,False,False,False,False,False,False,True
0,15.590060936378665,0.3038751408150099,1,12.496399481450643,0,1,False,False,True,False,False,False,False,False,True,False,True,False,False,False,False,False,False
0,29.930085198675936,0.23129085001842353,0,27.215436796053826,0,0,False,False,True,False,False,False,True,False,False,True,False,False,False,False,False,False,False
0,33.35206140555633,0.22938993666641017,1,32.624070867995606,0,0,True,False,False,False,False,False,True,False,False,False,True,False,False,False,False,False,False
0,31.200641019056004,0.255008918579619,2,29.910700426436026,0,0,False,False,True,False,False,False,True,False,False,False,False,False,False,False,True,False,False
0,16.953170794869028,0.2287811312993091,0,13.017296186228544,0,0,True,False,False,False,False,False,True,False,False,False,False,False,False,False,True,False,False
1,12.571793825862724,0.5826223668828616,0,7.373601562330316,0,1,False,False,True,False,False,False,True,False,False,True,False,False,False,False,False,False,False
