id,index,period,timestamp,minute,second,possession,duration,match_id,type_id,type_name,possession_team_id,possession_team_name,play_pattern_id,play_pattern_name,team_id,team_name,tactics_formation,player_id,player_name,position_id,position_name,pass_recipient_id,pass_recipient_name,pass_length,pass_angle,pass_height_id,pass_height_name,end_x,end_y,body_part_id,body_part_name,sub_type_id,sub_type_name,x,y,under_pressure,pass_switch,pass_cross,outcome_id,outcome_name,aerial_won,out,off_camera,counterpress,pass_assisted_shot_id,pass_shot_assist,shot_statsbomb_xg,shot_key_pass_id,technique_id,technique_name,shot_first_time,goalkeeper_position_id,goalkeeper_position_name,pass_deflected,block_deflection,end_z,foul_committed_advantage,foul_won_advantage,foul_committed_card_id,foul_committed_card_name,pass_miscommunication,ball_recovery_recovery_failure,foul_won_defensive,pass_goal_assist,shot_one_on_one,dribble_nutmeg,dribble_overrun,injury_stoppage_in_chain,dribble_no_touch,substitution_replacement_id,substitution_replacement_name,shot_open_goal,is_goal,shot_deflected,pass_cut_back,foul_committed_offensive,block_offensive,foul_committed_penalty,foul_won_penalty,ball_recovery_offensive,pass_no_touch,shot_redirect,bad_behaviour_card_id,bad_behaviour_card_name,block_save_block,shot_follows_dribble,half_start_late_video_start
473df22f-d159-4416-a5ce-62838698ea12,100,1,00:02:05.857000,2,5,6,0.397304,3857276,16,Shot,1833,Canada,1,Regular Play,1833,Canada,,16252.0,Mark Anthony Kaye,11.0,Left Defensive Midfield,,,,,,,104.1,39.4,38.0,Left Foot,87.0,Open Play,96.5,40.7,1.0,,,96.0,Blocked,,,,,,,0.038882375,adb7af16-6e6c-4f23-a405-e9488608b93b,93.0,Normal,True,,,,,,,,,,,,,,,,,,,,,,0,,,,,,,,,,,,,,
13b63722-8099-4cdf-818a-d2df3036a633,203,1,00:03:29.220000,3,29,8,1.942491,3857276,16,Shot,1833,Canada,4,From Throw In,788,Morocco,,5237.0,Hakim Ziyech,17.0,Right Wing,,,,,,,120.0,43.3,38.0,Left Foot,87.0,Open Play,83.9,45.0,,,,97.0,Goal,,,,,,,0.024477394,,92.0,Lob,True,,,,,1.4,,,,,,,,,,,,,,,,,1,,,,,,,,,,,,,,
19f400ea-038a-458b-a26a-2a6137a71583,298,1,00:08:18.051000,8,18,16,0.268712,3857276,16,Shot,788,Morocco,3,From Free Kick,788,Morocco,,3634.0,Abdelhamid Sabiri,15.0,Left Center Midfield,,,,,,,96.6,38.4,40.0,Right Foot,62.0,Free Kick,86.8,38.4,,,,96.0,Blocked,,,,,,,0.02207015,,93.0,Normal,,,,,,,,,,,,,,,,,,,,,,,0,,,,,,,,,,,,,,
06924724-9654-4c47-a906-2e4c55b1155f,306,1,00:09:09.559000,9,9,17,5.040604,3857276,16,Shot,788,Morocco,2,From Corner,788,Morocco,,3625.0,Sofiane Boufal,21.0,Left Wing,,,,,,,113.7,0.1,38.0,Left Foot,87.0,Open Play,107.0,48.3,,,,101.0,Wayward,,1.0,,,,,0.06158555,,91.0,Half Volley,,,,,,,,,,,,,,,,,,,,,,,0,,,,,,,,,,,,,,
ac8b083c-950f-4978-8497-8f60b4b4fe6d,482,1,00:14:07.580000,14,7,30,0.593391,3857276,16,Shot,1833,Canada,6,From Counter,1833,Canada,,24024.0,Tajon Buchanan,16.0,Left Midfield,,,,,,,120.0,27.3,40.0,Right Foot,87.0,Open Play,113.3,34.9,,,,98.0,Off T,,,,,,,0.27914461,0a9c190c-52ed-42bc-9dc6-ccf795668c99,91.0,Half Volley,True,,,,,0.2,,,,,,,,,,,,,,,,,0,,,,,,,,,,,,,,
5c5a5090-a0eb-47cf-bc78-fd124cb45f43,520,1,00:15:06.622000,15,6,31,2.211207,3857276,16,Shot,788,Morocco,7,From Goal Kick,788,Morocco,,5237.0,Hakim Ziyech,17.0,Right Wing,,,,,,,120.0,27.8,38.0,Left Foot,87.0,Open Play,97.5,54.0,,,,98.0,Off T,,,,,,,0.022624016,adde7b26-06ac-4b8c-8975-25374501edf0,93.0,Normal,,,,,,7.1,,,,,,,,,,,,,,,,,0,,,,,,,,,,,,,,
fa3e211a-da39-4edb-af18-f1c34dd09874,845,1,00:22:36.384000,22,36,40,0.567949,3857276,16,Shot,788,Morocco,4,From Throw In,788,Morocco,,6301.0,Youssef En-Nesyri,23.0,Center Forward,,,,,,,120.0,42.6,40.0,Right Foot,87.0,Open Play,107.6,53.2,,,,97.0,Goal,,,,,,,0.10405799,622ca669-ed29-4378-a64e-ba26fd45e8f0,91.0,Half Volley,,,,,,0.2,,,,,,,,,True,,,,,,,,1,,,,,,,,,,,,,,
c250176b-5f51-4bfc-8fb0-5ecb47352fe2,1189,1,00:32:45.308000,32,45,57,0.149387,3857276,16,Shot,788,Morocco,1,Regular Play,788,Morocco,,3634.0,Abdelhamid Sabiri,15.0,Left Center Midfield,,,,,,,108.8,34.9,40.0,Right Foot,87.0,Open Play,107.9,34.2,,,,96.0,Blocked,,,,,,,0.09711841,66647cb4-c1b2-4f30-84a0-6fd39f3db1b3,93.0,Normal,True,,,,,,,,,,,,,,,,,,,,,,0,,,,,,,,,,,,,,
650fa4d8-6a8d-4340-a0e2-1268ca085d4b,1641,1,00:47:18.071000,47,18,80,0.384591,3857276,16,Shot,788,Morocco,3,From Free Kick,788,Morocco,,6301.0,Youssef En-Nesyri,23.0,Center Forward,,,,,,,116.7,44.0,40.0,Right Foot,87.0,Open Play,106.8,46.7,,,,101.0,Wayward,,,,,,,0.094470315,,95.0,Volley,True,,,,,,,,,,,,,,,,,,,,,,0,,,,,,,,,,,,,,
4d310ca7-0c38-46f7-8d2d-2b695968dd56,2274,2,00:12:06.245000,57,6,109,1.319403,3857276,16,Shot,1833,Canada,1,Regular Play,1833,Canada,,12365.0,Alphonso Davies,19.0,Center Attacking Midfield,,,,,,,120.0,47.1,38.0,Left Foot,87.0,Open Play,105.1,41.2,,,,98.0,Off T,,,,,,,0.051903803,66f5fbf8-9b72-4d18-99a2-3e810787a287,95.0,Volley,True,,,,,0.6,,,,,,,,,,,,,,,,,0,,,,,,,,,,,,,,
fffd8564-9064-427c-900c-f59a8163f4ca,2741,2,00:25:55.749000,70,55,126,0.499742,3857276,16,Shot,1833,Canada,2,From Corner,1833,Canada,,31684.0,Atiba Hutchinson,11.0,Left Defensive Midfield,,,,,,,120.0,39.4,37.0,Head,87.0,Open Play,112.2,37.7,1.0,,,99.0,Post,True,,,,,,0.086874224,e7de7604-d0aa-470e-9c66-934051d58ec0,93.0,Normal,,,,,,2.8,,,,,,,,,,,,,,,,,0,,,,,,,,,,,,,,
c8a3baeb-6a18-4b13-a1ba-07bd5b1f9bc5,2745,2,00:25:57.737000,70,57,126,0.496004,3857276,16,Shot,1833,Canada,2,From Corner,1833,Canada,,44703.0,Alistair Johnston,2.0,Right Back,,,,,,,120.0,43.6,37.0,Head,87.0,Open Play,118.8,41.6,1.0,,,98.0,Off T,True,,,,,,0.638813,,93.0,Normal,,,,,,3.4,,,,,,,,,,,,,,,,True,0,,,,,,,,,,,,,,
4f45c801-4bd5-448e-b985-5d23fd737fbd,278,1,00:07:15.957000,7,15,8,0.688217,3857271,16,Shot,768,England,3,From Free Kick,768,England,,3336.0,Harry Maguire,5.0,Left Center Back,,,,,,,120.0,34.9,38.0,Left Foot,87.0,Open Play,115.4,29.4,,,,98.0,Off T,,,,,,,0.23307544,,91.0,Half Volley,True,,,,,2.1,,,,,,,,,,,,,,,,,0,,,,,,,,,,,,,,
743254c2-073c-4f7b-a0af-c0a6304c36d5,573,1,00:26:58.290000,26,58,27,1.018935,3857271,16,Shot,768,England,1,Regular Play,768,England,,22084.0,Bukayo Saka,17.0,Right Wing,,,,,,,117.5,41.9,38.0,Left Foot,87.0,Open Play,101.1,55.3,,,,100.0,Saved,,,,,,,0.028282227,e7d5d497-b6e4-4065-91e5-43781e9c5d4e,93.0,Normal,,,,,,0.2,,,,,,,,,,,,,,,,,0,,,,,,,,,,,,,,
8f88956e-94ff-460b-afdd-570963d6759a,671,1,00:29:08.856000,29,8,31,0.368028,3857271,16,Shot,768,England,3,From Free Kick,768,England,,7843.0,Mason Mount,19.0,Center Attacking Midfield,,,,,,,120.0,45.0,40.0,Right Foot,87.0,Open Play,113.4,49.1,,,,98.0,Off T,,,,,,,0.06697492,154b589d-974a-43de-aba5-f9a2c6547a05,93.0,Normal,True,,,,,0.6,,,,,,,,,,,,,,,,,0,,,,,,,,,,,,,,
e32629f1-a105-440c-8bfa-fdfebd076f4a,742,1,00:31:47.097000,31,47,35,0.589807,3857271,16,Shot,768,England,2,From Corner,768,England,,3336.0,Harry Maguire,5.0,Left Center Back,,,,,,,120.0,36.8,37.0,Head,87.0,Open Play,110.5,40.7,1.0,,,99.0,Post,True,,,,,,0.06988547,f93dcd67-3308-45cc-8321-5be030624d58,93.0,Normal,,,,,,2.8,,,,,,,,,,,,,,,,,0,,,,,,,,,,,,,,
09a3d7a3-983e-4c01-a8c1-2b1db7169647,841,1,00:34:09.987000,34,9,38,0.908059,3857271,16,Shot,768,England,1,Regular Play,768,England,,30714.0,Jude Bellingham,9.0,Right Defensive Midfield,,,,,,,120.0,43.0,37.0,Head,87.0,Open Play,112.0,38.0,1.0,,,97.0,Goal,True,,,,,,0.08285139,4b1f741e-80c6-40de-854f-d3288b8c995d,93.0,Normal,,,,,,1.9,,,,,,,,,,,,,,,,,1,,,,,,,,,,,,,,
c9bdb7ab-5b37-4fea-a46b-5969a3563175,1119,1,00:42:46.762000,42,46,49,0.040048,3857271,16,Shot,768,England,2,From Corner,768,England,,22084.0,Bukayo Saka,17.0,Right Wing,,,,,,,120.0,40.9,38.0,Left Foot,87.0,Open Play,104.1,38.5,,,,97.0,Goal,,,,,,,0.061030492,917f981b-83d2-4be6-b1bd-e36f295c5193,91.0,Half Volley,True,,,,,2.5,,,,,,,,,,,,,,,,,1,True,,,,,,,,,,,,,
d47018bb-61d6-425b-ab3c-fa5982a27e05,1183,1,00:45:17.965000,45,17,52,0.454052,3857271,16,Shot,768,England,1,Regular Play,768,England,,3233.0,Raheem Sterling,21.0,Left Wing,,,,,,,120.0,43.2,40.0,Right Foot,87.0,Open Play,111.0,42.8,,,,97.0,Goal,,,,,,,0.1885282,d0511b19-6d53-4a0b-b5d9-e5974e68ab7a,95.0,Volley,True,,,,,0.7,,,,,,,,,,,,,,,,,1,,,,,,,,,,,,,,
eb275892-7c32-45cf-b985-aaaa70f0abe3,1667,1,00:55:04.279000,55,4,66,0.656055,3857271,16,Shot,797,Iran,1,Regular Play,797,Iran,,5239.0,Alireza Jahanbakhsh,17.0,Right Wing,,,,,,,120.0,41.1,40.0,Right Foot,87.0,Open Play,106.4,48.8,,,,98.0,Off T,,,,,,,0.11232807,67f75e53-954a-4687-930c-4942ccae03ed,95.0,Volley,True,,,,,4.4,,,,,,,,,,,,,,,,,0,,,,,,,,,,,,,,
be726f9e-21ea-4db2-b188-92a93bf619c8,1929,2,00:05:11.557000,50,11,78,0.267579,3857271,16,Shot,768,England,3,From Free Kick,768,England,,3308.0,Kieran Trippier,2.0,Right Back,,,,,,,102.8,31.3,40.0,Right Foot,62.0,Free Kick,93.9,27.7,,,,96.0,Blocked,,,,,,,0.042866398,,93.0,Normal,,,,,,,,,,,,,,,,,,,,,,,0,,,,,,,,,,,,,,
f756b2e3-e4d6-4732-af47-f7a7b53bbe18,2266,2,00:13:56.001000,58,56,95,0.149873,3857271,16,Shot,768,England,3,From Free Kick,768,England,,3382.0,Luke Shaw,6.0,Left Back,,,,,,,101.5,27.0,38.0,Left Foot,87.0,Open Play,97.9,25.1,,,,96.0,Blocked,,,,,,,0.021548782,,93.0,Normal,True,,,,,,,,,,,,,,,,,,,,,,0,,,,,,,,,,,,,,
e71b5d22-1492-45e0-b17a-e377d30e6cf4,2327,2,00:15:16.459000,60,16,98,1.514131,3857271,16,Shot,797,Iran,1,Regular Play,797,Iran,,5722.0,Saeid Ezatolahi Afagh,11.0,Left Defensive Midfield,,,,,,,120.0,30.1,40.0,Right Foot,87.0,Open Play,83.8,35.5,,,,98.0,Off T,,,,,,,0.0065368367,b5290b73-ee26-4bdb-ba11-8cec08055c95,93.0,Normal,,,,,,0.2,,,,,,,,,,,,,,,,,0,,,,,,,,,,,,,,
828aa0c6-95dc-422f-aaa5-fd201e3a5ad9,2355,2,00:16:26.388000,61,26,101,0.255304,3857271,16,Shot,768,England,1,Regular Play,768,England,,22084.0,Bukayo Saka,17.0,Right Wing,,,,,,,120.0,37.3,38.0,Left Foot,87.0,Open Play,105.3,46.3,,,,97.0,Goal,,,,,,,0.080026746,,93.0,Normal,,,,,,0.2,,,,,,,,,,,,,,,,,1,True,,,,,,,,,,,,,
4e3dddd6-1001-4bca-a950-fe89f59cea25,2457,2,00:19:33.795000,64,33,106,0.402099,3857271,16,Shot,797,Iran,4,From Throw In,797,Iran,,5226.0,Mehdi Taremi,23.0,Center Forward,,,,,,,120.0,41.3,40.0,Right Foot,87.0,Open Play,109.7,48.0,1.0,,,97.0,Goal,,,,,,,0.065701395,c2244f3f-9d7f-446e-8743-a7dc027a5dc3,93.0,Normal,True,,,,,2.2,,,,,,,,,,,,,,,,,1,,,,,,,,,,,,,,
e78cbb4c-63d2-4368-8396-0e0acdf33e29,2518,2,00:24:03.573000,69,3,108,0.054836,3857271,16,Shot,797,Iran,4,From Throw In,797,Iran,,124161.0,Mehdi Torabi,20.0,Left Attacking Midfield,,,,,,,105.5,33.3,40.0,Right Foot,87.0,Open Play,103.5,32.3,,,,96.0,Blocked,,,,,,,0.045791544,989f68b2-b5f7-41d5-9857-06fbe53f0a48,93.0,Normal,,,,,,,,,,,,,,,,,,,,,,,0,,,,,,,,,,,,,,
98df5d37-d8a0-49e5-af23-7e0605e1ee65,2523,2,00:24:05.293000,69,5,108,1.166747,3857271,16,Shot,797,Iran,4,From Throw In,797,Iran,,124167.0,Ahmad Nourollahi,9.0,Right Defensive Midfield,,,,,,,120.0,31.7,38.0,Left Foot,87.0,Open Play,97.8,34.8,,,,98.0,Off T,,,,,,,0.028478073,,95.0,Volley,True,,,,,4.3,,,,,,,,,,,,,,,,,0,,,,,,,,,,,,,,
eb01f465-08f6-4adf-a1b8-865127b41a97,2549,2,00:25:51.908000,70,51,109,0.660467,3857271,16,Shot,768,England,7,From Goal Kick,768,England,,3318.0,Marcus Rashford,17.0,Right Wing,,,,,,,120.0,38.8,38.0,Left Foot,87.0,Open Play,109.7,47.7,,,,97.0,Goal,,,,,,,0.40810898,ef085900-5448-4b63-acbc-072c3d53cc68,93.0,Normal,,,,,,0.2,,,,,,,,,,,,,,,,,1,,,,,,,,,,,,,,
ba04a55e-9bc0-464d-820f-d32c9f35d18f,2734,2,00:31:20.376000,76,20,116,0.474626,3857271,16,Shot,797,Iran,6,From Counter,797,Iran,,5226.0,Mehdi Taremi,23.0,Center Forward,,,,,,,120.0,44.7,40.0,Right Foot,87.0,Open Play,105.1,54.6,1.0,,,98.0,Off T,,,,,,,0.06202265,8cfa7134-2699-42da-a5fc-2031c4ead486,91.0,Half Volley,True,,,,,3.5,,,,,,,,,,,,,,,,,0,,,,,,,,,,,,,,
f220150c-38d7-4456-b5ef-5bf0e70a001e,2942,2,00:38:05.201000,83,5,121,0.170053,3857271,16,Shot,768,England,1,Regular Play,768,England,,3318.0,Marcus Rashford,17.0,Right Wing,,,,,,,112.2,47.4,38.0,Left Foot,87.0,Open Play,108.6,50.7,,,,96.0,Blocked,,,,,,,0.0776978,78866216-4d7b-4ddf-964f-8b4b7e7a8dee,93.0,Normal,,,,,,,,,,,,,,,,,,,,,,,0,,,,,,,,,,,,,,
0ae88f68-f153-4cfc-8fdc-68ae1c5c17b8,3246,2,00:44:01.157000,89,1,130,0.492701,3857271,16,Shot,768,England,3,From Free Kick,768,England,,9638.0,Jack Grealish,21.0,Left Wing,,,,,,,120.0,42.7,40.0,Right Foot,87.0,Open Play,112.0,39.9,,,,97.0,Goal,,,,,,,0.6262809,9e44d69a-457a-48aa-970c-cf7c1a252507,93.0,Normal,True,,,,,0.2,,,,,,,,,,,,,,,,,1,,,,,,,,,,,,,,
d1394538-2cec-4547-904f-a529be2af46d,3629,2,00:52:41.466000,97,41,145,0.241576,3857271,16,Shot,797,Iran,1,Regular Play,797,Iran,,5224.0,Sardar Azmoun,24.0,Left Center Forward,,,,,,,115.2,34.9,40.0,Right Foot,87.0,Open Play,110.9,30.5,,,,116.0,Saved to Post,,,,,,,0.35130003,aaa5ab9c-c0f5-4c7f-98d0-b9b83769d1f4,93.0,Normal,,,,,,1.6,,,,,,,,,True,,,,,,,,0,,,,,,,,,,,,,,
364fa937-c38a-4c40-b659-5e2c369263bd,18,1,00:00:08.450000,0,8,2,1.049006,3857296,16,Shot,785,Croatia,9,From Kick Off,785,Croatia,,5474.0,Ivan Perišić,21.0,Left Wing,,,,,,,120.0,46.0,40.0,Right Foot,87.0,Open Play,102.9,23.8,,,,98.0,Off T,,,,,,,0.03397081,4a4cb329-ce8b-4082-8b5f-32c439d14691,91.0,Half Volley,,,,,,1.4,,,,,,,,,,,,,,,,,0,,,,,,,,,,,,,,
e5643de5-fddc-4ce4-88b5-3cb0e3b7ef31,485,1,00:09:07.416000,9,7,18,0.076508,3857296,16,Shot,782,Belgium,3,From Free Kick,782,Belgium,,5633.0,Yannick Ferreira Carrasco,21.0,Left Wing,,,,,,,106.4,28.7,40.0,Right Foot,87.0,Open Play,105.3,27.8,,,,96.0,Blocked,,,,,,,0.05519996,8a3785c2-8eb3-4844-8dd9-3dac15b274eb,93.0,Normal,,,,,,,,,,,,,,,,,,,,,,,0,,,,,,,,,,,,,,
e2fdd559-20ee-4568-938b-e0fc4f20d432,564,1,00:10:51.466000,10,51,22,0.10798,3857296,16,Shot,782,Belgium,3,From Free Kick,782,Belgium,,5633.0,Yannick Ferreira Carrasco,21.0,Left Wing,,,,,,,118.5,33.3,40.0,Right Foot,87.0,Open Play,117.0,29.2,,,,96.0,Blocked,,,,,,,0.020840297,3171cf4e-e568-4bb5-a22a-35f22ea9a954,93.0,Normal,,,,,,,,,,,,,,,,,,,,,,,0,,,,,,,,,,,,,,
dfa7a03f-d353-42b6-8eab-0b3c773cab85,648,1,00:12:56.366000,12,56,25,0.372698,3857296,16,Shot,782,Belgium,6,From Counter,782,Belgium,,5630.0,Dries Mertens,19.0,Center Attacking Midfield,,,,,,,120.0,44.5,40.0,Right Foot,87.0,Open Play,105.2,33.9,1.0,,,98.0,Off T,,,,,,,0.1934709,afa8d1cb-a775-4f0d-84a7-9eaee7d0ae77,93.0,Normal,True,,,,,4.9,,,,,,,,,,,,,,,,,0,,,,,,,,,,,,,,
c6a6c1cf-85c6-4f3e-981e-9a08db6494ba,1009,1,00:24:50.460000,24,50,41,0.280491,3857296,16,Shot,782,Belgium,1,Regular Play,782,Belgium,,5642.0,Axel Witsel,11.0,Left Defensive Midfield,,,,,,,100.8,36.6,40.0,Right Foot,87.0,Open Play,92.7,34.9,,,,96.0,Blocked,,,,,,,0.025340356,955086ee-6e3a-4247-8bb7-fe096f407ff7,93.0,Normal,,,,,,,,,,,,,,,,,,,,,,,0,,,,,,,,,,,,,,
acb70d12-2cb8-447a-804b-a2f037965fb8,1346,1,00:32:19.559000,32,19,51,0.177959,3857296,16,Shot,785,Croatia,4,From Throw In,785,Croatia,,5469.0,Marcelo Brozović,10.0,Center Defensive Midfield,,,,,,,100.8,36.6,38.0,Left Foot,87.0,Open Play,99.8,36.6,,,,96.0,Blocked,,,,,,,0.054300383,4fba30fb-a81e-4af3-9c08-1e71a812ab40,93.0,Normal,,,,,,,,,,,,,,,,,,,,,,,0,,,,,,,,,,,,,,
254222dc-6a4a-4e76-8062-a3a8747ae9ca,1355,1,00:32:28.109000,32,28,51,1.185215,3857296,16,Shot,785,Croatia,4,From Throw In,785,Croatia,,22041.0,Marko Livaja,23.0,Center Forward,,,,,,,120.0,36.0,37.0,Head,87.0,Open Play,112.2,42.5,1.0,,,98.0,Off T,True,,,,,,0.104244776,310a34ec-9675-4185-835b-6d59a4819df0,93.0,Normal,,,,,,4.5,,,,,,,,,,,,,,,,,0,,,,,,,,,,,,,,
e2c8f9fc-08c1-4988-8ec5-49b55a0c299d,1794,1,00:41:14.847000,41,14,65,0.124227,3857296,16,Shot,782,Belgium,1,Regular Play,782,Belgium,,5630.0,Dries Mertens,19.0,Center Attacking Midfield,,,,,,,116.9,16.6,38.0,Left Foot,87.0,Open Play,116.9,49.2,,,,101.0,Wayward,,,,,,,0.108029366,c8ba9304-4f77-4dc1-8a77-5d1fd387d16d,95.0,Volley,True,,,,,,,,,,,,,,,,,,,,,,0,,,,,,,,,,,,,,
b677a42f-dd8c-4931-baca-5a2bcf0c8c8d,1949,1,00:44:42.885000,44,42,69,1.062719,3857296,16,Shot,785,Croatia,1,Regular Play,785,Croatia,,12625.0,Borna Sosa,6.0,Left Back,,,,,,,120.0,40.6,38.0,Left Foot,87.0,Open Play,94.9,25.7,,,,98.0,Off T,,,,,,,0.024362085,8c16e142-3368-4326-8315-206a01fc9576,93.0,Normal,,,,,,4.8,,,,,,,,,,,,,,,,,0,,,,,,,,,,,,,,
6d173e6f-fc09-488e-95bc-bd7c0866dc78,2109,1,00:48:47.696000,48,47,77,0.537684,3857296,16,Shot,785,Croatia,4,From Throw In,785,Croatia,,5474.0,Ivan Perišić,21.0,Left Wing,,,,,,,110.9,14.6,37.0,Head,87.0,Open Play,108.5,38.0,,,,101.0,Wayward,,,,,,,0.08771692,735252e7-4084-4e39-86f1-abee038c99b3,93.0,Normal,,,,,,,,,,,,,,,,,,,,,,,0,,,,,,,,,,,,,,
60f6f1bb-756e-46f6-831e-e805defb3b0c,2117,1,00:48:56.538000,48,56,77,0.888897,3857296,16,Shot,785,Croatia,4,From Throw In,785,Croatia,,29163.0,Josip Juranović,2.0,Right Back,,,,,,,120.0,49.5,40.0,Right Foot,87.0,Open Play,103.1,51.5,,,,98.0,Off T,,,,,,,0.041306578,,95.0,Volley,True,,,,,4.6,,,,,,,,,,,,,,,,,0,,,,,,,,,,,,,,
526a8e99-85bc-4561-a695-0158650da5f7,2273,2,00:02:54.574000,47,54,79,0.294469,3857296,16,Shot,782,Belgium,2,From Corner,782,Belgium,,5633.0,Yannick Ferreira Carrasco,21.0,Left Wing,,,,,,,112.8,45.4,38.0,Left Foot,87.0,Open Play,100.9,28.3,,,,101.0,Wayward,,,,,,,0.026916144,,91.0,Half Volley,True,,,,,,,,,,,,,,,,,,,,,,0,,,,,,,,,,,,,,
d3eea860-3d7b-4234-aa28-b83d35f1f927,2286,2,00:03:02.618000,48,2,79,0.353955,3857296,16,Shot,782,Belgium,2,From Corner,782,Belgium,,3289.0,Romelu Lukaku Menama,23.0,Center Forward,,,,,,,119.4,36.7,37.0,Head,87.0,Open Play,117.5,34.2,1.0,,,100.0,Saved,True,,,,,,0.1189759,e38c07ad-e0e9-4e98-82d0-6c233119332f,93.0,Normal,,,,,,0.9,,,,,,,,,,,,,,,,,0,,,,,,,,,,,,,,
7f4067cb-9208-4cae-81ec-961e8ffea634,2343,2,00:04:15.113000,49,15,81,0.62266,3857296,16,Shot,785,Croatia,8,From Keeper,785,Croatia,,5456.0,Mateo Kovačić,15.0,Left Center Midfield,,,,,,,118.2,37.8,40.0,Right Foot,87.0,Open Play,103.9,29.2,,,,100.0,Saved,,,,,,,0.07960723,a4467b40-a77a-42f8-887d-1cef36225f97,93.0,Normal,,,,,,2.2,,,,,,,,,,,,,,,,,0,,,,,,,,,,,,,,
4799713f-dd43-4ede-a5c6-b2ea63f69933,2358,2,00:04:54.379000,49,54,82,0.883138,3857296,16,Shot,785,Croatia,2,From Corner,785,Croatia,,12625.0,Borna Sosa,6.0,Left Back,,,,,,,120.0,31.3,38.0,Left Foot,87.0,Open Play,94.7,35.3,,,,98.0,Off T,,,,,,,0.024012579,,91.0,Half Volley,,,,,,6.2,,,,,,,,,,,,,,,,,0,,,,,,,,,,,,,,
bcf52ea6-b0d3-4575-9758-ddbb8f479712,2400,2,00:05:38.473000,50,38,83,0.42936,3857296,16,Shot,782,Belgium,7,From Goal Kick,782,Belgium,,3089.0,Kevin De Bruyne,17.0,Right Wing,,,,,,,120.0,33.7,38.0,Left Foot,87.0,Open Play,100.9,32.5,1.0,,,98.0,Off T,,,,,,,0.048855886,4f6d1ad9-0efe-4cdd-9190-db897ab3a352,93.0,Normal,,,,,,6.6,,,,,,,,,,,,,,,,,0,,,,,,,,,,,,,,
51790588-987a-4e63-b965-b90098c5ebb9,2508,2,00:08:08.778000,53,8,86,0.726389,3857296,16,Shot,785,Croatia,1,Regular Play,785,Croatia,,5469.0,Marcelo Brozović,10.0,Center Defensive Midfield,,,,,,,118.9,38.6,38.0,Left Foot,87.0,Open Play,100.6,37.7,1.0,,,100.0,Saved,,,,,,,0.10219261,392ebbcd-6735-49ae-bed8-44f38dc95455,93.0,Normal,True,,,,,0.2,,,,,,,,,,,,,,,,,0,,,,,,,,,,,,,,
41a28fd2-7a6d-4d11-ab36-662edf29c124,2543,2,00:08:42.725000,53,42,87,0.796057,3857296,16,Shot,785,Croatia,4,From Throw In,785,Croatia,,5463.0,Luka Modrić,13.0,Right Center Midfield,,,,,,,118.9,41.7,38.0,Left Foot,87.0,Open Play,105.6,52.9,1.0,,,100.0,Saved,,,,,,,0.071706615,11ddea60-42f4-4a99-abbd-1de4a57dfb4b,93.0,Normal,,,,,,0.4,,,,,,,,,,,,,,,,,0,,,,,,,,,,,,,,
4d24c4b6-efe8-4170-b8ed-e96e7f386697,2828,2,00:14:47.263000,59,47,97,0.043458,3857296,16,Shot,782,Belgium,8,From Keeper,782,Belgium,,5633.0,Yannick Ferreira Carrasco,21.0,Left Wing,,,,,,,113.9,36.9,40.0,Right Foot,87.0,Open Play,112.8,36.3,,,,96.0,Blocked,,,,,,,0.09935363,ce46f14e-2098-41d1-80e0-c220db228a9d,93.0,Normal,,,,,,,,,,,,,,,,,,,,,,,0,,,,,,,,,,,,,,
6ffaa2e9-dde1-4e99-b913-008e8f6c8b0e,2833,2,00:14:49.083000,59,49,97,0.184789,3857296,16,Shot,782,Belgium,8,From Keeper,782,Belgium,,3289.0,Romelu Lukaku Menama,23.0,Center Forward,,,,,,,120.0,44.1,40.0,Right Foot,87.0,Open Play,110.7,45.1,1.0,,,99.0,Post,,1.0,,,,,0.19960539,,93.0,Normal,True,,,,,1.2,,,,,,,,,,,,,,,,,0,,,,,,,,,,,,,,
90fa222e-7214-4251-907e-4c13dea0e5bc,2880,2,00:16:50.482000,61,50,100,0.426498,3857296,16,Shot,782,Belgium,1,Regular Play,782,Belgium,,3289.0,Romelu Lukaku Menama,23.0,Center Forward,,,,,,,120.0,41.3,37.0,Head,87.0,Open Play,113.1,42.1,,,,98.0,Off T,,,,,,,0.30245224,,93.0,Normal,,,,,,3.8,,,,,,,,,,,,,,,,,0,,,,,,,,,,,,,,
e9af7197-0724-4ef3-b17e-07da8e6cac98,3104,2,00:22:09.192000,67,9,107,0.795043,3857296,16,Shot,785,Croatia,3,From Free Kick,785,Croatia,,5463.0,Luka Modrić,13.0,Right Center Midfield,,,,,,,118.6,42.0,40.0,Right Foot,87.0,Open Play,106.7,39.0,,,,100.0,Saved,,,,,,,0.07160131,336ab881-cc6c-4733-a35e-27f13284ee52,91.0,Half Volley,,,,,,1.3,,,,,,,,,,,,,,,,,0,,,,,,,,,,,,,,
e96a5916-d1e2-4b7d-9a7f-b103be833574,3145,2,00:23:11.074000,68,11,111,0.824437,3857296,16,Shot,782,Belgium,7,From Goal Kick,782,Belgium,,3089.0,Kevin De Bruyne,17.0,Right Wing,,,,,,,119.5,44.2,40.0,Right Foot,87.0,Open Play,111.9,60.4,1.0,,,100.0,Saved,,,,,,,0.0061408128,dc20e3ee-c01c-4ff8-b558-079382e0c1a8,93.0,Normal,True,,,,,2.1,,,,,,,,,,,,,,,,,0,,,,,,,,,,,,,,
aa3fc28f-fc81-42e2-834e-3ae8e92a0da0,3542,2,00:32:41.208000,77,41,133,0.099814,3857296,16,Shot,782,Belgium,2,From Corner,782,Belgium,,3077.0,Jan Vertonghen,5.0,Left Center Back,,,,,,,113.3,36.5,37.0,Head,87.0,Open Play,112.6,36.5,1.0,,,96.0,Blocked,True,,,,,,0.07045005,464f6908-6bb4-46e1-b680-f4967b6c3137,93.0,Normal,,,,,,,,,,,,,,,,,,,,,,,0,,,,,,,,,,,,,,
52099583-c849-48ca-9e9e-ea2569525622,3855,2,00:41:09.268000,86,9,146,0.394728,3857296,16,Shot,782,Belgium,2,From Corner,782,Belgium,,3176.0,Thomas Meunier,2.0,Right Back,,,,,,,115.3,43.4,40.0,Right Foot,87.0,Open Play,110.5,53.1,,,,96.0,Blocked,,,,,,,0.04308796,,95.0,Volley,True,,,,,,,,,,,,,,,,,,,,,,0,,,,,,,,,,,,,,
14cf62a1-a8b4-48d8-b7cd-1ff6d1356524,3858,2,00:41:09.758000,86,9,146,0.313184,3857296,16,Shot,782,Belgium,2,From Corner,782,Belgium,,3289.0,Romelu Lukaku Menama,23.0,Center Forward,,,,,,,120.0,45.0,38.0,Left Foot,87.0,Open Play,115.5,43.8,,,,98.0,Off T,,,,,,,0.4909717,,91.0,Half Volley,,,,,,0.7,,,,,,,,,,,,,,,,,0,,,,,,,,,True,,,,,
5078e0df-5e43-4742-956a-45fd5c985eaf,3959,2,00:44:41.315000,89,41,152,0.753223,3857296,16,Shot,782,Belgium,1,Regular Play,782,Belgium,,3289.0,Romelu Lukaku Menama,23.0,Center Forward,,,,,,,118.8,41.0,70.0,Other,87.0,Open Play,117.4,37.3,,,,100.0,Saved,,,,,,,0.5721495,340052eb-785e-4c60-9ee5-dfb743ce320f,93.0,Normal,,,,,,0.3,,,,,,,,,,,,,,,,,0,,,,,,,,,,,,,,
6480e222-737c-4aed-b197-531c094e9437,219,1,00:05:03.321000,5,3,11,0.704196,3857274,16,Shot,941,Netherlands,4,From Throw In,941,Netherlands,,20750.0,Cody Mathès Gakpo,22.0,Right Center Forward,,,,,,,120.0,36.4,38.0,Left Foot,87.0,Open Play,100.6,31.0,,,,97.0,Goal,,,,,,,0.059259485,e070e286-a637-483d-b26b-0b07ea4c49a4,93.0,Normal,,,,,,1.6,,,,,,,,,,,,,,,,,1,,,,,,,,,,,,,,
ff1a53d0-f872-4616-8507-eff81ff4f55f,448,1,00:10:39.623000,10,39,18,0.626427,3857274,16,Shot,3565,Ecuador,3,From Free Kick,3565,Ecuador,,28559.0,Enner Remberto Valencia Lastra,20.0,Left Attacking Midfield,,,,,,,116.1,36.7,38.0,Left Foot,87.0,Open Play,107.0,30.0,,,,96.0,Blocked,,,,,,,0.062208217,7ec837f8-b21a-4c7f-83cf-716997776d26,91.0,Half Volley,True,,,,,,,,,,,,,,,,,,,,,,0,,,,,,,,,,,,,,
42373685-6982-43c1-900a-effd6f2a52ac,1016,1,00:23:32.916000,23,32,37,0.135136,3857274,16,Shot,3565,Ecuador,4,From Throw In,3565,Ecuador,,37726.0,Moisés Isaac Caicedo Corozo,11.0,Left Defensive Midfield,,,,,,,98.1,37.9,40.0,Right Foot,87.0,Open Play,94.8,37.9,,,,96.0,Blocked,,,,,,,0.030668529,,93.0,Normal,,,,,,,,,,,,,,,,,,,,,,,0,,,,,,,,,,,,,,
6bcbde54-278e-4ad6-a4b4-b8a2297b48b3,1157,1,00:26:56.063000,26,56,41,2.030422,3857274,16,Shot,3565,Ecuador,1,Regular Play,3565,Ecuador,,34396.0,Michael Steveen Estrada Martínez,23.0,Center Forward,,,,,,,113.0,43.9,38.0,Left Foot,87.0,Open Play,112.1,34.6,,,,101.0,Wayward,,,,,,,0.069653474,18c55ade-5cc0-41fc-bec1-17a13efa8d9f,89.0,Backheel,True,,,,,,,,,,,,,,,,,,,,,,0,,,,,,,,,,,,,,
6e57cb5e-fe39-4d22-ab15-155340299c5e,1351,1,00:31:53.566000,31,53,52,0.65979,3857274,16,Shot,3565,Ecuador,1,Regular Play,3565,Ecuador,,28559.0,Enner Remberto Valencia Lastra,20.0,Left Attacking Midfield,,,,,,,118.6,36.5,40.0,Right Foot,87.0,Open Play,100.6,23.5,,,,100.0,Saved,,,,,,,0.029882463,9687ae8c-43d4-44c6-8491-a1d45994ec69,93.0,Normal,,,,,,0.9,,,,,,,,,,,,,,,,,0,,,,,,,,,,,,,,
02351ac9-8032-4e32-a23a-3700c1017f02,1912,1,00:46:49.216000,46,49,81,0.011174,3857274,16,Shot,3565,Ecuador,3,From Free Kick,3565,Ecuador,,28559.0,Enner Remberto Valencia Lastra,20.0,Left Attacking Midfield,,,,,,,111.1,47.5,37.0,Head,87.0,Open Play,110.2,47.9,1.0,,,96.0,Blocked,True,,,,,,0.024015462,9200be74-9ab1-4023-91bb-4b33703734de,93.0,Normal,,,,,,,,,,,,,,,,,,,,,,,0,,,,,,,,,,,,,,
3e2667b7-6f4a-496d-9cb3-e8efa5f6515a,1920,1,00:47:48.698000,47,48,82,0.488251,3857274,16,Shot,3565,Ecuador,2,From Corner,3565,Ecuador,,37737.0,Angelo Smit Preciado Quiñónez,7.0,Right Wing Back,,,,,,,111.9,44.3,40.0,Right Foot,87.0,Open Play,100.6,54.0,1.0,,,96.0,Blocked,,,,,,,0.022953799,,91.0,Half Volley,True,,,,,,,,,,,,,,,,,,,,,,0,,,,,,,,,,,,,,
871c42ca-7750-4de7-93af-f8b750a8e61e,1921,1,00:47:49.179000,47,49,82,0.241329,3857274,16,Shot,3565,Ecuador,2,From Corner,3565,Ecuador,,24085.0,Pervis Josué Estupiñán Tenorio,8.0,Left Wing Back,,,,,,,116.7,43.3,38.0,Left Foot,87.0,Open Play,112.0,44.1,,,,101.0,Wayward,,,,,,,0.18923391,,91.0,Half Volley,,,,,,,,,,,,,,,,,,,,,,,0,,,,,,,,,True,,,,,
ce31638e-77ff-4769-9fd0-6493ea1e5fbe,2077,2,00:03:43.390000,48,43,95,0.416305,3857274,16,Shot,3565,Ecuador,1,Regular Play,3565,Ecuador,,24085.0,Pervis Josué Estupiñán Tenorio,8.0,Left Wing Back,,,,,,,116.7,37.9,38.0,Left Foot,87.0,Open Play,105.8,28.7,,,,100.0,Saved,,,,,,,0.08083876,b8c17a48-09e6-49a9-8349-317d88cfd9a3,93.0,Normal,,,,,,0.4,,,,,,,,,,,,,,,,,0,,,,,,,,,,,,,,
d53ccaf1-0307-4067-946b-d514978dfae2,2080,2,00:03:44.486000,48,44,95,0.264211,3857274,16,Shot,3565,Ecuador,6,From Counter,3565,Ecuador,,28559.0,Enner Remberto Valencia Lastra,20.0,Left Attacking Midfield,,,,,,,120.0,41.7,40.0,Right Foot,87.0,Open Play,116.0,38.1,,,,97.0,Goal,,,,,,,0.790909,,91.0,Half Volley,True,,,,,1.3,,,,,,,,,,,,,,,,True,1,,,,,,,,,,,,,,
606e5dca-fb45-4582-8bc4-b6527ccf65ab,2339,2,00:13:46.269000,58,46,110,0.299368,3857274,16,Shot,3565,Ecuador,4,From Throw In,3565,Ecuador,,28559.0,Enner Remberto Valencia Lastra,20.0,Left Attacking Midfield,,,,,,,111.5,41.3,40.0,Right Foot,87.0,Open Play,102.0,37.5,,,,96.0,Blocked,,,,,,,0.09564507,93589eb8-fec1-4f43-90a9-0410251320be,93.0,Normal,True,,,,,,,,,,,,,,,,,,,,,,0,,,,,,,,,,,,,,
94f9aa5a-82d1-4ae7-b3ff-122032190f11,2344,2,00:13:48.636000,58,48,110,0.9322,3857274,16,Shot,3565,Ecuador,4,From Throw In,3565,Ecuador,,31152.0,Gonzalo Jordy Plata Jiménez,18.0,Right Attacking Midfield,,,,,,,120.0,37.5,38.0,Left Foot,87.0,Open Play,104.2,52.6,,,,99.0,Post,,,,,,,0.046335444,,93.0,Normal,,,,,,2.8,,,,,,,,,,,,,,,,,0,,,,,,,,,,,,,,
480e1191-458e-4d33-af33-5c6fdf422fe0,2531,2,00:18:19.207000,63,19,118,1.597551,3857274,16,Shot,3565,Ecuador,1,Regular Play,3565,Ecuador,,34396.0,Michael Steveen Estrada Martínez,23.0,Center Forward,,,,,,,117.5,45.3,38.0,Left Foot,87.0,Open Play,105.1,38.0,1.0,,,101.0,Wayward,,,,,,,0.13418972,bf2439cb-e290-4e8c-b871-e52c9e28bf85,93.0,Normal,True,,,,,,,,,,,,,,,,,,,,,,0,,,,,,,,,,,,,,
9d22d858-2313-4003-bf87-035723948feb,2630,2,00:20:12.431000,65,12,121,0.825046,3857274,16,Shot,941,Netherlands,1,Regular Play,941,Netherlands,,7891.0,Teun Koopmeiners,9.0,Right Defensive Midfield,,,,,,,120.0,33.9,38.0,Left Foot,87.0,Open Play,96.5,40.9,,,,98.0,Off T,,,,,,,0.04520454,154fc106-c7f2-440a-bde9-4b815984ef01,93.0,Normal,True,,,,,6.9,,,,,,,,,,,,,,,,,0,,,,,,,,,,,,,,
dccdd639-c6b9-4faf-a07e-274f8cbb07d2,2856,2,00:27:33.272000,72,33,135,0.06807,3857274,16,Shot,3565,Ecuador,1,Regular Play,3565,Ecuador,,37726.0,Moisés Isaac Caicedo Corozo,11.0,Left Defensive Midfield,,,,,,,104.6,30.1,40.0,Right Foot,87.0,Open Play,103.2,29.4,1.0,,,96.0,Blocked,,,,,,,0.03323832,,91.0,Half Volley,,,,,,,,,,,,,,,,,,,,,,,0,,,,,,,,,,,,,,
d9fc9b92-3403-4914-a4e2-356a1e2ff527,3090,2,00:35:21.727000,80,21,146,1.605378,3857274,16,Shot,3565,Ecuador,2,From Corner,3565,Ecuador,,37737.0,Angelo Smit Preciado Quiñónez,7.0,Right Wing Back,,,,,,,120.0,46.9,40.0,Right Foot,87.0,Open Play,95.3,57.9,,,,98.0,Off T,,,,,,,0.007451811,,91.0,Half Volley,True,,,,,6.5,,,,,,,,,,,,,,,,,0,,,,,,,,,,,,,,
f4222a25-6e19-4f82-a028-9b485e226ccd,3433,2,00:46:54.873000,91,54,163,1.273169,3857274,16,Shot,3565,Ecuador,4,From Throw In,3565,Ecuador,,37737.0,Angelo Smit Preciado Quiñónez,7.0,Right Wing Back,,,,,,,116.5,37.4,37.0,Head,87.0,Open Play,98.9,38.2,,,,100.0,Saved,,,,,,,0.033830326,d5f2b8eb-4511-41e9-9fe3-9e53f8b48ebb,93.0,Normal,,,,,,1.3,,,,,,,,,,,,,,,,,0,,,,,,,,,,,,,,
82468ec3-39a3-4a2a-8876-f7444e4d18d6,370,1,00:06:03.195000,6,3,7,0.908278,3857255,16,Shot,772,Spain,1,Regular Play,772,Spain,,5203.0,Sergio Busquets i Burgos,10.0,Center Defensive Midfield,,,,,,,120.0,33.7,38.0,Left Foot,87.0,Open Play,97.0,46.1,,,,98.0,Off T,,,,,,,0.03268242,,93.0,Normal,,,,,,6.7,,,,,,,,,,,,,,,,,0,,,,,,,,,,,,,,
06f800a8-83c4-4024-a82e-c6fc0b33af5e,412,1,00:07:12.668000,7,12,11,0.430018,3857255,16,Shot,778,Japan,1,Regular Play,778,Japan,,23527.0,Junya Ito,7.0,Right Wing Back,,,,,,,120.0,44.4,40.0,Right Foot,87.0,Open Play,114.0,53.5,,,,98.0,Off T,,,,,,,0.04214545,90d8b5c8-10e8-4c73-922b-db1746772914,93.0,Normal,,,,,,0.2,,,,,,,,,,,,,,,,,0,,,,,,,,,,,,,,
9c33b0de-c433-49e8-980d-cd5eff16f5d0,467,1,00:08:52.994000,8,52,13,0.595505,3857255,16,Shot,772,Spain,2,From Corner,772,Spain,,3477.0,Álvaro Borja Morata Martín,23.0,Center Forward,,,,,,,119.1,39.4,37.0,Head,87.0,Open Play,109.9,35.6,,,,100.0,Saved,,,,,,,0.06376064,10e5b571-31c3-4d67-8db0-97bc06a47ff3,93.0,Normal,,,,,,0.5,,,,,,,,,,,,,,,,,0,,,,,,,,,,,,,,
9b897300-f3b0-4bdf-bbb4-a3a31cbe616d,598,1,00:11:00.474000,11,0,15,0.396547,3857255,16,Shot,772,Spain,1,Regular Play,772,Spain,,3477.0,Álvaro Borja Morata Martín,23.0,Center Forward,,,,,,,120.0,40.3,37.0,Head,87.0,Open Play,115.3,38.3,1.0,,,97.0,Goal,True,,,,,,0.33106714,40c14ca6-2ab6-4425-a61d-9797e7139724,93.0,Normal,,,,,,0.5,,,,,,,,,,,,,,,,,1,,,,,,,,,,,,,,
91c0f01d-e57d-456a-ad9d-eaa9974a9728,1209,1,00:22:34.550000,22,34,30,0.485407,3857255,16,Shot,772,Spain,1,Regular Play,772,Spain,,3477.0,Álvaro Borja Morata Martín,23.0,Center Forward,,,,,,,116.4,43.1,40.0,Right Foot,87.0,Open Play,104.7,51.6,,,,100.0,Saved,,,,,,,0.10093839,,93.0,Normal,True,,,,,0.2,,,,,,,,,,,,,,,,,0,,,,,,,,,,,,,,
5d9ae612-b0f2-4e38-ad91-1bca50a5c65b,1855,1,00:35:50.034000,35,50,49,0.073478,3857255,16,Shot,778,Japan,1,Regular Play,778,Japan,,9411.0,Daichi Kamada,21.0,Left Wing,,,,,,,108.9,52.7,40.0,Right Foot,87.0,Open Play,107.0,54.5,,,,96.0,Blocked,,,,,,,0.03356069,,93.0,Normal,,,,,,,,,,,,,,,,,,,,,,,0,,,,,,,,,,,,,,
e0173ae5-f487-4d33-8543-dbfe98355b39,2155,1,00:41:54.186000,41,54,54,0.089413,3857255,16,Shot,772,Spain,7,From Goal Kick,772,Spain,,16532.0,Daniel Olmo Carvajal,21.0,Left Wing,,,,,,,103.7,35.5,40.0,Right Foot,87.0,Open Play,102.8,35.2,,,,96.0,Blocked,,,,,,,0.10385344,8c8887c1-4047-4e26-b2a6-a3eb3057b57a,93.0,Normal,,,,,,,,,,,,,,,,,,,,,,,0,,,,,,,,,,,,,,
bc946af5-84cd-4f04-a439-78394d428a5a,2476,2,00:02:48.337000,47,48,66,0.80211,3857255,16,Shot,778,Japan,1,Regular Play,778,Japan,,8361.0,Ritsu Doan,17.0,Right Wing,,,,,,,120.0,42.2,38.0,Left Foot,87.0,Open Play,100.5,55.8,,,,97.0,Goal,,,,,,,0.027777622,47030357-87b7-46c3-a09f-7172fb1a279a,93.0,Normal,,,,,,1.9,,,,,,,,,,,,,,,,,1,,,,,,,,,,,,,,
62233fb1-7200-49ca-aa10-948d071008f0,2510,2,00:05:14.187000,50,14,69,0.352541,3857255,16,Shot,778,Japan,3,From Free Kick,778,Japan,,37208.0,Ao Tanaka,9.0,Right Defensive Midfield,,,,,,,120.0,40.6,70.0,Other,87.0,Open Play,118.7,40.2,,,,97.0,Goal,,,,,,,0.87261814,5c4dc746-462b-46c9-a02d-090595058875,93.0,Normal,,,,,,1.8,,,,,,,,,,,,,,,,True,1,,,,,,,,,,,,,,
0e9861a9-0c0f-4398-ba07-9b56b5696d97,3140,2,00:24:50.622000,69,50,97,1.420805,3857255,16,Shot,778,Japan,6,From Counter,778,Japan,,8949.0,Takuma Asano,23.0,Center Forward,,,,,,,120.0,51.9,40.0,Right Foot,87.0,Open Play,100.5,36.3,,,,98.0,Off T,,,,,,,0.13121767,5641459f-dce8-4b73-817a-047f9d522ad3,93.0,Normal,True,,,,,0.4,,,,,,,,,,,,,,,,,0,,,,,,,,,,,,,,
c1c5d527-034b-44f2-8b75-627ddf38dc88,3336,2,00:28:12.735000,73,12,102,0.090296,3857255,16,Shot,772,Spain,4,From Throw In,772,Spain,,5719.0,Marco Asensio Willemsen,23.0,Center Forward,,,,,,,106.1,24.6,38.0,Left Foot,87.0,Open Play,104.8,23.5,,,,96.0,Blocked,,,,,,,0.016301522,fd6a6f7c-02ac-435c-bff3-7651a2990227,93.0,Normal,,,,,,,,,,,,,,,,,,,,,,,0,,,,,,,,,,,,,,
4c5377bd-6c6a-4e50-b475-6fea2a226c95,3678,2,00:34:18.253000,79,18,109,0.488446,3857255,16,Shot,772,Spain,4,From Throw In,772,Spain,,16532.0,Daniel Olmo Carvajal,13.0,Right Center Midfield,,,,,,,101.1,45.1,40.0,Right Foot,87.0,Open Play,86.3,46.3,,,,96.0,Blocked,,,,,,,0.01649772,c5cf915f-0a00-47cc-abc9-b5920d17bd89,93.0,Normal,,,,,,,,,,,,,,,,,,,,,,,0,,,,,,,,,,,,,,
526ba5d5-9a4a-4eb6-8703-2e38c0b4e3a5,3788,2,00:37:21.510000,82,21,112,0.942967,3857255,16,Shot,778,Japan,3,From Free Kick,778,Japan,,29595.0,Ko Itakura,3.0,Right Center Back,,,,,,,118.7,38.5,37.0,Head,87.0,Open Play,104.0,39.0,,,,100.0,Saved,,,,,,,0.0504811,aeafc30e-5752-4745-9678-43a428e891ec,93.0,Normal,,,,,,0.4,,,,,,,,,True,,,,,,,,0,,,,,,,,,,,,,,
c0d1a79f-f6c7-46a5-a8d7-e78d77573103,3913,2,00:39:30.818000,84,30,119,0.123848,3857255,16,Shot,772,Spain,1,Regular Play,772,Spain,,5719.0,Marco Asensio Willemsen,17.0,Right Wing,,,,,,,98.2,51.5,38.0,Left Foot,87.0,Open Play,96.8,52.1,,,,96.0,Blocked,,,,,,,0.02842248,9d5faf5a-7920-49ed-bd0a-d11241f34513,93.0,Normal,,,,,,,,,,,,,,,,,,,,,,,0,,,,,,,,,,,,,,
1ffc5e2a-e9bd-437e-8ef2-f8a715e4b132,4127,2,00:43:28.528000,88,28,121,0.130799,3857255,16,Shot,772,Spain,4,From Throw In,772,Spain,,5211.0,Jordi Alba Ramos,6.0,Left Back,,,,,,,100.8,29.1,40.0,Right Foot,87.0,Open Play,97.9,27.0,,,,96.0,Blocked,,,,,,,0.0241939,,93.0,Normal,,,,,,,,,,,,,,,,,,,,,,,0,,,,,,,,,,,,,,
3f03f538-4d45-4190-8de2-2ad65dd0663a,4148,2,00:43:49.411000,88,49,121,0.939246,3857255,16,Shot,772,Spain,4,From Throw In,772,Spain,,5719.0,Marco Asensio Willemsen,17.0,Right Wing,,,,,,,118.3,39.3,38.0,Left Foot,87.0,Open Play,94.8,61.9,,,,100.0,Saved,,,,,,,0.007735879,f1004b58-8d11-4e72-94fd-9c8b69118a86,93.0,Normal,,,,,,0.5,,,,,,,,,,,,,,,,,0,,,,,,,,,,,,,,
1280d6dd-09c8-485c-9fbd-371ac8726d57,4168,2,00:44:08.352000,89,8,121,0.369483,3857255,16,Shot,772,Spain,4,From Throw In,772,Spain,,16532.0,Daniel Olmo Carvajal,13.0,Right Center Midfield,,,,,,,117.7,43.7,40.0,Right Foot,87.0,Open Play,111.0,52.0,,,,100.0,Saved,,,,,,,0.12373556,61f96d6d-c757-42da-ac10-686b2967152d,93.0,Normal,True,,,,,0.4,,,,,,,,,,,,,,,,,0,,,,,,,,,,,,,,
596f1016-203d-4a69-b0dc-daa09029b504,4413,2,00:50:29.043000,95,29,130,1.611536,3857255,16,Shot,772,Spain,4,From Throw In,772,Spain,,16532.0,Daniel Olmo Carvajal,13.0,Right Center Midfield,,,,,,,120.0,29.9,40.0,Right Foot,87.0,Open Play,94.2,57.0,,,,98.0,Off T,,,,,,,0.008523117,73f4c6cd-c754-485d-ba91-941cd83eff31,93.0,Normal,,,,,,0.2,,,,,,,,,,,,,,,,,0,,,,,,,,,,,,,,
f87e24a7-0494-4695-ba45-b9c27ee14946,385,1,00:09:11.678000,9,11,16,0.120148,3857272,16,Shot,768,England,4,From Throw In,768,England,,10955.0,Harry Kane,23.0,Center Forward,,,,,,,110.9,42.6,40.0,Right Foot,87.0,Open Play,108.9,42.6,,,,96.0,Blocked,,,,,,,0.10607713,b822f33b-ec6f-41f8-acec-3b1f6965e540,93.0,Normal,True,,,,,,,,,,,,,,,,,,,,,,0,,,,,,,,,,,,,,
c0e30aed-d026-4957-8d78-509ab472e2bc,391,1,00:09:56.168000,9,56,17,2.119642,3857272,16,Shot,768,England,2,From Corner,768,England,,3244.0,John Stones,3.0,Right Center Back,,,,,,,114.1,17.7,37.0,Head,87.0,Open Play,109.2,38.6,1.0,,,101.0,Wayward,True,,,,,,0.04222343,720871fa-ecfd-4839-a5ef-2a9bb486a72b,93.0,Normal,,,,,,,,,,,,,,,,,,,,,,,0,,,,,,,,,,,,,,
2cf5b76c-b4b9-4a61-b368-7328525e6a16,407,1,00:10:08.155000,10,8,17,0.911689,3857272,16,Shot,768,England,2,From Corner,768,England,,7843.0,Mason Mount,19.0,Center Attacking Midfield,,,,,,,120.0,45.2,40.0,Right Foot,87.0,Open Play,94.2,27.2,,,,98.0,Off T,,,,,,,0.019677445,,93.0,Normal,True,,,,,5.6,,,,,,,,,,,,,,,,,0,,,,,,,,,,,,,,
aa485bed-2e34-45a2-aa2b-82368fadefed,689,1,00:16:03.831000,16,3,25,0.794949,3857272,16,Shot,1839,United States,1,Regular Play,1839,United States,,22008.0,Haji Wright,24.0,Left Center Forward,,,,,,,120.0,45.6,37.0,Head,87.0,Open Play,108.1,43.9,1.0,,,98.0,Off T,True,,,,,,0.048006557,190b7bc0-d057-444b-a3f0-9268f0a32bb9,93.0,Normal,,,,,,0.5,,,,,,,,,,,,,,,,,0,,,,,,,,,,,,,,
f599adfa-210a-4a2a-9e72-13132f299650,1080,1,00:25:07.429000,25,7,36,0.579895,3857272,16,Shot,1839,United States,3,From Free Kick,1839,United States,,8526.0,Weston McKennie,12.0,Right Midfield,,,,,,,120.0,40.4,40.0,Right Foot,87.0,Open Play,110.5,39.5,,,,98.0,Off T,,,,,,,0.18268152,ebc32823-6dbb-4856-8bcd-f898fee9bd64,91.0,Half Volley,True,,,,,6.0,,,,,,,,,,,,,,,,,0,,,,,,,,,,,,,,
cd7df5a3-11c8-41d0-9ca5-ef6feea55964,1161,1,00:28:06.990000,28,6,41,0.212073,3857272,16,Shot,1839,United States,3,From Free Kick,1839,United States,,38792.0,Yunus Dimoara Musah,11.0,Left Defensive Midfield,,,,,,,117.3,37.4,40.0,Right Foot,87.0,Open Play,93.0,25.1,,,,100.0,Saved,,,,,,,0.016826272,73378bc1-bf22-41b6-a823-d4e33d0e5455,93.0,Normal,,,,,,2.0,,,,,,,,,,,,,,,,,0,True,,,,,,,,,,,,,
36012a73-04ec-4435-bb86-ee1e77355d2a,1328,1,00:32:07.359000,32,7,49,0.783272,3857272,16,Shot,1839,United States,1,Regular Play,1839,United States,,8246.0,Christian Pulisic,16.0,Left Midfield,,,,,,,120.0,36.9,38.0,Left Foot,87.0,Open Play,106.4,24.4,,,,99.0,Post,,1.0,,,,,0.023374733,9b5b013d-b502-4488-9c1d-1b0f04b903ac,93.0,Normal,,,,,,3.0,,,,,,,,,,,,,,,,,0,,,,,,,,,,,,,,
f0fff306-21ef-46ac-be68-450af71b5cc5,1607,1,00:40:40.830000,40,40,63,0.171684,3857272,16,Shot,1839,United States,4,From Throw In,1839,United States,,21881.0,Sergino Dest,2.0,Right Back,,,,,,,109.6,50.2,38.0,Left Foot,87.0,Open Play,108.6,51.2,,,,96.0,Blocked,,,,,,,0.056137927,d44acad6-94d4-4fd3-9537-9cd2d2dad3d1,93.0,Normal,,,,,,,,,,,,,,,,,,,,,,,0,,,,,,,,,,,,,,
6aa8c0c8-9918-4e7d-9a45-6865e641a875,1644,1,00:42:11.261000,42,11,65,1.558465,3857272,16,Shot,1839,United States,4,From Throw In,1839,United States,,8246.0,Christian Pulisic,16.0,Left Midfield,,,,,,,120.0,33.7,37.0,Head,87.0,Open Play,110.0,42.8,1.0,,,98.0,Off T,True,,,,,,0.05394238,8e257e50-5805-44a1-b320-14245fc771e1,93.0,Normal,,,,,,0.8,,,,,,,,,,,,,,,,,0,,,,,,,,,,,,,,
39d896cf-f401-446a-8977-b0a1b81d522a,1734,1,00:44:16.963000,44,16,68,0.40931,3857272,16,Shot,768,England,4,From Throw In,768,England,,22084.0,Bukayo Saka,17.0,Right Wing,,,,,,,120.0,33.9,38.0,Left Foot,87.0,Open Play,113.2,36.1,1.0,,,98.0,Off T,,,,,,,0.08680134,2a3bb920-3ce9-40c7-ae38-ed1ce5b214d5,93.0,Normal,True,,,,,5.3,,,,,,,,,,,,,,,,,0,,,,,,,,,,,,,,
e88f5744-6bea-4a45-8192-3ab30fba9225,1758,1,00:45:26.667000,45,26,70,0.468094,3857272,16,Shot,768,England,1,Regular Play,768,England,,7843.0,Mason Mount,19.0,Center Attacking Midfield,,,,,,,114.3,36.3,40.0,Right Foot,87.0,Open Play,100.1,32.9,,,,100.0,Saved,,,,,,,0.0710417,,93.0,Normal,True,,,,,0.3,,,,,,,,,,,,,,,,,0,,,,,,,,,,,,,,
5a869d53-76fe-41ac-83e0-39907f59bcd9,1894,2,00:03:15.449000,48,15,77,0.09997,3857272,16,Shot,1839,United States,6,From Counter,1839,United States,,22008.0,Haji Wright,24.0,Left Center Forward,,,,,,,107.6,29.4,40.0,Right Foot,87.0,Open Play,106.5,28.3,,,,96.0,Blocked,,,,,,,0.0422633,370963db-ea38-4c65-987e-a9b7b5a0a6a9,93.0,Normal,,,,,,,,,,,,,,,,,,,,,,,0,,,,,,,,,,,,,,
612549e8-1e30-47c5-94dc-00aa93818c47,1899,2,00:03:18.827000,48,18,77,0.839663,3857272,16,Shot,1839,United States,1,Regular Play,1839,United States,,8526.0,Weston McKennie,12.0,Right Midfield,,,,,,,120.0,41.4,40.0,Right Foot,87.0,Open Play,99.2,53.9,,,,98.0,Off T,,,,,,,0.032319076,,93.0,Normal,,,,,,6.1,,,,,,,,,,,,,,,,,0,,,,,,,,,,,,,,
e2546cad-946c-42d7-809f-71b8feb565c7,2296,2,00:12:51,57,51,92,0.035761,3857272,16,Shot,1839,United States,1,Regular Play,1839,United States,,8246.0,Christian Pulisic,16.0,Left Midfield,,,,,,,99.5,25.2,40.0,Right Foot,87.0,Open Play,98.8,24.7,,,,96.0,Blocked,,,,,,,0.025169194,61eb46ca-53b0-47df-b973-269ef93dbb4e,93.0,Normal,,,,,,,,,,,,,,,,,,,,,,,0,,,,,,,,,,,,,,
be0a885b-0523-4ed4-99ca-fdd4121209d5,2393,2,00:16:54.908000,61,54,97,0.128479,3857272,16,Shot,1839,United States,2,From Corner,1839,United States,,8246.0,Christian Pulisic,16.0,Left Midfield,,,,,,,96.1,40.0,38.0,Left Foot,87.0,Open Play,95.3,40.1,,,,96.0,Blocked,,,,,,,0.033566043,69526d78-35fa-4cff-9d6a-5f039a6318d3,93.0,Normal,,,,,,,,,,,,,,,,,,,,,,,0,,,,,,,,,,,,,,
3e1d3da1-96d0-4420-ba9c-dd49658072d5,3289,2,00:41:43.666000,86,43,125,0.95848,3857272,16,Shot,768,England,4,From Throw In,768,England,,3318.0,Marcus Rashford,17.0,Right Wing,,,,,,,117.8,38.6,40.0,Right Foot,87.0,Open Play,105.3,20.7,,,,100.0,Saved,,,,,,,0.009332121,3f8d472f-7594-4c34-be07-d8edd23eb4b9,93.0,Normal,,,,,,1.4,,,,,,,,,,,,,,,,,0,,,,,,,,,,,,,,
ab3fd1ea-a8c3-487b-a32a-07d0b7603ff2,3458,2,00:45:50.799000,90,50,132,1.608351,3857272,16,Shot,768,England,2,From Corner,768,England,,3336.0,Harry Maguire,5.0,Left Center Back,,,,,,,119.6,39.2,37.0,Head,87.0,Open Play,109.9,37.5,1.0,,,100.0,Saved,True,,,,,,0.05556727,be51da35-c2e3-4c79-a73a-496c00dc86a8,93.0,Normal,,,,,,2.4,,,,,,,,,,,,,,,,,0,,,,,,,,,,,,,,
654f8fdc-223a-4074-9ac3-bf5ccbd27083,3492,2,00:47:51.336000,92,51,136,0.363415,3857272,16,Shot,768,England,3,From Free Kick,768,England,,10955.0,Harry Kane,23.0,Center Forward,,,,,,,120.0,34.8,37.0,Head,87.0,Open Play,111.2,40.8,1.0,,,98.0,Off T,True,,,,,,0.06991791,344a0741-2ab2-460e-9e6a-8eb7efb2e049,93.0,Normal,,,,,,2.9,,,,,,,,,,,,,,,,,0,,,,,,,,,,,,,,
28e9322f-9f3e-4c71-b494-d1729585f4fb,371,1,00:08:38.883000,8,38,16,1.289972,3857278,16,Shot,1839,United States,3,From Free Kick,1839,United States,,38792.0,Yunus Dimoara Musah,13.0,Right Center Midfield,,,,,,,120.0,34.8,38.0,Left Foot,87.0,Open Play,100.5,38.2,,,,98.0,Off T,,,,,,,0.045798708,,95.0,Volley,,,,,,6.7,,,,,,,,,,,,,,,,,0,,,,,,,,,,,,,,
519a5012-c032-4962-bc66-7b72b7533891,419,1,00:10:32.711000,10,32,19,0.800206,3857278,16,Shot,1839,United States,3,From Free Kick,1839,United States,,8246.0,Christian Pulisic,21.0,Left Wing,,,,,,,118.2,40.1,37.0,Head,87.0,Open Play,110.1,35.6,1.0,,,100.0,Saved,True,,,,,,0.080380306,f9db98d8-edf0-42d2-972c-fd5d55c07f91,93.0,Normal,,,,,,0.9,,,,,,,,,,,,,,,,,0,,,,,,,,,,,,,,
c5d602ac-a87c-4561-8a46-d0320eb62e7b,1193,1,00:27:08.288000,27,8,44,0.172583,3857278,16,Shot,1839,United States,2,From Corner,1839,United States,,22168.0,Joshua Sargent,23.0,Center Forward,,,,,,,102.5,33.5,40.0,Right Foot,87.0,Open Play,99.0,32.1,,,,96.0,Blocked,,,,,,,0.040954046,a1ca5168-8675-4ef5-869e-788d9a3149f1,93.0,Normal,,,,,,,,,,,,,,,,,,,,,,,0,,,,,,,,,,,,,,
bec32e0c-42b3-4387-8ef5-3f5fb13ee5cb,1197,1,00:27:10.458000,27,10,44,0.674723,3857278,16,Shot,1839,United States,2,From Corner,1839,United States,,3377.0,Timothy Weah,17.0,Right Wing,,,,,,,118.9,38.3,37.0,Head,87.0,Open Play,109.7,35.9,,,,100.0,Saved,,,,,,,0.12157792,,93.0,Normal,,,,,,2.1,,,,,,,,,,,,,,,,,0,,,,,,,,,,,,,,
6148cab2-e64c-44ec-b397-cdc3c33bbbb9,1279,1,00:29:16.464000,29,16,47,0.187596,3857278,16,Shot,1839,United States,1,Regular Play,1839,United States,,21881.0,Sergino Dest,2.0,Right Back,,,,,,,105.9,47.1,38.0,Left Foot,87.0,Open Play,101.3,48.2,,,,96.0,Blocked,,,,,,,0.05512647,902b999b-bd46-4bbd-86e2-3aafed44e253,93.0,Normal,,,,,,,,,,,,,,,,,,,,,,,0,,,,,,,,,,,,,,
aad598e1-48e0-4035-a905-96f8614dd026,1357,1,00:32:45.368000,32,45,54,0.709419,3857278,16,Shot,1839,United States,4,From Throw In,1839,United States,,3377.0,Timothy Weah,17.0,Right Wing,,,,,,,120.0,42.4,40.0,Right Foot,87.0,Open Play,108.7,54.1,,,,98.0,Off T,,,,,,,0.04585104,71ce4b6e-7485-409c-a33a-505fdb2c5cb7,93.0,Normal,True,,,,,5.0,,,,,,,,,,,,,,,,,0,,,,,,,,,,,,,,
e3b647a1-3b4c-4b02-89f5-fedb8ae83755,1443,1,00:36:00.032000,36,0,59,0.079587,3857278,16,Shot,1839,United States,2,From Corner,1839,United States,,21881.0,Sergino Dest,2.0,Right Back,,,,,,,102.5,50.3,40.0,Right Foot,87.0,Open Play,102.0,50.5,,,,96.0,Blocked,,,,,,,0.043695714,4774da15-2555-4d0e-81a1-4bb9b3d835d2,93.0,Normal,True,,,,,,,,,,,,,,,,,,,,,,0,,,,,,,,,,,,,,
7b3d45a1-1640-4268-b448-10d784498599,1506,1,00:37:49.828000,37,49,62,0.427635,3857278,16,Shot,1839,United States,1,Regular Play,1839,United States,,8246.0,Christian Pulisic,21.0,Left Wing,,,,,,,120.0,36.4,40.0,Right Foot,87.0,Open Play,115.1,38.7,,,,97.0,Goal,,,,,,,0.5303789,3287413d-c49a-48b1-b541-61a41eed1d2a,91.0,Half Volley,True,,,,,1.9,,,,,,,,,,,,,,,,True,1,,,,,,,,,,,,,,
2d521fe0-2d37-4bfb-9db4-a0c6b9959173,1542,1,00:41:31.668000,41,31,64,4.534431,3857278,16,Shot,1839,United States,1,Regular Play,1839,United States,,22168.0,Joshua Sargent,23.0,Center Forward,,,,,,,118.6,0.1,40.0,Right Foot,87.0,Open Play,114.2,56.9,,,,101.0,Wayward,,1.0,,,,,0.011004616,10c6328e-4fc1-4c26-98e8-75382f65769b,91.0,Half Volley,,,,,,,,,,,,,,,True,,,,,,,,0,,,,,,,,,,,,,,
402f4792-19bd-479a-840a-3d7f6a802da7,1966,2,00:01:45.188000,46,45,91,0.489752,3857278,16,Shot,1839,United States,1,Regular Play,1839,United States,,22168.0,Joshua Sargent,23.0,Center Forward,,,,,,,118.3,36.1,38.0,Left Foot,87.0,Open Play,110.0,25.2,,,,100.0,Saved,,,,,,,0.05674209,8516a4f8-3002-4b9c-adae-c05f7d4e8889,93.0,Normal,True,,,,,0.2,,,,,,,,,,,,,,,,,0,,,,,,,,,,,,,,
59597c3f-d84d-467b-a791-46d9ffd85032,2147,2,00:06:11.264000,51,11,100,0.567706,3857278,16,Shot,797,Iran,4,From Throw In,797,Iran,,5240.0,Saman Ghoddos,21.0,Left Wing,,,,,,,120.0,37.7,37.0,Head,87.0,Open Play,114.1,38.7,1.0,,,98.0,Off T,True,,,,,,0.39133456,ed095e7c-4fc9-425c-83c9-ff143884ca3c,90.0,Diving Header,,,,,,5.6,,,,,,,,,,,,,,,,,0,,,,,,,,,,,,,,
8b5ef54e-6498-4577-a84b-73391001783c,2669,2,00:23:45.362000,68,45,131,1.201003,3857278,16,Shot,1839,United States,3,From Free Kick,1839,United States,,38792.0,Yunus Dimoara Musah,12.0,Right Midfield,,,,,,,120.0,44.6,40.0,Right Foot,62.0,Free Kick,97.0,43.3,,,,98.0,Off T,,,,,,,0.080397844,,93.0,Normal,,,,,,4.1,,,,,,,,,,,,,,,,,0,,,,,,,,,,,,,,
3f1dc4fc-97b1-4780-a60e-a1869374a02c,2698,2,00:24:53.185000,69,53,133,1.177634,3857278,16,Shot,797,Iran,4,From Throw In,797,Iran,,5722.0,Saeid Ezatolahi Afagh,10.0,Center Defensive Midfield,,,,,,,120.0,45.2,40.0,Right Foot,87.0,Open Play,90.8,21.8,,,,98.0,Off T,,,,,,,0.006830182,aaa4e76b-c7fb-4e51-aef1-50cec558bc1a,93.0,Normal,,,,,,3.8,,,,,,,,,,,,,,,,,0,,,,,,,,,,,,,,
3e001ba1-eb31-4eac-93f6-b830ce2ef39d,3384,2,00:47:28.507000,92,28,166,0.618319,3857278,16,Shot,797,Iran,3,From Free Kick,797,Iran,,5220.0,Morteza Pouraliganji,5.0,Left Center Back,,,,,,,120.0,35.0,37.0,Head,87.0,Open Play,111.0,35.6,1.0,,,98.0,Off T,True,,,,,,0.21722858,bd441730-ffd6-41a1-bb99-d331ba7878a1,90.0,Diving Header,,,,,,0.9,,,,,,,,,,,,,,,,,0,,,,,,,,,,,,,,
75c5c6de-a765-4e21-ad34-f85fbe75a705,3548,2,00:52:53.967000,97,53,179,0.183111,3857278,16,Shot,797,Iran,3,From Free Kick,797,Iran,,5226.0,Mehdi Taremi,24.0,Left Center Forward,,,,,,,111.9,39.7,38.0,Left Foot,87.0,Open Play,111.1,39.5,,,,100.0,Saved,,,,,,,0.30539662,3b025b46-01e2-44cb-b06d-f2de3515956d,95.0,Volley,True,,,,,0.2,,,,,,,,,,,,,,,,,0,,,,,,,,,,,,,,
5994da52-68c1-4f92-9588-c2085766ca21,3577,2,00:54:26.227000,99,26,181,0.860772,3857278,16,Shot,1839,United States,1,Regular Play,1839,United States,,22008.0,Haji Wright,23.0,Center Forward,,,,,,,114.7,34.3,38.0,Left Foot,87.0,Open Play,105.1,23.9,,,,100.0,Saved,,,,,,,0.057746947,e7eecffb-9bc4-44f0-847a-98f654bf46ea,93.0,Normal,True,,,,,0.2,,,,,,,,,,,,,,,,,0,,,,,,,,,,,,,,
58d90922-71f3-410a-bc38-8f5c2019b615,339,1,00:06:59.901000,6,59,14,0.086615,3857277,16,Shot,788,Morocco,1,Regular Play,788,Morocco,,15890.0,Noussair Mazraoui,6.0,Left Back,,,,,,,98.5,32.6,40.0,Right Foot,87.0,Open Play,96.9,32.0,1.0,,,96.0,Blocked,,,,,,,0.026111592,,91.0,Half Volley,,,,,,,,,,,,,,,,,,,,,,,0,,,,,,,,,,,,,,
dcadf5ce-e3d0-422d-a78c-d3d694e5bf65,608,1,00:12:48.740000,12,48,24,0.131717,3857277,16,Shot,788,Morocco,1,Regular Play,788,Morocco,,5237.0,Hakim Ziyech,12.0,Right Midfield,,,,,,,103.2,43.2,38.0,Left Foot,87.0,Open Play,101.9,43.3,,,,96.0,Blocked,,,,,,,0.052363984,f89eabe7-2222-4948-b038-9d13a3ce202a,93.0,Normal,,,,,,,,,,,,,,,,,,,,,,,0,,,,,,,,,,,,,,
bf3be226-4745-41c9-a03c-33e426012eb3,754,1,00:16:13.886000,16,13,31,1.387816,3857277,16,Shot,785,Croatia,4,From Throw In,785,Croatia,,5474.0,Ivan Perišić,21.0,Left Wing,,,,,,,120.0,43.1,38.0,Left Foot,87.0,Open Play,82.9,33.6,,,,98.0,Off T,,,,,,,0.00976612,,93.0,Normal,,,,,,4.0,,,,,,,,,,,,,,,,,0,,,,,,,,,,,,,,
425c6a82-408c-48d1-bf9a-ed48bd5dc7c3,821,1,00:18:07.869000,18,7,36,0.13327,3857277,16,Shot,788,Morocco,4,From Throw In,788,Morocco,,3625.0,Sofiane Boufal,16.0,Left Midfield,,,,,,,98.4,46.1,38.0,Left Foot,87.0,Open Play,96.7,46.7,,,,96.0,Blocked,,,,,,,0.04188839,c927a240-ee38-4364-9e4f-6e13177a6294,93.0,Normal,,,,,,,,,,,,,,,,,,,,,,,0,,,,,,,,,,,,,,
14098b9f-cbea-4d3c-81d1-03adff5672cb,859,1,00:20:07.609000,20,7,37,0.39176,3857277,16,Shot,788,Morocco,3,From Free Kick,788,Morocco,,5237.0,Hakim Ziyech,12.0,Right Midfield,,,,,,,104.7,36.9,38.0,Left Foot,62.0,Free Kick,94.5,37.4,,,,96.0,Blocked,,,,,,,0.06625415,,93.0,Normal,,,,,,,,,,,,,,,,,,,,,,,0,,,,,,,,,,,,,,
ec8752a1-09be-4e88-9523-785d2088a9d0,1067,1,00:24:25.081000,24,25,41,0.050238,3857277,16,Shot,788,Morocco,4,From Throw In,788,Morocco,,6301.0,Youssef En-Nesyri,23.0,Center Forward,,,,,,,118.2,32.7,38.0,Left Foot,87.0,Open Play,117.8,31.5,1.0,,,96.0,Blocked,,,,,,,0.03416934,ec361a42-054d-46ef-88f0-150b8ce1683d,91.0,Half Volley,,,,,,,,,,,,,,,,,,,,,,,0,,,,,,,,,,,,,,
a0ba5f98-89ba-4320-92bd-1fec8459cf57,1895,1,00:45:11.215000,45,11,77,0.199653,3857277,16,Shot,785,Croatia,3,From Free Kick,785,Croatia,,3441.0,Nikola Vlašić,17.0,Right Wing,,,,,,,118.0,36.8,40.0,Right Foot,87.0,Open Play,114.7,35.7,,,,100.0,Saved,,,,,,,0.44776994,aa50f563-fce4-4251-8cd6-d89216dd7496,93.0,Normal,True,,,,,0.2,,,,,,,,,,,,,,,,,0,,,,,,,,,,,,,,
4dd10d36-cfb7-4d79-bf8d-06ff722c2431,1958,1,00:46:48.138000,46,48,79,0.070331,3857277,16,Shot,785,Croatia,4,From Throw In,785,Croatia,,3441.0,Nikola Vlašić,17.0,Right Wing,,,,,,,106.0,34.1,40.0,Right Foot,87.0,Open Play,105.2,33.9,,,,96.0,Blocked,,,,,,,0.06879163,,91.0,Half Volley,True,,,,,,,,,,,,,,,,,,,,,,0,,,,,,,,,,,,,,
095bfd2a-f7a0-4830-9412-0c6d09ddfa41,1962,1,00:46:49.509000,46,49,79,0.960449,3857277,16,Shot,785,Croatia,4,From Throw In,785,Croatia,,5463.0,Luka Modrić,13.0,Right Center Midfield,,,,,,,120.0,40.7,38.0,Left Foot,87.0,Open Play,98.8,39.3,,,,98.0,Off T,,,,,,,0.073204115,,93.0,Normal,True,,,,,4.2,,,,,,,,,,,,,,,,,0,,,,,,,,,,,,,,
5b0851c2-4469-45bf-891a-7d71dca0dcc0,2199,2,00:05:26.871000,50,26,92,0.215108,3857277,16,Shot,788,Morocco,1,Regular Play,788,Morocco,,3625.0,Sofiane Boufal,16.0,Left Midfield,,,,,,,101.1,38.1,38.0,Left Foot,87.0,Open Play,94.0,38.6,,,,96.0,Blocked,,,,,,,0.042848527,3e2c64b2-6fc7-4028-b87f-a186860f91b5,93.0,Normal,,,,,,,,,,,,,,,,,,,,,,,0,,,,,,,,,,,,,,
2e7a7ec5-3b5b-4eb5-93da-d2e4bfa3203c,2204,2,00:05:29.519000,50,29,92,0.234245,3857277,16,Shot,788,Morocco,6,From Counter,788,Morocco,,15890.0,Noussair Mazraoui,6.0,Left Back,,,,,,,118.0,34.6,37.0,Head,87.0,Open Play,115.3,29.2,1.0,,,100.0,Saved,,,,,,,0.07962643,,90.0,Diving Header,,,,,,0.9,,,,,,,,,True,,,,,,,,0,,,,,,,,,,,,,,
cfaaca3f-cf24-4d24-9223-a2c13ff5e288,2240,2,00:06:55.155000,51,55,94,0.479629,3857277,16,Shot,785,Croatia,2,From Corner,785,Croatia,,3471.0,Dejan Lovren,3.0,Right Center Back,,,,,,,118.2,37.5,38.0,Left Foot,87.0,Open Play,112.7,38.8,,,,96.0,Blocked,,,,,,,0.2503287,,93.0,Normal,True,,,,,,,,,,,,,,,,,,,,,,0,,,,,,,,,,,,,,
ac96c1c1-7a1a-4797-b198-fd1e872f2328,2525,2,00:19:06.330000,64,6,113,0.963989,3857277,16,Shot,788,Morocco,3,From Free Kick,788,Morocco,,5245.0,Achraf Hakimi Mouh,2.0,Right Back,,,,,,,118.7,42.0,40.0,Right Foot,87.0,Open Play,88.5,31.5,,,,100.0,Saved,,,,,,,0.019376563,8d6a51da-c824-4ef3-bcad-a96e6c1fdc2f,93.0,Normal,True,,,,,1.6,,,,,,,,,,,,,,,,,0,,,,,,,,,,,,,,
80f6a8f8-8c52-49e0-ba91-32b59cbe6330,103,1,00:02:02.661000,2,2,7,1.471878,3857273,16,Shot,907,Wales,7,From Goal Kick,907,Wales,,34794.0,Neco Williams,8.0,Left Wing Back,,,,,,,120.0,44.8,40.0,Right Foot,87.0,Open Play,99.5,23.0,1.0,,,98.0,Off T,,,,,,,0.023614733,e673cc5f-5c8d-4832-ac20-ca3e08bf9860,93.0,Normal,,,,,,3.8,,,,,,,,,,,,,,,,,0,,,,,,,,,,,,,,
7884c3bd-f0a1-4579-871c-aaf8aaa99707,291,1,00:06:37.925000,6,37,16,1.001345,3857273,16,Shot,797,Iran,1,Regular Play,797,Iran,,5224.0,Sardar Azmoun,23.0,Center Forward,,,,,,,118.0,38.8,40.0,Right Foot,87.0,Open Play,97.2,31.2,,,,100.0,Saved,,,,,,,0.035244513,c0a20900-0312-4e60-b668-3630179f4379,93.0,Normal,,,,,,0.2,,,,,,,,,,,,,,,,,0,,,,,,,,,,,,,,
6cfde0ac-0cc5-4ca1-809c-e801da828e67,466,1,00:11:22.952000,11,22,27,0.39029,3857273,16,Shot,907,Wales,4,From Throw In,907,Wales,,3853.0,Kieffer Roberto Francisco Moore,24.0,Left Center Forward,,,,,,,117.5,41.7,40.0,Right Foot,87.0,Open Play,111.6,44.5,,,,100.0,Saved,,,,,,,0.12850787,5cf69171-6473-4e4c-8d85-1b44615042bd,95.0,Volley,True,,,,,1.9,,,,,,,,,,,,,,,,,0,,,,,,,,,,,,,,
f0473e80-a9cc-472a-976f-6fad6237045d,654,1,00:19:10.223000,19,10,38,0.071053,3857273,16,Shot,797,Iran,6,From Counter,797,Iran,,124167.0,Ahmad Nourollahi,11.0,Left Defensive Midfield,,,,,,,96.6,34.3,40.0,Right Foot,87.0,Open Play,95.5,34.0,,,,96.0,Blocked,,,,,,,0.017788952,,93.0,Normal,,,,,,,,,,,,,,,,,,,,,,,0,,,,,,,,,,,,,,
e980db93-12d8-41fe-b2cf-c2eb5f664ed2,760,1,00:22:36.290000,22,36,46,0.769173,3857273,16,Shot,797,Iran,3,From Free Kick,797,Iran,,5224.0,Sardar Azmoun,23.0,Center Forward,,,,,,,120.0,35.2,37.0,Head,87.0,Open Play,109.6,34.7,1.0,,,98.0,Off T,True,,,,,,0.07202582,29f20fac-4b82-4c5f-9bb1-d96a815d1c68,93.0,Normal,,,,,,3.1,,,,,,,,,,,,,,,,,0,,,,,,,,,,,,,,
b37c4059-f00c-411b-93d6-e3c13355a153,944,1,00:28:48.851000,28,48,51,1.62917,3857273,16,Shot,907,Wales,4,From Throw In,907,Wales,,6399.0,Gareth Frank Bale,22.0,Right Center Forward,,,,,,,118.9,41.2,38.0,Left Foot,87.0,Open Play,88.9,36.5,,,,100.0,Saved,,,,,,,0.02170084,461a155a-c73c-44c1-b8bf-319c654f2e03,95.0,Volley,True,,,,,0.2,,,,,,,,,,,,,,,,,0,,,,,,,,,,,,,,
a5b8bd42-1a05-4736-9b49-f8fa2c482fb4,1365,1,00:41:09.486000,41,9,69,0.038005,3857273,16,Shot,907,Wales,7,From Goal Kick,907,Wales,,9540.0,Harry Wilson,15.0,Left Center Midfield,,,,,,,106.9,27.0,38.0,Left Foot,87.0,Open Play,105.5,25.4,,,,96.0,Blocked,,,,,,,0.030164797,1467c114-a1e5-4ed2-977b-4a796f810691,93.0,Normal,True,,,,,,,,,,,,,,,,,,,,,,0,,,,,,,,,,,,,,
5c88d05d-90ee-4bdb-9ff9-e1ba0bfbfc87,1581,1,00:48:50.462000,48,50,82,0.343781,3857273,16,Shot,797,Iran,3,From Free Kick,797,Iran,,5226.0,Mehdi Taremi,19.0,Center Attacking Midfield,,,,,,,109.6,43.3,38.0,Left Foot,87.0,Open Play,105.7,38.8,,,,101.0,Wayward,,,,,,,0.08566745,17b6837d-5347-4433-9719-5ca6c943613a,93.0,Normal,True,,,,,,,,,,,,,,,,,,,,,,0,,,,,,,,,,,,,,
4ca88dcd-a77a-4f18-9260-5e4c78aed749,1593,1,00:49:03.617000,49,3,82,1.293301,3857273,16,Shot,797,Iran,3,From Free Kick,797,Iran,,124167.0,Ahmad Nourollahi,11.0,Left Defensive Midfield,,,,,,,119.1,41.9,40.0,Right Foot,87.0,Open Play,86.4,48.2,,,,100.0,Saved,,,,,,,0.011584845,,91.0,Half Volley,,,,,,0.9,,,,,,,,,,,,,,,,,0,,,,,,,,,,,,,,
28273718-4d73-45d9-a725-ea76f72ea217,1828,2,00:05:58.516000,50,58,94,0.414456,3857273,16,Shot,797,Iran,6,From Counter,797,Iran,,5224.0,Sardar Azmoun,23.0,Center Forward,,,,,,,119.9,44.1,40.0,Right Foot,87.0,Open Play,110.0,49.7,1.0,,,99.0,Post,,,,,,,0.28799564,a2dd78fa-6d86-475b-97ac-cc612f6814de,93.0,Normal,,,,,,1.4,,,,,,,,,True,,,,,,,,0,,,,,,,,,,,,,,
4938ed57-19a7-4bca-bafe-9273a5ff5884,1832,2,00:06:08.240000,51,8,94,1.09469,3857273,16,Shot,797,Iran,1,Regular Play,797,Iran,,23874.0,Ali Gholizadeh,12.0,Right Midfield,,,,,,,120.0,36.0,38.0,Left Foot,87.0,Open Play,97.2,48.0,,,,99.0,Post,,,,,,,0.04282673,,93.0,Normal,,,,,,1.8,,,,,,,,,,,,,,,,,0,,,,,,,,,,,,,,
9a788179-9c98-49e9-a51e-80a48d401785,1835,2,00:06:09.984000,51,9,94,0.250132,3857273,16,Shot,797,Iran,6,From Counter,797,Iran,,5224.0,Sardar Azmoun,23.0,Center Forward,,,,,,,115.1,37.2,37.0,Head,87.0,Open Play,111.0,36.2,,,,100.0,Saved,,,,,,,0.21401532,,93.0,Normal,,,,,,0.8,,,,,,,,,True,,,,,,,,0,,,,,,,,,,,,,,
c56eba74-325b-4086-96fd-4e71009b673a,1896,2,00:07:19.969000,52,19,99,1.394872,3857273,16,Shot,907,Wales,1,Regular Play,907,Wales,,3853.0,Kieffer Roberto Francisco Moore,24.0,Left Center Forward,,,,,,,120.0,44.0,37.0,Head,87.0,Open Play,114.4,39.9,,,,98.0,Off T,,,,,,,0.22100283,d8d43986-d6e4-4c01-bbbf-7821caca3a6e,93.0,Normal,,,,,,5.3,,,,,,,,,,,,,,,,,0,,,,,,,,,,,,,,
b7ee560e-c8ec-4d62-913b-1bd6a7127634,1979,2,00:10:28.302000,55,28,106,0.12678,3857273,16,Shot,797,Iran,4,From Throw In,797,Iran,,5230.0,Ehsan Hajsafi,16.0,Left Midfield,,,,,,,108.0,34.0,38.0,Left Foot,87.0,Open Play,104.6,33.1,,,,96.0,Blocked,,,,,,,0.068153165,2599f997-d21f-407b-9741-0115b3bea00e,91.0,Half Volley,True,,,,,,,,,,,,,,,,,,,,,,0,,,,,,,,,,,,,,
90938502-17e3-45fc-91f3-4027148cce77,2184,2,00:18:39.014000,63,39,116,0.039499,3857273,16,Shot,797,Iran,6,From Counter,797,Iran,,5226.0,Mehdi Taremi,19.0,Center Attacking Midfield,,,,,,,107.7,29.9,40.0,Right Foot,87.0,Open Play,107.1,29.4,1.0,,,96.0,Blocked,,,,,,,0.075855605,4f2f1577-c738-4042-b3e3-e4c732d1ff5d,93.0,Normal,,,,,,,,,,,,,,,,,,,,,,,0,,,,,,,,,,,,,,
ad20430a-333f-4c8a-85e7-926d8420a96c,2371,2,00:24:48.232000,69,48,127,0.034554,3857273,16,Shot,797,Iran,1,Regular Play,797,Iran,,124167.0,Ahmad Nourollahi,11.0,Left Defensive Midfield,,,,,,,92.8,45.2,40.0,Right Foot,87.0,Open Play,90.5,45.6,1.0,,,96.0,Blocked,,,,,,,0.015279148,,93.0,Normal,True,,,,,,,,,,,,,,,,,,,,,,0,,,,,,,,,,,,,,
ab1647b5-fde6-43ac-a3f6-fa7b2dca3aa6,2416,2,00:26:42.843000,71,42,129,0.469576,3857273,16,Shot,797,Iran,2,From Corner,797,Iran,,5220.0,Morteza Pouraliganji,5.0,Left Center Back,,,,,,,111.1,38.1,38.0,Left Foot,87.0,Open Play,100.8,38.5,,,,96.0,Blocked,,,,,,,0.05160931,,91.0,Half Volley,True,,,,,,,,,,,,,,,,,,,,,,0,,,,,,,,,,,,,,
64de55f7-5283-4082-9666-c662724d0b45,2459,2,00:27:27.498000,72,27,131,0.769937,3857273,16,Shot,797,Iran,1,Regular Play,797,Iran,,5722.0,Saeid Ezatolahi Afagh,9.0,Right Defensive Midfield,,,,,,,118.5,38.3,40.0,Right Foot,87.0,Open Play,99.5,49.3,,,,100.0,Saved,,,,,,,0.047915842,5f143560-3b56-4bb5-bb86-0018ddbaa87a,93.0,Normal,,,,,,0.2,,,,,,,,,,,,,,,,,0,,,,,,,,,,,,,,
f24d18bc-0a79-40a2-9062-cd223792e771,2489,2,00:29:15.791000,74,15,133,0.346992,3857273,16,Shot,797,Iran,2,From Corner,797,Iran,,124167.0,Ahmad Nourollahi,11.0,Left Defensive Midfield,,,,,,,96.1,49.3,40.0,Right Foot,87.0,Open Play,85.8,53.5,,,,96.0,Blocked,,,,,,,0.0072957636,,93.0,Normal,,,,,,,,,,,,,,,,,,,,,,,0,,,,,,,,,,,,,,
04de946e-90ab-4b01-a80f-e604d5d7cce1,2721,2,00:37:52.182000,82,52,147,0.286846,3857273,16,Shot,907,Wales,1,Regular Play,907,Wales,,3517.0,Aaron Ramsey,11.0,Left Defensive Midfield,,,,,,,107.8,54.8,40.0,Right Foot,87.0,Open Play,104.0,53.9,,,,101.0,Wayward,,,,,,,0.025361432,c3774ba5-8aaa-490e-b2ec-6b247f88b0c7,95.0,Volley,True,,,,,,,,,,,,,,,,,,,,,,0,,,,,,,,,,,,,,
c1606edc-a8af-438d-bfc2-a691861feec9,2730,2,00:37:56.642000,82,56,147,0.472635,3857273,16,Shot,907,Wales,1,Regular Play,907,Wales,,34794.0,Neco Williams,2.0,Right Back,,,,,,,109.2,43.6,40.0,Right Foot,87.0,Open Play,98.6,51.1,,,,96.0,Blocked,,,,,,,0.031851415,,93.0,Normal,True,,,,,,,,,,,,,,,,,,,,,,0,,,,,,,,,,,,,,
9607f394-ff9c-46f0-889b-d57f13accf5b,2735,2,00:37:59.660000,82,59,147,0.453581,3857273,16,Shot,907,Wales,1,Regular Play,907,Wales,,3086.0,Ben Davies,6.0,Left Back,,,,,,,116.2,39.2,38.0,Left Foot,87.0,Open Play,101.7,30.8,,,,100.0,Saved,,,,,,,0.053537875,af727d37-5805-4b81-a5f3-aebd2a0c126a,93.0,Normal,True,,,,,1.8,,,,,,,,,,,,,,,,,0,,,,,,,,,,,,,,
22106571-35bb-424a-a3ee-1522889934ae,2784,2,00:42:54.879000,87,54,150,0.481242,3857273,16,Shot,797,Iran,3,From Free Kick,797,Iran,,5231.0,Karim Ansarifard,19.0,Center Attacking Midfield,,,,,,,109.1,35.3,40.0,Right Foot,87.0,Open Play,99.5,36.2,,,,96.0,Blocked,,,,,,,0.06399969,063cd4dc-b4e6-4a42-b442-50a626c6468a,93.0,Normal,True,,,,,,,,,,,,,,,,,,,,,,0,,,,,,,,,,,,,,
272d6bda-a5dc-4e90-b118-c333ae21e13e,2792,2,00:42:59.692000,87,59,150,0.880248,3857273,16,Shot,797,Iran,3,From Free Kick,797,Iran,,124161.0,Mehdi Torabi,16.0,Left Midfield,,,,,,,120.0,44.9,40.0,Right Foot,87.0,Open Play,99.1,39.0,,,,98.0,Off T,,,,,,,0.051057886,a5b8fc55-2dc4-4d51-b929-7feafcd08eaa,93.0,Normal,,,,,,2.4,,,,,,,,,,,,,,,,,0,,,,,,,,,,,,,,
04e19fff-574c-4699-8145-e8c41937f4de,3002,2,00:50:23.173000,95,23,167,0.991505,3857273,16,Shot,907,Wales,3,From Free Kick,907,Wales,,34794.0,Neco Williams,2.0,Right Back,,,,,,,107.0,52.1,40.0,Right Foot,87.0,Open Play,89.9,45.0,,,,101.0,Wayward,,,,,,,0.020104993,,93.0,Normal,True,,,,,,,,,,,,,,,,,,,,,,0,,,,,,,,,,,,,,
2a582ed0-7b4b-46b5-b875-6e02fe38ceed,3007,2,00:50:25.691000,95,25,167,0.85511,3857273,16,Shot,907,Wales,3,From Free Kick,907,Wales,,29377.0,Brennan Johnson,12.0,Right Midfield,,,,,,,119.3,45.7,40.0,Right Foot,87.0,Open Play,114.4,52.4,1.0,,,115.0,Saved Off Target,,,,,,,0.059788406,,91.0,Half Volley,,,,,,0.9,,,,,,,,,True,,,,,,,,0,,,,,,,,,,,,,,
8e99351d-9328-4242-bf74-54274aab234f,3021,2,00:50:43.440000,95,43,168,0.159302,3857273,16,Shot,797,Iran,1,Regular Play,797,Iran,,5235.0,Ramin Rezaeian,2.0,Right Back,,,,,,,100.9,50.5,40.0,Right Foot,87.0,Open Play,98.3,52.1,,,,96.0,Blocked,,,,,,,0.031046849,812ab0e1-f6d5-498d-b354-8f47265b0c3f,93.0,Normal,,,,,,,,,,,,,,,,,,,,,,,0,,,,,,,,,,,,,,
dcf3e182-2d46-4cce-b23a-653bf83b9161,3049,2,00:51:12.637000,96,12,168,0.012169,3857273,16,Shot,797,Iran,1,Regular Play,797,Iran,,5239.0,Alireza Jahanbakhsh,12.0,Right Midfield,,,,,,,100.0,46.3,40.0,Right Foot,87.0,Open Play,99.2,46.5,,,,96.0,Blocked,,,,,,,0.031239294,d6393526-4530-4586-a338-59405544c6b7,93.0,Normal,,,,,,,,,,,,,,,,,,,,,,,0,,,,,,,,,,,,,,
7bd656d2-9eac-49a3-9485-eb9451e58b9f,3087,2,00:52:43.846000,97,43,170,0.465659,3857273,16,Shot,797,Iran,4,From Throw In,797,Iran,,5239.0,Alireza Jahanbakhsh,12.0,Right Midfield,,,,,,,102.6,30.6,40.0,Right Foot,87.0,Open Play,91.4,24.9,,,,96.0,Blocked,,,,,,,0.011336825,add82efa-b972-4854-8354-6dd14376f206,93.0,Normal,,,,,,,,,,,,,,,,,,,,,,,0,,,,,,,,,,,,,,
217cf729-0d66-4202-9024-bfbe3850488c,3099,2,00:52:56.712000,97,56,170,0.902633,3857273,16,Shot,797,Iran,4,From Throw In,797,Iran,,5222.0,Roozbeh Cheshmi,11.0,Left Defensive Midfield,,,,,,,120.0,43.3,40.0,Right Foot,87.0,Open Play,95.1,37.5,,,,97.0,Goal,,,,,,,0.03268815,,93.0,Normal,,,,,,0.2,,,,,,,,,,,,,,,,,1,,,,,,,,,,,,,,
1e12ac10-74b9-4408-b799-8cb279172624,3129,2,00:55:37.150000,100,37,173,1.245307,3857273,16,Shot,797,Iran,6,From Counter,797,Iran,,5235.0,Ramin Rezaeian,2.0,Right Back,,,,,,,120.0,40.6,40.0,Right Foot,87.0,Open Play,104.8,45.3,,,,97.0,Goal,,,,,,,0.19933115,d054440e-3be1-4221-9fc6-e0d4c551986b,92.0,Lob,,,,,,0.6,,,,,,,,,,,,,,,,,1,,,,,,,,,,,,,,
a947d83c-9d7f-4e69-aaaf-34028ac5f299,859,1,00:24:49.025000,24,49,54,0.386663,3857275,16,Shot,771,France,1,Regular Play,771,France,,8217.0,Kingsley Coman,17.0,Right Wing,,,,,,,120.0,33.6,38.0,Left Foot,87.0,Open Play,112.3,29.9,,,,98.0,Off T,,,,,,,0.08786314,70a76c95-0dca-4792-8867-30f185503b86,93.0,Normal,,,,,,1.5,,,,,,,,,,,,,,,,,0,,,,,,,,,,,,,,
a0692c73-c43b-4898-99d8-05ae9028217a,1029,1,00:29:11.608000,29,11,59,0.271585,3857275,16,Shot,777,Tunisia,4,From Throw In,777,Tunisia,,35592.0,Anis Ben Slimane,18.0,Right Attacking Midfield,,,,,,,118.8,42.9,37.0,Head,87.0,Open Play,110.9,41.0,,,,100.0,Saved,,,,,,,0.1007914,6cab79f3-6ac9-47d9-a755-a97eb799338c,93.0,Normal,,,,,,1.0,,,,,,,,,,,,,,,,,0,True,,,,,,,,,,,,,
85b1b157-a84c-4b0b-ab24-bd908daf2989,1193,1,00:34:34.292000,34,34,70,0.857743,3857275,16,Shot,777,Tunisia,4,From Throw In,777,Tunisia,,3196.0,Wahbi Khazri,23.0,Center Forward,,,,,,,116.6,41.8,38.0,Left Foot,87.0,Open Play,95.1,52.3,,,,100.0,Saved,,,,,,,0.016592033,,91.0,Half Volley,,,,,,1.1,,,,,,,,,,,,,,,,,0,,,,,,,,,,,,,,
e41f4db2-b122-4309-bf9e-338531d10421,1701,1,00:46:45.932000,46,45,88,0.253627,3857275,16,Shot,771,France,3,From Free Kick,771,France,,11990.0,Youssouf Fofana,13.0,Right Center Midfield,,,,,,,105.0,49.3,40.0,Right Foot,87.0,Open Play,99.9,53.4,,,,96.0,Blocked,,,,,,,0.041162748,a6e12ee9-6aa4-4ad3-9a6a-01cb2964927c,93.0,Normal,,,,,,,,,,,,,,,,,,,,,,,0,,,,,,,,,,,,,,
6398875b-7a2a-4815-80cf-6ce293ecfb04,1716,1,00:46:59.387000,46,59,89,0.829016,3857275,16,Shot,777,Tunisia,1,Regular Play,777,Tunisia,,3196.0,Wahbi Khazri,23.0,Center Forward,,,,,,,120.0,42.9,40.0,Right Foot,87.0,Open Play,97.9,19.8,,,,98.0,Off T,,,,,,,0.010898009,2f80f67f-2dc8-46d1-bd75-75c8b56cdd51,93.0,Normal,,,,,,4.9,,,,,,,,,,,,,,,,,0,,,,,,,,,,,,,,
7f3e6885-9d7a-489d-9a1b-8897a938840b,2004,2,00:06:29.603000,51,29,103,0.489146,3857275,16,Shot,777,Tunisia,4,From Throw In,777,Tunisia,,44955.0,Aïssa Bilal Laïdouni,11.0,Left Defensive Midfield,,,,,,,120.0,40.6,40.0,Right Foot,87.0,Open Play,114.8,22.4,,,,98.0,Off T,,,,,,,0.013856714,,93.0,Normal,,,,,,4.1,,,,,,,,,True,,,,,,,,0,,,,,,,,,,,,,,
eea8329f-d9bf-47fe-8ef2-8f41c0a7d829,2188,2,00:12:20.053000,57,20,117,1.404357,3857275,16,Shot,777,Tunisia,1,Regular Play,777,Tunisia,,3196.0,Wahbi Khazri,23.0,Center Forward,,,,,,,120.0,43.3,38.0,Left Foot,87.0,Open Play,103.3,37.8,1.0,,,97.0,Goal,,,,,,,0.15620883,cd904a51-6fc6-4ae3-b8b5-e49a72d3ad23,93.0,Normal,,,,,,0.3,,,,,,,,,,,,,,,,,1,,,,,,,,,,,,,,
a937340c-4952-453c-9606-d316b920cf67,2909,2,00:34:23.286000,79,23,150,0.176081,3857275,16,Shot,771,France,2,From Corner,771,France,,7439.0,Axel Disasi,2.0,Right Back,,,,,,,112.3,41.4,37.0,Head,87.0,Open Play,111.3,41.5,1.0,,,96.0,Blocked,True,,,,,,0.061025612,a031be7e-a312-4636-9360-a74764eb1a32,93.0,Normal,,,,,,,,,,,,,,,,,,,,,,,0,,,,,,,,,,,,,,
7ef71259-91c7-4f82-aa0e-5f629a73c547,2959,2,00:36:08.492000,81,8,152,0.186667,3857275,16,Shot,771,France,2,From Corner,771,France,,3026.0,Adrien Rabiot,11.0,Left Defensive Midfield,,,,,,,116.1,49.1,40.0,Right Foot,87.0,Open Play,113.8,47.7,,,,101.0,Wayward,,,,,,,0.080746524,,95.0,Volley,True,,,,,,,,,,,,,,,,,,,,,,0,,,,,,,,,,,,,,
1fceb46b-a327-481b-af47-d9bebd469254,2966,2,00:36:14.757000,81,14,152,0.983466,3857275,16,Shot,771,France,2,From Corner,771,France,,5477.0,Ousmane Dembélé,17.0,Right Wing,,,,,,,117.7,38.5,40.0,Right Foot,87.0,Open Play,95.9,53.5,,,,100.0,Saved,,,,,,,0.020325886,7f252042-f533-40dd-a3ab-e94aa8b65396,93.0,Normal,,,,,,0.9,,,,,,,,,,,,,,,,,0,,,,,,,,,,,,,,
d0d54c9f-2ad3-42d0-9c59-10ca23006f5e,3084,2,00:39:28.906000,84,28,158,1.154385,3857275,16,Shot,771,France,1,Regular Play,771,France,,3026.0,Adrien Rabiot,11.0,Left Defensive Midfield,,,,,,,120.0,60.9,38.0,Left Foot,87.0,Open Play,108.7,29.1,,,,101.0,Wayward,,1.0,,,,,0.06369618,42699dce-6c12-4abe-8e39-246b0ecb3ce6,95.0,Volley,,,,,,,,,,,,,,,,,,,,,,,0,,,,,,,,,,,,,,
0c9c3ca0-d9f0-41d9-a2b6-6c4b2b6d9be5,3226,2,00:43:19.681000,88,19,165,0.50489,3857275,16,Shot,771,France,1,Regular Play,771,France,,3009.0,Kylian Mbappé Lottin,21.0,Left Wing,,,,,,,119.1,35.3,40.0,Right Foot,87.0,Open Play,116.8,24.7,,,,100.0,Saved,,,,,,,0.01194291,a4a726a1-a713-4bb5-95be-8dcdab2de634,93.0,Normal,,,,,,1.6,,,,,,,,,,,,,,,,,0,,,,,,,,,,,,,,
b031838d-ebb8-4042-9824-18b4b1d71123,3269,2,00:44:11.052000,89,11,166,0.086643,3857275,16,Shot,771,France,4,From Throw In,771,France,,22097.0,Randal Kolo Muani,23.0,Center Forward,,,,,,,98.9,37.5,40.0,Right Foot,87.0,Open Play,96.4,37.1,,,,96.0,Blocked,,,,,,,0.041042205,c40c8832-2452-4df0-a966-78ed13a3d6e7,93.0,Normal,,,,,,,,,,,,,,,,,,,,,,,0,,,,,,,,,,,,,,
a53883b6-db8a-4d3d-bca7-10c49010f58e,3325,2,00:47:32.409000,92,32,171,0.298063,3857275,16,Shot,771,France,3,From Free Kick,771,France,,3009.0,Kylian Mbappé Lottin,21.0,Left Wing,,,,,,,105.4,33.3,40.0,Right Foot,62.0,Free Kick,95.6,30.2,,,,96.0,Blocked,,,,,,,0.06416701,,93.0,Normal,,,,,,,,,,,,,,,,,,,,,,,0,,,,,,,,,,,,,,
62fb7c39-248e-4bf9-8386-762a65c8c4d6,3330,2,00:47:37.982000,92,37,171,1.523937,3857275,16,Shot,771,France,3,From Free Kick,771,France,,3009.0,Kylian Mbappé Lottin,21.0,Left Wing,,,,,,,119.1,39.9,40.0,Right Foot,87.0,Open Play,87.6,15.0,,,,100.0,Saved,,,,,,,0.005017159,,93.0,Normal,,,,,,1.8,,,,,,,,,,,,,,,,,0,,,,,,,,,,,,,,
5f957f67-cdbc-4a3e-b3bc-89492062f995,438,1,00:09:11.146000,9,11,20,0.135614,3857261,16,Shot,768,England,4,From Throw In,768,England,,3318.0,Marcus Rashford,21.0,Left Wing,,,,,,,106.8,39.7,40.0,Right Foot,87.0,Open Play,104.0,39.5,,,,100.0,Saved,,,,,,,0.28441095,6dd64d5e-0bea-4e99-ab0d-57cdbc672546,93.0,Normal,True,,,,,0.7,,,,,,,,,,,,,,,,,0,,,,,,,,,,,,,,
b3aa66ac-7c47-4a5e-9e13-f667de5fe7a9,644,1,00:14:03.641000,14,3,27,1.015402,3857261,16,Shot,768,England,3,From Free Kick,768,England,,4354.0,Phil Foden,17.0,Right Wing,,,,,,,120.0,45.5,38.0,Left Foot,87.0,Open Play,97.4,54.6,,,,98.0,Off T,,,,,,,0.02354375,,93.0,Normal,,,,,,0.2,,,,,,,,,,,,,,,,,0,,,,,,,,,,,,,,
2df12147-20e3-409f-82da-ea198b3bd365,732,1,00:17:59.934000,17,59,31,0.58944,3857261,16,Shot,768,England,3,From Free Kick,768,England,,3336.0,Harry Maguire,5.0,Left Center Back,,,,,,,120.0,49.0,37.0,Head,87.0,Open Play,120.0,54.6,1.0,,,98.0,Off T,True,,,,,,0.01084097,4dd134ee-9132-416e-a1bf-4656523b97d0,93.0,Normal,,,,,,3.1,,,,,,,,,True,,,,,,,,0,,,,,,,,,,,,,,
86274f8e-79da-4350-a17e-19543a96839a,901,1,00:23:03.713000,23,3,37,0.27313,3857261,16,Shot,768,England,3,From Free Kick,768,England,,3318.0,Marcus Rashford,21.0,Left Wing,,,,,,,105.1,27.3,40.0,Right Foot,87.0,Open Play,98.2,19.5,,,,96.0,Blocked,,,,,,,0.010357286,fcd41c4e-1990-46d5-90fa-fa5280004207,93.0,Normal,,,,,,,,,,,,,,,,,,,,,,,0,,,,,,,,,,,,,,
6ceded1c-f538-45b2-8db7-e479b1a8a10e,1318,1,00:37:12.383000,37,12,61,0.823775,3857261,16,Shot,768,England,1,Regular Play,768,England,,4354.0,Phil Foden,17.0,Right Wing,,,,,,,120.0,33.2,38.0,Left Foot,87.0,Open Play,105.5,47.4,,,,98.0,Off T,,,,,,,0.05725451,0b875b48-6b64-4677-8724-61f28595d0a1,93.0,Normal,,,,,,4.2,,,,,,,,,,,,,,,,,0,,,,,,,,,,,,,,
0b1f67d9-7e3e-4889-9d49-711875468100,1344,1,00:38:12.492000,38,12,62,0.075756,3857261,16,Shot,907,Wales,7,From Goal Kick,907,Wales,,10931.0,Joe Allen,9.0,Right Defensive Midfield,,,,,,,96.9,46.3,40.0,Right Foot,87.0,Open Play,94.1,47.0,,,,96.0,Blocked,,,,,,,0.022615774,158c8827-4d3e-4706-a19e-933185580eaa,93.0,Normal,True,,,,,,,,,,,,,,,,,,,,,,0,,,,,,,,,,,,,,
a1fbe40a-e398-4fa7-8732-e8638dc710be,1373,1,00:38:38.910000,38,38,63,0.731471,3857261,16,Shot,768,England,1,Regular Play,768,England,,3318.0,Marcus Rashford,21.0,Left Wing,,,,,,,120.0,28.5,40.0,Right Foot,87.0,Open Play,108.4,35.0,,,,98.0,Off T,,,,,,,0.081256144,,94.0,Overhead Kick,True,,,,,2.2,,,,,,,,,,,,,,,,,0,,,,,,,,,,,,,,
d0ea94db-b546-458a-90c6-ee49c9ae5d93,1548,1,00:43:51.135000,43,51,72,0.059271,3857261,16,Shot,768,England,3,From Free Kick,768,England,,10955.0,Harry Kane,23.0,Center Forward,,,,,,,102.2,35.8,38.0,Left Foot,87.0,Open Play,101.5,35.7,,,,96.0,Blocked,,,,,,,0.028181294,bb294604-7ed8-407a-b181-d6d6f4f4a1eb,93.0,Normal,True,,,,,,,,,,,,,,,,,,,,,,0,,,,,,,,,,,,,,
6f221c97-2f08-4e40-a58d-41c6a8d43dd7,1702,1,00:47:16.169000,47,16,80,0.041796,3857261,16,Shot,768,England,1,Regular Play,768,England,,10955.0,Harry Kane,23.0,Center Forward,,,,,,,103.3,29.0,40.0,Right Foot,87.0,Open Play,101.2,27.6,,,,96.0,Blocked,,,,,,,0.030065771,b93c6884-ba82-43d9-9a0c-5f41b2ff2c68,93.0,Normal,,,,,,,,,,,,,,,,,,,,,,,0,,,,,,,,,,,,,,
559a4918-19c5-4542-a25c-9f97b0f50846,1708,1,00:47:55.540000,47,55,81,1.461381,3857261,16,Shot,768,England,2,From Corner,768,England,,3244.0,John Stones,3.0,Right Center Back,,,,,,,119.4,39.9,37.0,Head,87.0,Open Play,112.8,55.4,1.0,,,100.0,Saved,True,,,,,,0.006450981,5b8664b3-3967-448c-8fa3-4f6db65429f5,93.0,Normal,,,,,,2.4,,,,,,,,,,,,,,,,,0,,,,,,,,,,,,,,
6f9d3d1b-044c-4b18-917e-fbc5f5eee6e8,1729,1,00:49:36.290000,49,36,86,0.703486,3857261,16,Shot,907,Wales,4,From Throw In,907,Wales,,10931.0,Joe Allen,9.0,Right Defensive Midfield,,,,,,,120.0,34.8,38.0,Left Foot,87.0,Open Play,100.7,51.3,,,,98.0,Off T,,,,,,,0.04109325,6ff17f5d-bc59-46de-8f77-b434e4d2bb36,93.0,Normal,,,,,,3.8,,,,,,,,,,,,,,,,,0,,,,,,,,,,,,,,
6020ebb9-e009-4fa5-b2b4-5ef501777c88,1900,2,00:04:17.488000,49,17,93,0.955811,3857261,16,Shot,768,England,3,From Free Kick,768,England,,3318.0,Marcus Rashford,17.0,Right Wing,,,,,,,120.0,43.8,40.0,Right Foot,62.0,Free Kick,96.1,29.3,,,,97.0,Goal,,,,,,,0.05780817,,93.0,Normal,,,,,,2.2,,,,,,,,,,,,,,,,,1,,,,,,,,,,,,,,
e19e6d23-1ae7-41f7-8523-ca44e192c002,1929,2,00:05:53.871000,50,53,95,0.250958,3857261,16,Shot,768,England,1,Regular Play,768,England,,4354.0,Phil Foden,21.0,Left Wing,,,,,,,120.0,38.7,38.0,Left Foot,87.0,Open Play,114.5,34.1,,,,97.0,Goal,,,,,,,0.44030064,75d60f88-87f3-4971-a4a4-c853fb293842,93.0,Normal,True,,,,,0.2,,,,,,,,,,,,,,,,,1,,,,,,,,,,,,,,
df171e76-7f4c-4369-86e8-f29b80bca70e,2063,2,00:10:07.885000,55,7,102,0.434285,3857261,16,Shot,907,Wales,6,From Counter,907,Wales,,3853.0,Kieffer Roberto Francisco Moore,23.0,Center Forward,,,,,,,117.7,38.7,40.0,Right Foot,87.0,Open Play,90.1,22.3,,,,100.0,Saved,,,,,,,0.00753591,0ff9cad8-f92f-44cf-95ba-81386007b857,93.0,Normal,,,,,,1.4,,,,,,,,,,,,,,,,,0,True,,,,,,,,,,,,,
f1368c72-842d-4757-9932-408fd168e995,2373,2,00:22:40.407000,67,40,119,0.677025,3857261,16,Shot,768,England,4,From Throw In,768,England,,3318.0,Marcus Rashford,17.0,Right Wing,,,,,,,120.0,41.4,38.0,Left Foot,87.0,Open Play,109.9,50.3,,,,97.0,Goal,,,,,,,0.096602984,a015fa92-9658-4b0a-bfbe-5fade7ccf42f,93.0,Normal,,,,,,0.2,,,,,,,,,,,,,,,,,1,,,,,,,,,,,,,,
7d9ece14-5e53-4fa5-a35b-ff1a399e9221,2518,2,00:26:21.631000,71,21,124,0.368462,3857261,16,Shot,768,England,1,Regular Play,768,England,,3318.0,Marcus Rashford,17.0,Right Wing,,,,,,,117.1,45.5,40.0,Right Foot,87.0,Open Play,110.3,52.4,,,,100.0,Saved,,,,,,,0.13184288,68b0973a-73e6-4dcd-a4e3-1592561f2b9f,93.0,Normal,True,,,,,0.2,,,,,,,,,,,,,,,,,0,,,,,,,,,,,,,,
6ace6710-b215-4e46-ba83-cde3e026df5d,2544,2,00:27:29.220000,72,29,126,0.14249,3857261,16,Shot,907,Wales,8,From Keeper,907,Wales,,29377.0,Brennan Johnson,17.0,Right Wing,,,,,,,106.2,55.6,40.0,Right Foot,87.0,Open Play,104.5,57.3,,,,96.0,Blocked,,,,,,,0.02192258,25c742de-467a-4990-9c1d-3349bf736f2b,93.0,Normal,,,,,,,,,,,,,,,,,,,,,,,0,,,,,,,,,,,,,,
e0b68076-fbac-4918-b206-97d14b9d2e42,2699,2,00:31:38.542000,76,38,134,0.478148,3857261,16,Shot,768,England,6,From Counter,768,England,,30714.0,Jude Bellingham,15.0,Left Center Midfield,,,,,,,115.0,39.5,40.0,Right Foot,87.0,Open Play,104.3,32.8,,,,100.0,Saved,,,,,,,0.25030845,a41adce7-bf16-4fd3-8576-158e53210451,93.0,Normal,True,,,,,0.2,,,,,,,,,,,,,,,,,0,,,,,,,,,,,,,,
bd9dd84a-4f39-4306-92ab-83727e7c522f,2702,2,00:31:40.568000,76,40,134,0.819566,3857261,16,Shot,768,England,6,From Counter,768,England,,30714.0,Jude Bellingham,15.0,Left Center Midfield,,,,,,,115.4,39.9,38.0,Left Foot,87.0,Open Play,112.7,29.3,,,,101.0,Wayward,,,,,,,0.24362406,,93.0,Normal,True,,,,,,,,,,,,,,,,,,,,,,0,,,,,,,,,,,,,,
c0c85901-65b7-43dc-99f6-131d9ce25947,2705,2,00:31:41.514000,76,41,134,0.720974,3857261,16,Shot,768,England,6,From Counter,768,England,,4354.0,Phil Foden,21.0,Left Wing,,,,,,,120.0,33.8,38.0,Left Foot,87.0,Open Play,116.1,39.5,,,,98.0,Off T,,,,,,,0.6100251,,91.0,Half Volley,True,,,,,1.2,,,,,,,,,,,,,,,,,0,,,,,,,,,,,,,,
f3bcd7c8-1fb7-4336-b5b9-ba70dd428ae4,2887,2,00:37:59.545000,82,59,142,0.25959,3857261,16,Shot,907,Wales,3,From Free Kick,907,Wales,,9540.0,Harry Wilson,21.0,Left Wing,,,,,,,100.0,49.8,38.0,Left Foot,62.0,Free Kick,92.6,52.6,,,,96.0,Blocked,,,,,,,0.031328887,,93.0,Normal,,,,,,,,,,,,,,,,,,,,,,,0,,,,,,,,,,,,,,
17bf3017-ecec-4755-a1b7-b6c26c31e712,2921,2,00:38:41.019000,83,41,143,0.710674,3857261,16,Shot,907,Wales,4,From Throw In,907,Wales,,82257.0,Rubin Colwill,9.0,Right Defensive Midfield,,,,,,,120.0,40.7,40.0,Right Foot,87.0,Open Play,98.3,26.1,,,,98.0,Off T,,,,,,,0.025066664,,93.0,Normal,True,,,,,5.0,,,,,,,,,,,,,,,,,0,,,,,,,,,,,,,,
ba3ef593-6a87-4c36-a4e8-df68c770aac9,3066,2,00:41:15.054000,86,15,147,0.593933,3857261,16,Shot,907,Wales,1,Regular Play,907,Wales,,3853.0,Kieffer Roberto Francisco Moore,23.0,Center Forward,,,,,,,120.0,46.0,40.0,Right Foot,87.0,Open Play,102.1,34.6,,,,98.0,Off T,,,,,,,0.058446433,3848e695-3159-46fa-9628-39cd329943b8,93.0,Normal,,,,,,4.7,,,,,,,,,,,,,,,,,0,,,,,,,,,,,,,,
ed57db75-dfc9-4bf5-8f72-c85a80bb9829,3198,2,00:45:53.744000,90,53,153,0.387202,3857261,16,Shot,768,England,2,From Corner,768,England,,3244.0,John Stones,3.0,Right Center Back,,,,,,,120.0,42.4,38.0,Left Foot,87.0,Open Play,114.4,43.9,1.0,,,99.0,Post,,1.0,,,,,0.45507616,,91.0,Half Volley,True,,,,,2.8,,,,,,,,,,,,,,,,,0,,,,,,,,,,,,,,
50db4204-c0a9-481b-b731-1f9c2119ec10,3300,2,00:48:25.378000,93,25,156,0.138979,3857261,16,Shot,768,England,3,From Free Kick,768,England,,4354.0,Phil Foden,17.0,Right Wing,,,,,,,112.1,47.2,38.0,Left Foot,87.0,Open Play,111.0,48.5,,,,96.0,Blocked,,,,,,,0.09753507,37a8c129-25e1-4eee-9a72-cb6aeebda96f,93.0,Normal,True,,,,,,,,,,,,,,,,,,,,,,0,,,,,,,,,,,,,,
273f2a3e-333d-45b6-98ea-40c887724938,429,1,00:09:36.197000,9,36,19,0.487493,3857290,16,Shot,2722,Cameroon,1,Regular Play,2722,Cameroon,,4935.0,Bryan Mbeumo,17.0,Right Wing,,,,,,,118.7,35.9,38.0,Left Foot,87.0,Open Play,109.4,22.7,,,,100.0,Saved,,,,,,,0.016072592,c4043261-bc5c-4841-9197-1c1213b0a231,93.0,Normal,True,,,,,1.5,,,,,,,,,,,,,,,,,0,,,,,,,,,,,,,,
6f976433-79ae-46c6-8442-5619a2616918,432,1,00:09:38.550000,9,38,19,0.794515,3857290,16,Shot,2722,Cameroon,1,Regular Play,2722,Cameroon,,3551.0,Karl Brillant Toko Ekambi,21.0,Left Wing,,,,,,,120.0,40.2,40.0,Right Foot,87.0,Open Play,108.7,32.1,,,,98.0,Off T,,,,,,,0.15900026,,91.0,Half Volley,True,,,,,4.2,,,,,,,,,,,,,,,,,0,,,,,,,,,,,,,,
23f136be-e690-4b7f-87b2-6b3ad068d6dc,521,1,00:11:18.640000,11,18,22,1.130503,3857290,16,Shot,773,Switzerland,1,Regular Play,773,Switzerland,,3500.0,Granit Xhaka,11.0,Left Defensive Midfield,,,,,,,120.0,46.4,38.0,Left Foot,87.0,Open Play,88.1,28.2,,,,98.0,Off T,,,,,,,0.012105021,47e68110-d4da-4f46-89d5-82131818380d,93.0,Normal,,,,,,4.9,,,,,,,,,,,,,,,,,0,,,,,,,,,,,,,,
d5b28821-d368-43eb-bcd1-f23cbca7ebc1,1128,1,00:25:42.006000,25,42,45,1.029769,3857290,16,Shot,2722,Cameroon,1,Regular Play,2722,Cameroon,,16346.0,Ngoran Suiru Fai Collins,2.0,Right Back,,,,,,,120.0,45.7,40.0,Right Foot,87.0,Open Play,98.8,59.8,,,,98.0,Off T,,,,,,,0.009452554,282e22a7-d666-4a07-82bf-7a604a28ccca,93.0,Normal,,,,,,4.7,,,,,,,,,,,,,,,,,0,,,,,,,,,,,,,,
c16ca4fa-a630-423d-9594-9b5000b69427,1267,1,00:29:07.239000,29,7,53,0.832042,3857290,16,Shot,2722,Cameroon,1,Regular Play,2722,Cameroon,,30016.0,Martin Hongla Yma II,15.0,Left Center Midfield,,,,,,,117.3,43.3,40.0,Right Foot,87.0,Open Play,110.6,53.8,1.0,,,100.0,Saved,,,,,,,0.08237888,feb16623-b0a6-4cee-a59e-2f06de94c5ea,93.0,Normal,,,,,,0.5,,,,,,,,,True,,,,,,,,0,,,,,,,,,,,,,,
ea072536-ad5e-4021-8739-b68638f5bba7,1667,1,00:39:41.249000,39,41,67,0.860243,3857290,16,Shot,773,Switzerland,2,From Corner,773,Switzerland,,8814.0,Nico Elvedi,5.0,Left Center Back,,,,,,,120.0,33.9,37.0,Head,87.0,Open Play,113.3,38.7,1.0,,,98.0,Off T,True,,,,,,0.19001445,29ca5116-9c28-4bc0-900c-8ef28e498435,93.0,Normal,,,,,,0.4,,,,,,,,,,,,,,,,,0,,,,,,,,,,,,,,
a338a246-fa6b-434b-8433-b3226b602dd4,1698,1,00:40:49.360000,40,49,68,0.147891,3857290,16,Shot,2722,Cameroon,7,From Goal Kick,2722,Cameroon,,3499.0,Jean-Eric Maxim Choupo-Moting,23.0,Center Forward,,,,,,,107.7,51.6,40.0,Right Foot,87.0,Open Play,105.2,53.5,,,,96.0,Blocked,,,,,,,0.041722767,,93.0,Normal,,,,,,,,,,,,,,,,,,,,,,,0,,,,,,,,,,,,,,
783e2d94-42cc-48a0-b7ef-e589bd24bd03,1895,1,00:45:50.032000,45,50,77,0.892749,3857290,16,Shot,773,Switzerland,2,From Corner,773,Switzerland,,5549.0,Manuel Obafemi Akanji,3.0,Right Center Back,,,,,,,120.0,46.0,37.0,Head,87.0,Open Play,114.7,38.7,,,,98.0,Off T,,,,,,,0.15555824,95dda708-64ce-4c30-97c5-cc03b4996b51,93.0,Normal,,,,,,0.6,,,,,,,,,,,,,,,,,0,,,,,,,,,,,,,,
ae517076-6842-4ef1-aafd-5315f6e5010c,2016,2,00:02:33.099000,47,33,83,0.327412,3857290,16,Shot,773,Switzerland,4,From Throw In,773,Switzerland,,5545.0,Breel-Donald Embolo,23.0,Center Forward,,,,,,,120.0,41.5,40.0,Right Foot,87.0,Open Play,111.9,39.5,1.0,,,97.0,Goal,,,,,,,0.55189455,c87b37de-dd32-4d86-aead-a56e50a73716,93.0,Normal,True,,,,,1.0,,,,,,,,,,,,,,,,,1,,,,,,,,,,,,,,
f7c0ca0c-a7dd-48d2-ad85-a14d9d51a2ae,2047,2,00:04:37.707000,49,37,85,0.034098,3857290,16,Shot,2722,Cameroon,3,From Free Kick,2722,Cameroon,,7472.0,Nicolas Alexis Julio N'Koulou Ndoubena,5.0,Left Center Back,,,,,,,116.5,35.8,37.0,Head,87.0,Open Play,116.1,35.1,,,,100.0,Saved,,,,,,,0.24569963,f4dbdce4-ca83-4746-9c08-683a61588b54,93.0,Normal,,,,,,1.9,,,,,,,,,,,,,,,,,0,,,,,,,,,,,,,,
f0860137-a2b5-4c86-ba0f-9b717e4120a5,2339,2,00:11:31.481000,56,31,95,0.111898,3857290,16,Shot,2722,Cameroon,1,Regular Play,2722,Cameroon,,3499.0,Jean-Eric Maxim Choupo-Moting,23.0,Center Forward,,,,,,,119.5,45.2,40.0,Right Foot,87.0,Open Play,119.2,47.9,,,,100.0,Saved,,,,,,,0.0123953605,,93.0,Normal,,,,,,0.6,,,,,,,,,,,,,,,,,0,,,,,,,,,,,,,,
61248d26-7118-4d2c-b82d-442f3c5aa13a,2606,2,00:20:26.674000,65,26,113,0.743338,3857290,16,Shot,2722,Cameroon,3,From Free Kick,2722,Cameroon,,3141.0,André-Frank Zambo Anguissa,13.0,Right Center Midfield,,,,,,,119.1,42.9,37.0,Head,87.0,Open Play,107.5,44.3,1.0,,,100.0,Saved,True,,,,,,0.046351306,0cd845fb-ed1d-4d5c-9fcf-47c24b3a920e,93.0,Normal,,,,,,1.6,,,,,,,,,,,,,,,,,0,,,,,,,,,,,,,,
eb094614-1ff9-4459-a420-23deadac917e,2614,2,00:20:50.082000,65,50,115,0.403979,3857290,16,Shot,773,Switzerland,8,From Keeper,773,Switzerland,,30401.0,Ruben Vargas,21.0,Left Wing,,,,,,,119.5,43.3,40.0,Right Foot,87.0,Open Play,107.5,41.8,,,,100.0,Saved,,,,,,,0.1977995,5600e99d-69fd-47b9-9e4a-37f6b3ae36b1,93.0,Normal,True,,,,,1.3,,,,,,,,,,,,,,,,,0,,,,,,,,,,,,,,
98534730-90fb-429b-89c3-520ae8e5fbdd,3268,2,00:43:02.326000,88,2,157,0.779647,3857290,16,Shot,773,Switzerland,1,Regular Play,773,Switzerland,,3500.0,Granit Xhaka,11.0,Left Defensive Midfield,,,,,,,119.0,42.9,38.0,Left Foot,87.0,Open Play,96.2,37.3,,,,100.0,Saved,,,,,,,0.048882935,dd9b8e65-c194-4ad0-a864-7e3c98edc645,93.0,Normal,,,,,,0.2,,,,,,,,,,,,,,,,,0,,,,,,,,,,,,,,
5b935c1e-16d3-4bd2-9758-23d64f603909,3583,2,00:49:52.604000,94,52,167,0.190854,3857290,16,Shot,773,Switzerland,4,From Throw In,773,Switzerland,,5543.0,Haris Seferović,23.0,Center Forward,,,,,,,113.7,43.7,38.0,Left Foot,87.0,Open Play,108.0,45.8,,,,96.0,Blocked,,,,,,,0.27028984,d3b6baa5-6d4a-45cd-ac45-db6dbe4c808b,93.0,Normal,,,,,,,,,,,,,,,,,,,,,,,0,,,,,,,,,,,,,,
dd4dbf6b-1fa8-425a-a3db-1bb666f7d995,175,1,00:04:10.264000,4,10,7,1.097634,3857298,16,Shot,780,Portugal,2,From Corner,780,Portugal,,11184.0,Otávio Edmilson da Silva Monteiro,15.0,Left Center Midfield,,,,,,,120.0,28.6,40.0,Right Foot,87.0,Open Play,96.6,34.3,,,,98.0,Off T,,,,,,,0.02513017,,95.0,Volley,True,,,,,0.9,,,,,,,,,,,,,,,,,0,,,,,,,,,,,,,,
83c4eb51-6f0c-4174-9b1a-37bc9aa37a9a,257,1,00:05:47.011000,5,47,13,0.08491,3857298,16,Shot,780,Portugal,1,Regular Play,780,Portugal,,9927.0,Rúben Diogo Da Silva Neves,10.0,Center Defensive Midfield,,,,,,,100.5,37.1,40.0,Right Foot,87.0,Open Play,98.1,36.6,,,,96.0,Blocked,,,,,,,0.07171052,,93.0,Normal,True,,,,,,,,,,,,,,,,,,,,,,0,,,,,,,,,,,,,,
53fc6356-37e6-43e8-a40f-190667081d88,441,1,00:09:27.993000,9,27,19,0.089506,3857298,16,Shot,780,Portugal,1,Regular Play,780,Portugal,,5207.0,Cristiano Ronaldo dos Santos Aveiro,23.0,Center Forward,,,,,,,108.7,39.3,40.0,Right Foot,87.0,Open Play,107.7,39.2,,,,100.0,Saved,,,,,,,0.4577736,e7919bf1-2b5a-4053-a62d-6a6e6ea0940b,93.0,Normal,,,,,,0.7,,,,,,,,,True,,,,,,,,0,,,,,,,,,,,,,,
61f19d48-a4a3-42f3-b777-0c87f7da2c47,591,1,00:12:26.897000,12,26,26,0.686028,3857298,16,Shot,780,Portugal,2,From Corner,780,Portugal,,5207.0,Cristiano Ronaldo dos Santos Aveiro,23.0,Center Forward,,,,,,,120.0,50.4,37.0,Head,87.0,Open Play,116.3,43.7,1.0,,,98.0,Off T,True,,,,,,0.2074416,b9b9b8d0-865b-4a3f-a99a-a084516cc06f,93.0,Normal,,,,,,0.9,,,,,,,,,,,,,,,,,0,,,,,,,,,,,,,,
5d6269c7-8f46-49a6-b028-4e05d68b6d37,1303,1,00:27:31.138000,27,31,50,0.972446,3857298,16,Shot,780,Portugal,3,From Free Kick,780,Portugal,,12041.0,João Félix Sequeira,21.0,Left Wing,,,,,,,120.0,32.0,38.0,Left Foot,87.0,Open Play,104.2,35.6,,,,98.0,Off T,,,,,,,0.07848694,149dd6b2-fb40-4b24-9e15-b91518f04c18,93.0,Normal,True,,,,,6.4,,,,,,,,,,,,,,,,,0,,,,,,,,,,,,,,
4f2f7ef3-bb3a-4db0-b81f-daa03053d4ea,1589,1,00:35:37.879000,35,37,65,0.884119,3857298,16,Shot,780,Portugal,4,From Throw In,780,Portugal,,11184.0,Otávio Edmilson da Silva Monteiro,15.0,Left Center Midfield,,,,,,,116.9,38.1,40.0,Right Foot,87.0,Open Play,99.9,32.5,,,,100.0,Saved,,,,,,,0.045895047,4bb70856-7e65-41f3-b790-c5d857a538a3,93.0,Normal,,,,,,0.3,,,,,,,,,,,,,,,,,0,,,,,,,,,,,,,,
18118398-00a9-43e1-a44c-0897573712d2,1780,1,00:41:16.515000,41,16,76,0.056215,3857298,16,Shot,780,Portugal,1,Regular Play,780,Portugal,,5207.0,Cristiano Ronaldo dos Santos Aveiro,23.0,Center Forward,,,,,,,110.9,26.2,38.0,Left Foot,87.0,Open Play,110.0,25.1,,,,96.0,Blocked,,,,,,,0.030432492,b976459a-ebeb-40cb-b2e0-4bfa18368496,93.0,Normal,True,,,,,,,,,,,,,,,,,,,,,,0,,,,,,,,,,,,,,
a67b0953-60a8-4722-ab82-1bbf2bcd53d4,2314,2,00:08:02.537000,53,2,105,1.617133,3857298,16,Shot,4885,Ghana,2,From Corner,4885,Ghana,,45047.0,Alidu Seidu,7.0,Right Wing Back,,,,,,,120.0,48.9,38.0,Left Foot,87.0,Open Play,88.8,44.2,,,,98.0,Off T,,,,,,,0.015372672,,91.0,Half Volley,True,,,,,0.3,,,,,,,,,,,,,,,,,0,,,,,,,,,,,,,,
b495a21d-c7c8-42d0-ab0f-0e90b94d60f8,2389,2,00:09:33.309000,54,33,110,1.117276,3857298,16,Shot,4885,Ghana,3,From Free Kick,4885,Ghana,,17033.0,Mohammed Kudus,15.0,Left Center Midfield,,,,,,,120.0,45.3,38.0,Left Foot,87.0,Open Play,92.9,31.0,,,,98.0,Off T,,,,,,,0.030134441,b4fd33ac-70b7-46ac-8115-026c7829c0f0,93.0,Normal,,,,,,0.2,,,,,,,,,,,,,,,,,0,,,,,,,,,,,,,,
98e5e215-51a0-43f0-b954-40d78e86a583,2620,2,00:21:27.329000,66,27,120,0.113094,3857298,16,Shot,4885,Ghana,4,From Throw In,4885,Ghana,,6393.0,Iñaki Williams Arthuer,24.0,Left Center Forward,,,,,,,94.8,46.6,40.0,Right Foot,87.0,Open Play,91.1,47.3,,,,96.0,Blocked,,,,,,,0.020453067,9f22a0a8-19e8-4123-a5db-03abc2507eb6,93.0,Normal,,,,,,,,,,,,,,,,,,,,,,,0,,,,,,,,,,,,,,
6cbb593a-790d-460c-85f3-63513e98011c,2691,2,00:23:01.348000,68,1,124,1.144574,3857298,16,Shot,4885,Ghana,1,Regular Play,4885,Ghana,,6383.0,Thomas Teye Partey,13.0,Right Center Midfield,,,,,,,120.0,46.3,40.0,Right Foot,87.0,Open Play,92.4,52.5,1.0,,,98.0,Off T,,,,,,,0.021057075,7198d573-0377-4bb9-93a4-3d5ee3292d57,93.0,Normal,,,,,,6.7,,,,,,,,,,,,,,,,,0,,,,,,,,,,,,,,
023e13c1-0fce-4feb-8cfd-a61c9457390c,2837,2,00:26:38.819000,71,38,131,0.775216,3857298,16,Shot,4885,Ghana,1,Regular Play,4885,Ghana,,17033.0,Mohammed Kudus,15.0,Left Center Midfield,,,,,,,116.6,40.0,38.0,Left Foot,87.0,Open Play,90.8,34.5,,,,100.0,Saved,,,,,,,0.02159481,e1f62335-3e34-482c-9236-62776139023e,91.0,Half Volley,,,,,,2.1,,,,,,,,,,,,,,,,,0,,,,,,,,,,,,,,
d16df27e-55c4-4cf9-9290-54e48d7f346a,2861,2,00:27:11.698000,72,11,133,0.318271,3857298,16,Shot,4885,Ghana,1,Regular Play,4885,Ghana,,3347.0,André Ayew Pelé,22.0,Right Center Forward,,,,,,,120.0,39.3,40.0,Right Foot,87.0,Open Play,115.6,39.8,,,,97.0,Goal,,,,,,,0.48524466,,91.0,Half Volley,True,,,,,1.3,,,,,,,,,,,,,,,,,1,,,,,,,,,,,,,,
9e626aa5-58e5-48c8-afd9-6d8eb3596264,3027,2,00:32:06.422000,77,6,142,1.166291,3857298,16,Shot,780,Portugal,1,Regular Play,780,Portugal,,12041.0,João Félix Sequeira,17.0,Right Wing,,,,,,,120.0,37.0,40.0,Right Foot,87.0,Open Play,107.5,52.6,,,,97.0,Goal,,,,,,,0.21504128,b150a016-ccc8-4171-ada7-8df083f0a2bc,93.0,Normal,,,,,,0.9,,,,,,,,,True,,,,,,,,1,,,,,,,,,,,,,,
7ddc71ea-7fbb-426b-bc81-ad287bb99a3f,3070,2,00:34:21.915000,79,21,146,0.893255,3857298,16,Shot,780,Portugal,1,Regular Play,780,Portugal,,18360.0,Rafael Alexandre Conceição Leão,21.0,Left Wing,,,,,,,120.0,43.8,40.0,Right Foot,87.0,Open Play,111.7,28.3,,,,97.0,Goal,,,,,,,0.15539157,3edaa2b0-db5e-4d97-8131-5148e1aa56b9,93.0,Normal,True,,,,,0.2,,,,,,,,,,,,,,,,,1,,,,,,,,,,,,,,
fc86a7b5-c283-400a-85c9-c61834a7f38a,3409,2,00:43:28.482000,88,28,162,0.607303,3857298,16,Shot,4885,Ghana,4,From Throw In,4885,Ghana,,44225.0,Osman Bukari,22.0,Right Center Forward,,,,,,,120.0,42.7,37.0,Head,87.0,Open Play,113.5,40.2,,,,97.0,Goal,,,,,,,0.15547352,,93.0,Normal,,,,,,1.1,,,,,,,,,,,,,,,,,1,,,,,,,,,,,,,,
b43d8f67-148b-4980-90f8-49bbc0831f13,3439,2,00:46:13.095000,91,13,165,1.891874,3857298,16,Shot,4885,Ghana,3,From Free Kick,4885,Ghana,,30519.0,Mohamed Salisu,5.0,Left Center Back,,,,,,,120.0,23.8,37.0,Head,87.0,Open Play,106.9,30.6,1.0,,,98.0,Off T,True,,,,,,0.02431712,8aefdbf2-ce09-42d5-8808-a0823ad1d432,93.0,Normal,,,,,,1.0,,,,,,,,,,,,,,,,,0,,,,,,,,,,,,,,
a61f4bb3-9f80-4abf-9722-6640215eb731,3556,2,00:50:04.821000,95,4,176,0.189597,3857298,16,Shot,780,Portugal,1,Regular Play,780,Portugal,,18360.0,Rafael Alexandre Conceição Leão,21.0,Left Wing,,,,,,,100.5,32.7,40.0,Right Foot,87.0,Open Play,95.5,29.9,,,,96.0,Blocked,,,,,,,0.026070174,23bde550-698c-437c-b919-07c34798a2ba,93.0,Normal,,,,,,,,,,,,,,,,,,,,,,,0,,,,,,,,,,,,,,
03c49999-8755-4565-93e0-67c6ca85093f,3660,2,00:52:33.811000,97,33,181,1.439334,3857298,16,Shot,4885,Ghana,4,From Throw In,4885,Ghana,,44225.0,Osman Bukari,12.0,Right Midfield,,,,,,,120.0,36.9,40.0,Right Foot,87.0,Open Play,103.3,12.6,,,,98.0,Off T,,,,,,,0.0063759447,7a492828-2c58-4db4-bc56-9f35be522b07,93.0,Normal,,,,,,3.8,,,,,,,,,,,,,,,,,0,,,,,,,,,,,,,,
81fb64a4-a41f-4eec-ab6d-7721b769e3a2,53,1,00:00:45.261000,0,45,3,0.066384,3857285,16,Shot,787,Senegal,1,Regular Play,787,Senegal,,20611.0,Boulaye Dia,23.0,Center Forward,,,,,,,107.6,27.6,38.0,Left Foot,87.0,Open Play,107.0,27.1,,,,96.0,Blocked,,,,,,,0.034865376,d67f3b8a-5413-46b4-8cb9-9b57b68f1b1b,91.0,Half Volley,,,,,,,,,,,,,,,,,,,,,,,0,,,,,,,,,,,,,,
dd029fc0-18f9-47f2-9e90-f289f838e02e,172,1,00:03:55.815000,3,55,6,0.073655,3857285,16,Shot,941,Netherlands,4,From Throw In,941,Netherlands,,3264.0,Vincent Janssen,22.0,Right Center Forward,,,,,,,104.3,34.6,38.0,Left Foot,87.0,Open Play,103.2,34.3,,,,96.0,Blocked,,,,,,,0.12169348,,93.0,Normal,True,,,,,,,,,,,,,,,,,,,,,,0,,,,,,,,,,,,,,
c4602ac8-db2f-4580-ba9a-ce7292be1032,349,1,00:08:48.659000,8,48,13,1.170185,3857285,16,Shot,787,Senegal,1,Regular Play,787,Senegal,,2941.0,Ismaïla Sarr,21.0,Left Wing,,,,,,,120.0,41.0,38.0,Left Foot,87.0,Open Play,97.5,44.1,1.0,,,98.0,Off T,,,,,,,0.059537582,dcd2ef00-d395-4592-b7d5-c2f2c24f4aa2,93.0,Normal,,,,,,4.2,,,,,,,,,,,,,,,,,0,,,,,,,,,,,,,,
21b51419-7d6c-443b-8107-2c90cb73bdbc,592,1,00:16:18.031000,16,18,31,0.588258,3857285,16,Shot,941,Netherlands,4,From Throw In,941,Netherlands,,3311.0,Daley Blind,8.0,Left Wing Back,,,,,,,120.0,34.3,37.0,Head,87.0,Open Play,112.8,32.9,1.0,,,98.0,Off T,True,,,,,,0.04866169,ffcc35c1-607b-4a89-847e-8a41d60d463e,93.0,Normal,,,,,,0.9,,,,,,,,,,,,,,,,,0,,,,,,,,,,,,,,
2098f92b-0f82-4f1e-b7fe-24caad1a69d9,674,1,00:18:51.564000,18,51,35,0.170498,3857285,16,Shot,941,Netherlands,4,From Throw In,941,Netherlands,,3264.0,Vincent Janssen,22.0,Right Center Forward,,,,,,,99.3,44.0,38.0,Left Foot,87.0,Open Play,98.3,44.3,1.0,,,96.0,Blocked,,,,,,,0.03382374,42d0cf36-1391-4a01-82e3-4cee857ab861,93.0,Normal,,,,,,,,,,,,,,,,,,,,,,,0,,,,,,,,,,,,,,
e086821a-1732-4340-bd1e-2e3b57a0cda1,849,1,00:24:39.251000,24,39,47,0.384256,3857285,16,Shot,787,Senegal,3,From Free Kick,787,Senegal,,2941.0,Ismaïla Sarr,21.0,Left Wing,,,,,,,111.4,34.9,40.0,Right Foot,87.0,Open Play,102.7,25.9,,,,96.0,Blocked,,,,,,,0.034923773,baabf42b-9097-4698-8bd8-c528d7a43f1b,93.0,Normal,,,,,,,,,,,,,,,,,,,,,,,0,,,,,,,,,,,,,,
819e2c8c-5a57-4cf6-b3e6-36e23513dc9a,925,1,00:26:38.615000,26,38,52,1.14867,3857285,16,Shot,941,Netherlands,2,From Corner,941,Netherlands,,3669.0,Virgil van Dijk,4.0,Center Back,,,,,,,120.0,51.1,37.0,Head,87.0,Open Play,109.4,38.0,1.0,,,98.0,Off T,True,,,,,,0.045367446,1fcd8dc4-0a26-484c-b717-db39cea7fcb5,93.0,Normal,,,,,,1.6,,,,,,,,,,,,,,,,,0,,,,,,,,,,,,,,
b5d4b6d2-2276-4827-ad51-fd13e52e6ecf,997,1,00:28:20.417000,28,20,54,0.065473,3857285,16,Shot,787,Senegal,3,From Free Kick,787,Senegal,,3436.0,Idrissa Gana Gueye,19.0,Center Attacking Midfield,,,,,,,101.6,48.1,40.0,Right Foot,87.0,Open Play,100.9,48.4,,,,96.0,Blocked,,,,,,,0.025139945,29ce996a-8ba6-4fff-8fb8-720916396207,93.0,Normal,,,,,,,,,,,,,,,,,,,,,,,0,,,,,,,,,,,,,,
33dcd604-7bb3-48c8-99b1-77134bdaf72b,1012,1,00:28:35.857000,28,35,54,0.935149,3857285,16,Shot,787,Senegal,3,From Free Kick,787,Senegal,,20758.0,Krépin Diatta,17.0,Right Wing,,,,,,,120.0,47.9,38.0,Left Foot,87.0,Open Play,100.0,56.6,,,,98.0,Off T,,,,,,,0.03131155,3d955c20-9523-4b43-99f8-a76780220788,93.0,Normal,,,,,,0.2,,,,,,,,,,,,,,,,,0,,,,,,,,,,,,,,
c4b8f106-bc44-42a1-9c06-b1d8a4364777,1111,1,00:32:51.293000,32,51,60,1.330547,3857285,16,Shot,787,Senegal,4,From Throw In,787,Senegal,,3404.0,Youssouf Sabaly,2.0,Right Back,,,,,,,114.8,39.9,40.0,Right Foot,87.0,Open Play,84.7,54.0,,,,100.0,Saved,,,,,,,0.0068181115,9a81e7f4-7126-49ec-98fc-8750ee5f3183,93.0,Normal,,,,,,0.3,,,,,,,,,,,,,,,,,0,,,,,,,,,,,,,,
f27a12e2-2343-4860-980f-31041a77c724,1369,1,00:39:17.672000,39,17,70,0.955625,3857285,16,Shot,941,Netherlands,1,Regular Play,941,Netherlands,,7745.0,Steven Berghuis,9.0,Right Defensive Midfield,,,,,,,120.0,40.4,38.0,Left Foot,87.0,Open Play,97.2,47.3,,,,98.0,Off T,,,,,,,0.030127633,f53a89d6-ffaf-4c3f-ad6d-b6ee96fbe9aa,95.0,Volley,,,,,,3.8,,,,,,,,,,,,,,,,,0,,,,,,,,,,,,,,
85ef6406-6165-44fc-86f4-3cae9a354a94,1893,2,00:07:40.120000,52,40,93,0.680184,3857285,16,Shot,941,Netherlands,2,From Corner,941,Netherlands,,3669.0,Virgil van Dijk,4.0,Center Back,,,,,,,120.0,40.7,37.0,Head,87.0,Open Play,111.1,40.2,1.0,,,98.0,Off T,True,,,,,,0.06871433,de64aa86-560b-495e-a088-865dbde2bf77,93.0,Normal,,,,,,4.5,,,,,,,,,,,,,,,,,0,,,,,,,,,,,,,,
3409a450-23b4-46b2-a4a9-05c7d9a9af28,1935,2,00:08:58.721000,53,58,95,0.222053,3857285,16,Shot,787,Senegal,4,From Throw In,787,Senegal,,3404.0,Youssouf Sabaly,2.0,Right Back,,,,,,,102.9,54.1,40.0,Right Foot,87.0,Open Play,96.9,57.9,,,,96.0,Blocked,,,,,,,0.011074076,,93.0,Normal,,,,,,,,,,,,,,,,,,,,,,,0,,,,,,,,,,,,,,
01ae7e3c-91d2-4989-9fd8-641f2d55cfe2,2069,2,00:12:53.548000,57,53,103,0.845421,3857285,16,Shot,787,Senegal,1,Regular Play,787,Senegal,,20758.0,Krépin Diatta,17.0,Right Wing,,,,,,,120.0,57.6,40.0,Right Foot,87.0,Open Play,115.2,50.5,,,,101.0,Wayward,,1.0,,,,,0.058196757,0aded5e5-469f-4fe9-bf06-081ebca3eb68,91.0,Half Volley,True,,,,,,,,,,,,,,,,,,,,,,0,,,,,,,,,,,,,,
2898c48b-c7a7-4cd3-9e1a-8a4e54e3ed39,2115,2,00:14:09.535000,59,9,104,0.341534,3857285,16,Shot,941,Netherlands,7,From Goal Kick,941,Netherlands,,7745.0,Steven Berghuis,9.0,Right Defensive Midfield,,,,,,,103.9,36.2,38.0,Left Foot,87.0,Open Play,95.3,32.8,,,,96.0,Blocked,,,,,,,0.038496487,dad8c3e8-d4be-43d8-aa08-23346d4672be,93.0,Normal,,,,,,,,,,,,,,,,,,,,,,,0,,,,,,,,,,,,,,
b18d6cd5-7dbd-4c02-abb4-ffd8b825b39c,2229,2,00:19:40.521000,64,40,110,0.558677,3857285,16,Shot,787,Senegal,3,From Free Kick,787,Senegal,,20611.0,Boulaye Dia,23.0,Center Forward,,,,,,,119.2,44.2,40.0,Right Foot,87.0,Open Play,107.6,56.5,,,,100.0,Saved,,,,,,,0.04221427,a23903a3-2be9-4eb2-b48c-be5fddae95e2,93.0,Normal,True,,,,,0.3,,,,,,,,,,,,,,,,,0,,,,,,,,,,,,,,
ba96f3ec-0c47-44fe-a71d-e9bdbd6dfc70,2383,2,00:27:34.090000,72,34,120,0.464476,3857285,16,Shot,787,Senegal,1,Regular Play,787,Senegal,,3436.0,Idrissa Gana Gueye,15.0,Left Center Midfield,,,,,,,118.8,39.8,40.0,Right Foot,87.0,Open Play,103.3,40.4,1.0,,,100.0,Saved,,,,,,,0.06520781,b772ca3c-0524-41d1-8c42-4f8b57327e6b,91.0,Half Volley,,,,,,1.8,,,,,,,,,,,,,,,,,0,,,,,,,,,,,,,,
6ec6d6e5-6600-49ad-98dc-60d422c2be0f,2453,2,00:29:59.920000,74,59,126,1.103057,3857285,16,Shot,787,Senegal,1,Regular Play,787,Senegal,,88123.0,Cheikh Ahmadou Bamba Mbacke Dieng,23.0,Center Forward,,,,,,,120.0,35.7,38.0,Left Foot,87.0,Open Play,104.3,31.7,,,,98.0,Off T,,,,,,,0.07416881,5c4801dd-96c4-42af-9912-c6169f348bb6,91.0,Half Volley,True,,,,,4.4,,,,,,,,,,,,,,,,,0,,,,,,,,,,,,,,
d4df34f1-3c34-4675-9075-676a5493faa3,2654,2,00:36:24.700000,81,24,137,0.985939,3857285,16,Shot,787,Senegal,1,Regular Play,787,Senegal,,2941.0,Ismaïla Sarr,21.0,Left Wing,,,,,,,120.0,42.2,37.0,Head,87.0,Open Play,111.3,40.6,1.0,,,98.0,Off T,True,,,,,,0.06430619,94d80702-8577-4bae-979d-05f1a90f459a,93.0,Normal,,,,,,4.9,,,,,,,,,,,,,,,,,0,,,,,,,,,,,,,,
597f7130-1c91-48bd-9723-52b0b2913977,2720,2,00:38:50.790000,83,50,144,1.028595,3857285,16,Shot,941,Netherlands,1,Regular Play,941,Netherlands,,20750.0,Cody Mathès Gakpo,22.0,Right Center Forward,,,,,,,120.0,36.4,37.0,Head,87.0,Open Play,112.3,39.0,,,,97.0,Goal,,,,,,,0.28603274,92aff773-2213-430c-888f-9824b4989987,93.0,Normal,,,,,,1.9,,,,,,,,,True,,,,,,,,1,,,,,,,,,,,,,,
d67ed7c2-cb3d-4eb9-907a-6c36d33952e0,2766,2,00:40:51.578000,85,51,146,1.084811,3857285,16,Shot,787,Senegal,4,From Throw In,787,Senegal,,21026.0,Pape Gueye,13.0,Right Center Midfield,,,,,,,118.7,43.7,38.0,Left Foot,87.0,Open Play,93.8,56.8,,,,100.0,Saved,,,,,,,0.008650101,092036a6-61ee-4ea2-b782-fbca83595dfe,93.0,Normal,,,,,,0.3,,,,,,,,,,,,,,,,,0,,,,,,,,,,,,,,
ceeeab00-ca40-4102-8f50-040fde9a9ba9,2941,2,00:46:00.498000,91,0,156,1.466381,3857285,16,Shot,787,Senegal,1,Regular Play,787,Senegal,,32915.0,Ismail Jakobs,6.0,Left Back,,,,,,,120.0,42.9,38.0,Left Foot,87.0,Open Play,91.0,27.5,,,,98.0,Off T,,,,,,,0.014392905,,91.0,Half Volley,True,,,,,6.0,,,,,,,,,,,,,,,,,0,,,,,,,,,,,,,,
7cd5adc1-5dba-4aa4-af81-dd2368f99eb6,2985,2,00:47:55.052000,92,55,161,1.383159,3857285,16,Shot,787,Senegal,4,From Throw In,787,Senegal,,88123.0,Cheikh Ahmadou Bamba Mbacke Dieng,23.0,Center Forward,,,,,,,120.0,36.7,37.0,Head,87.0,Open Play,112.8,35.7,,,,98.0,Off T,,,,,,,0.16068545,1da61972-96fe-43c9-8d61-2f3d3f1e4c80,93.0,Normal,,,,,,6.4,,,,,,,,,True,,,,,,,,0,,,,,,,,,,,,,,
37e3001d-d9fe-4fd9-9327-532a11e41521,3096,2,00:53:16.084000,98,16,171,0.806881,3857285,16,Shot,941,Netherlands,1,Regular Play,941,Netherlands,,2988.0,Memphis Depay,23.0,Center Forward,,,,,,,114.6,40.9,38.0,Left Foot,87.0,Open Play,101.2,50.1,,,,100.0,Saved,,,,,,,0.102816984,12cdec17-f103-4619-8244-4f5e34987949,93.0,Normal,,,,,,0.2,,,,,,,,,,,,,,,,,0,,,,,,,,,,,,,,
24ed1e2b-5f30-476f-a7d7-9b21b03164bb,3099,2,00:53:18.317000,98,18,171,0.616563,3857285,16,Shot,941,Netherlands,1,Regular Play,941,Netherlands,,4318.0,Davy Klaassen,20.0,Left Attacking Midfield,,,,,,,120.0,38.0,38.0,Left Foot,87.0,Open Play,109.5,34.8,,,,97.0,Goal,,,,,,,0.34814927,,93.0,Normal,True,,,,,2.0,,,,,,,,,,,,,,,,,1,,,,,,,,,,,,,,
efad880d-1c42-4469-b874-b88fdd11ec0c,398,1,00:09:02.295000,9,2,18,0.264282,3857282,16,Shot,1839,United States,4,From Throw In,1839,United States,,22168.0,Joshua Sargent,23.0,Center Forward,,,,,,,120.0,36.1,37.0,Head,87.0,Open Play,116.0,35.3,,,,99.0,Post,,1.0,,,,,0.25332773,fe4f7098-7594-406b-a072-1fbc8b62b4d9,93.0,Normal,,,,,,1.3,,,,,,,,,,,,,,,,,0,,,,,,,,,,,,,,
f86451c3-a2de-40d7-9e8b-c758a0238c23,501,1,00:13:45.889000,13,45,24,1.389044,3857282,16,Shot,907,Wales,3,From Free Kick,907,Wales,,4934.0,Ethan Ampadu,10.0,Center Defensive Midfield,,,,,,,120.0,37.1,40.0,Right Foot,87.0,Open Play,87.6,43.1,,,,98.0,Off T,,,,,,,0.013776194,,91.0,Half Volley,,,,,,4.7,,,,,,,,,,,,,,,,,0,,,,,,,,,,,,,,
6c050fb6-760f-45be-b373-07540d94c412,1172,1,00:28:29.881000,28,29,50,1.120279,3857282,16,Shot,1839,United States,4,From Throw In,1839,United States,,21881.0,Sergino Dest,2.0,Right Back,,,,,,,120.0,40.7,40.0,Right Foot,87.0,Open Play,90.9,56.6,,,,98.0,Off T,,,,,,,0.0066337776,1461afbf-b293-4f93-a10a-f7c9eee694d2,93.0,Normal,,,,,,5.8,,,,,,,,,,,,,,,,,0,,,,,,,,,,,,,,
0592b60f-7f9f-446d-ae00-42abec2f64f1,1416,1,00:35:12.847000,35,12,60,0.570745,3857282,16,Shot,1839,United States,6,From Counter,1839,United States,,3377.0,Timothy Weah,17.0,Right Wing,,,,,,,120.0,43.8,40.0,Right Foot,87.0,Open Play,107.7,37.8,1.0,,,97.0,Goal,,,,,,,0.20100605,fb8daed9-c3e7-449b-9953-9dd703937625,93.0,Normal,True,,,,,0.0,,,,,,,,,,,,,,,,,1,,,,,,,,,,,,,,
0e55900b-d2c5-4473-b159-aa752a27e8f7,1733,1,00:44:29.441000,44,29,73,1.09156,3857282,16,Shot,907,Wales,2,From Corner,907,Wales,,3086.0,Ben Davies,5.0,Left Center Back,,,,,,,120.0,23.7,37.0,Head,87.0,Open Play,114.7,37.5,1.0,,,98.0,Off T,True,,,,,,0.14399761,9feb913a-da75-45b8-846c-60b32ff05def,93.0,Normal,,,,,,1.4,,,,,,,,,,,,,,,,,0,,,,,,,,,,,,,,
b9450a53-8f48-4b5f-8fb8-c8c7c629bbc3,2509,2,00:15:03.953000,60,3,112,0.334071,3857282,16,Shot,907,Wales,3,From Free Kick,907,Wales,,3853.0,Kieffer Roberto Francisco Moore,24.0,Left Center Forward,,,,,,,102.3,42.6,38.0,Left Foot,87.0,Open Play,93.4,42.2,,,,96.0,Blocked,,,,,,,0.032130886,62eef591-4d15-43a4-8644-347faaaa579a,91.0,Half Volley,,,,,,,,,,,,,,,,,,,,,,,0,,,,,,,,,,,,,,
3ed6ac35-deeb-496e-8196-1f46217c3171,2656,2,00:18:54.431000,63,54,118,0.564695,3857282,16,Shot,907,Wales,3,From Free Kick,907,Wales,,3086.0,Ben Davies,5.0,Left Center Back,,,,,,,118.5,40.3,37.0,Head,87.0,Open Play,109.2,38.3,,,,100.0,Saved,,,,,,,0.18666926,cc54eb09-b89d-4618-ae83-aeddfd0bb67b,90.0,Diving Header,,,,,,2.1,,,,,,,,,,,,,,,,,0,,,,,,,,,,,,,,
c2b7077a-ec99-4c68-95e5-857d1e060e4f,2660,2,00:19:34.600000,64,34,119,0.392221,3857282,16,Shot,907,Wales,2,From Corner,907,Wales,,3853.0,Kieffer Roberto Francisco Moore,24.0,Left Center Forward,,,,,,,120.0,38.2,37.0,Head,87.0,Open Play,116.3,43.4,,,,98.0,Off T,,,,,,,0.19270518,3993c46d-bc51-46cd-842a-0f518137497c,93.0,Normal,,,,,,3.7,,,,,,,,,,,,,,,,,0,,,,,,,,,,,,,,
6d00ee32-870a-4001-8120-15c052a3b63d,2980,2,00:29:48.272000,74,48,134,2.16278,3857282,16,Shot,1839,United States,1,Regular Play,1839,United States,,22008.0,Haji Wright,23.0,Center Forward,,,,,,,120.0,25.6,37.0,Head,87.0,Open Play,106.6,46.9,1.0,,,98.0,Off T,True,,,,,,0.027433796,cc78fadf-ae27-4dc4-9428-04a6957e3a07,93.0,Normal,,,,,,0.8,,,,,,,,,,,,,,,,,0,,,,,,,,,,,,,,
6c3a8948-24c5-4a9f-94ef-820524a32e7c,3009,2,00:31:33.788000,76,33,137,0.596245,3857282,16,Shot,1839,United States,2,From Corner,1839,United States,,24243.0,Brenden Aaronson,13.0,Right Center Midfield,,,,,,,120.0,46.0,37.0,Head,87.0,Open Play,116.3,46.7,1.0,,,98.0,Off T,True,,,,,,0.09428854,6c875d8c-f0a6-4794-b4f8-56e459a5e75d,93.0,Normal,,,,,,2.0,,,,,,,,,,,,,,,,,0,,,,,,,,,,,,,,
fcde792c-c2cb-43b8-9240-7815f5e252f9,3297,2,00:43:36.129000,88,36,157,0.402023,3857282,16,Shot,907,Wales,6,From Counter,907,Wales,,29377.0,Brennan Johnson,12.0,Right Midfield,,,,,,,118.2,44.2,40.0,Right Foot,87.0,Open Play,109.9,56.2,,,,100.0,Saved,,,,,,,0.042556882,9810bde2-27d0-4c0f-9bed-2e276bd76890,93.0,Normal,,,,,,1.0,,,,,,,,,,,,,,,,,0,,,,,,,,,,,,,,
7ffb8520-fade-443f-9853-8e1919f85e79,3383,2,00:46:13.261000,91,13,160,0.127633,3857282,16,Shot,1839,United States,3,From Free Kick,1839,United States,,12751.0,Tyler Adams,10.0,Center Defensive Midfield,,,,,,,96.2,35.9,40.0,Right Foot,87.0,Open Play,92.8,35.5,,,,96.0,Blocked,,,,,,,0.019808901,,91.0,Half Volley,,,,,,,,,,,,,,,,,,,,,,,0,,,,,,,,,,,,,,
d2f58c81-92d6-4a50-811a-2413929f5c1d,276,1,00:07:05.596000,7,5,17,0.250032,3857297,16,Shot,799,Saudi Arabia,7,From Goal Kick,799,Saudi Arabia,,5191.0,Mohammed Al Burayk,6.0,Left Back,,,,,,,97.4,28.2,40.0,Right Foot,87.0,Open Play,91.6,24.8,,,,96.0,Blocked,,,,,,,0.012477021,9c05c015-090d-40ab-83ed-b7c584b5b282,93.0,Normal,,,,,,,,,,,,,,,,,,,,,,,0,,,,,,,,,,,,,,
2be63b79-06c8-46a1-8688-d5257673d4d9,425,1,00:12:17.794000,12,17,25,0.62361,3857297,16,Shot,799,Saudi Arabia,3,From Free Kick,799,Saudi Arabia,,5713.0,Mohammed Kanoo,9.0,Right Defensive Midfield,,,,,,,119.6,43.2,40.0,Right Foot,87.0,Open Play,105.5,54.5,,,,100.0,Saved,,,,,,,0.03839731,7e29ecaf-e412-4ee6-a5a1-835302afe9fb,93.0,Normal,True,,,,,2.3,,,,,,,,,,,,,,,,,0,,,,,,,,,,,,,,
81bfba47-f671-4b85-adc5-fb8fc77f87b0,782,1,00:25:36.177000,25,36,49,0.339811,3857297,16,Shot,789,Poland,2,From Corner,789,Poland,,11737.0,Krystian Bielik,9.0,Right Defensive Midfield,,,,,,,116.4,39.4,37.0,Head,87.0,Open Play,111.7,39.3,1.0,,,96.0,Blocked,True,,,,,,0.075333446,b84079cc-1fe8-4f6c-b59f-fd529d3a552f,93.0,Normal,,,,,,,,,,,,,,,,,,,,,,,0,,,,,,,,,,,,,,
4965589f-2eaa-49a7-81cd-3200dfbdeb2a,1052,1,00:32:03.579000,32,3,61,1.24,3857297,16,Shot,799,Saudi Arabia,4,From Throw In,799,Saudi Arabia,,51469.0,Saleh Khalid Al Shehri,23.0,Center Forward,,,,,,,108.7,0.1,37.0,Head,87.0,Open Play,108.5,45.0,,,,101.0,Wayward,,1.0,,,,,0.044610713,6f9caf2f-57d0-408b-afb2-2bbe07517481,93.0,Normal,,,,,,,,,,,,,,,,,,,,,,,0,,,,,,,,,,,,,,
dedac82e-b225-46ac-bbb5-e189d1cfb20e,1237,1,00:38:57.658000,38,57,68,0.279236,3857297,16,Shot,789,Poland,7,From Goal Kick,789,Poland,,5660.0,Piotr Zieliński,19.0,Center Attacking Midfield,,,,,,,120.0,41.0,40.0,Right Foot,87.0,Open Play,111.9,44.7,,,,97.0,Goal,,,,,,,0.23496674,6e7fa4ee-12b4-499a-98e9-8f8281d7bcda,91.0,Half Volley,True,,,,,2.3,,,,,,,,,,,,,,,,,1,,,,,,,,,,,,,,
79f1bb24-ca0f-44a0-9e41-3558fb125f6b,1246,1,00:40:16.686000,40,16,70,2.852917,3857297,16,Shot,789,Poland,1,Regular Play,789,Poland,,5668.0,Robert Lewandowski,23.0,Center Forward,,,,,,,120.0,3.1,40.0,Right Foot,87.0,Open Play,112.9,58.5,,,,101.0,Wayward,,1.0,,,,,0.009729679,f3d9e3df-abcf-45c5-af66-5fa843876d41,91.0,Half Volley,,,,,,,,,,,,,,,True,,,,,,,,0,,,,,,,,,,,,,,
c024762d-1211-4eda-8380-7d09e7a96151,1316,1,00:45:37.141000,45,37,76,0.259624,3857297,16,Shot,799,Saudi Arabia,5,Other,799,Saudi Arabia,,5191.0,Mohammed Al Burayk,6.0,Left Back,,,,,,,117.5,36.9,40.0,Right Foot,87.0,Open Play,112.7,32.9,,,,100.0,Saved,,,,,,,0.35719204,,93.0,Normal,True,,,,,1.7,,,,,,,,,,,,,,,,,0,,,,,,,,,,,,,,
11e3ad98-3896-433a-bba4-4f12f55829fa,1736,2,00:05:48.728000,50,48,102,0.374784,3857297,16,Shot,799,Saudi Arabia,2,From Corner,799,Saudi Arabia,,51710.0,Saud Abdullah Abdul Hamid,6.0,Left Back,,,,,,,90.7,26.6,40.0,Right Foot,87.0,Open Play,85.9,24.5,,,,96.0,Blocked,,,,,,,0.005913877,f1a202ca-5449-4515-84a1-c83cc0a7cef6,93.0,Normal,,,,,,,,,,,,,,,,,,,,,,,0,,,,,,,,,,,,,,
dbc22c7c-3a77-49e0-8fcc-165b17167d2a,1743,2,00:05:53.945000,50,53,102,2.021556,3857297,16,Shot,799,Saudi Arabia,2,From Corner,799,Saudi Arabia,,5713.0,Mohammed Kanoo,9.0,Right Defensive Midfield,,,,,,,120.0,54.1,40.0,Right Foot,87.0,Open Play,104.2,39.3,,,,98.0,Off T,,,,,,,0.03705331,7aedac31-dccc-4689-a9ff-41d405b07706,94.0,Overhead Kick,True,,,,,0.2,,,,,,,,,,,,,,,,,0,,,,,,,,,,,,,,
b32acb43-b80a-470e-bce9-90598ed7ee46,1838,2,00:08:43.780000,53,43,107,1.17334,3857297,16,Shot,799,Saudi Arabia,3,From Free Kick,799,Saudi Arabia,,5187.0,Salem Mohammed Al Dawsari,21.0,Left Wing,,,,,,,120.0,53.0,40.0,Right Foot,87.0,Open Play,97.6,21.6,,,,98.0,Off T,,,,,,,0.010959039,5f4d3cfa-57d1-4cab-af7d-8556843459fc,93.0,Normal,,,,,,6.1,,,,,,,,,,,,,,,,,0,,,,,,,,,,,,,,
9d027449-9a71-41d7-91a4-e9701df87106,1876,2,00:09:34.273000,54,34,109,0.242345,3857297,16,Shot,799,Saudi Arabia,1,Regular Play,799,Saudi Arabia,,5187.0,Salem Mohammed Al Dawsari,21.0,Left Wing,,,,,,,117.1,37.2,38.0,Left Foot,87.0,Open Play,114.6,36.1,,,,100.0,Saved,,,,,,,0.16438472,,93.0,Normal,,,,,,0.5,,,,,,,,,,,,,,,,,0,,,,,,,,,,,,,,
1540a282-cfd2-4a45-96e6-3a95c39914f1,1881,2,00:09:36.680000,54,36,109,1.279882,3857297,16,Shot,799,Saudi Arabia,1,Regular Play,799,Saudi Arabia,,56755.0,Abdulelah Saad Hameed Al-Malki,11.0,Left Defensive Midfield,,,,,,,120.0,43.2,40.0,Right Foot,87.0,Open Play,97.0,40.0,,,,98.0,Off T,,,,,,,0.0391187,,95.0,Volley,True,,,,,5.8,,,,,,,,,,,,,,,,,0,,,,,,,,,,,,,,
f385844d-ab4d-4198-9014-10751c300c90,2072,2,00:14:26.427000,59,26,115,0.544313,3857297,16,Shot,799,Saudi Arabia,7,From Goal Kick,799,Saudi Arabia,,51099.0,Firas Tariq Nasser Al Albirakan,17.0,Right Wing,,,,,,,120.0,35.2,38.0,Left Foot,87.0,Open Play,112.9,27.5,1.0,,,98.0,Off T,,,,,,,0.11089649,cc0102a9-41bd-434c-b29b-94deb7bd30be,93.0,Normal,,,,,,2.2,,,,,,,,,True,,,,,,,,0,,,,,,,,,,,,,,
4eb4d5db-61a5-454b-8c1a-e5520be02cc1,2086,2,00:15:04.386000,60,4,117,0.716283,3857297,16,Shot,799,Saudi Arabia,1,Regular Play,799,Saudi Arabia,,5713.0,Mohammed Kanoo,9.0,Right Defensive Midfield,,,,,,,120.0,44.0,40.0,Right Foot,87.0,Open Play,107.3,49.4,,,,98.0,Off T,,,,,,,0.07597345,,93.0,Normal,True,,,,,7.5,,,,,,,,,,,,,,,,,0,,,,,,,,,,,,,,
35ecad59-a356-4424-a9bd-c7e1f3dbe7a6,2130,2,00:17:31.459000,62,31,121,0.73685,3857297,16,Shot,789,Poland,7,From Goal Kick,789,Poland,,5665.0,Arkadiusz Milik,16.0,Left Midfield,,,,,,,120.0,37.3,37.0,Head,87.0,Open Play,111.0,38.8,,,,99.0,Post,,,,,,,0.13519733,c6650550-d537-4eda-a48e-3da5af8fe6a4,93.0,Normal,,,,,,2.8,,,,,,,,,,,,,,,,,0,,,,,,,,,,,,,,
ea6094d3-7510-45dd-968e-66684c0f4379,2217,2,00:20:01.628000,65,1,128,0.409663,3857297,16,Shot,789,Poland,3,From Free Kick,789,Poland,,5668.0,Robert Lewandowski,22.0,Right Center Forward,,,,,,,120.0,44.1,70.0,Other,87.0,Open Play,115.1,44.4,,,,99.0,Post,,,,,,,0.25903136,8be8fb69-dbeb-44e0-8a8c-35740909207b,93.0,Normal,,,,,,1.3,,,,,,,,,,,,,,,,,0,,,,,,,,,,,,,,
4e633834-f4a5-4f29-9215-267c13aba9ed,2270,2,00:22:52.382000,67,52,133,0.319491,3857297,16,Shot,799,Saudi Arabia,3,From Free Kick,799,Saudi Arabia,,54144.0,Nawaf Shaker Al Abid,19.0,Center Attacking Midfield,,,,,,,103.6,45.3,38.0,Left Foot,62.0,Free Kick,95.1,46.7,,,,96.0,Blocked,,,,,,,0.0660456,,93.0,Normal,,,,,,,,,,,,,,,,,,,,,,,0,,,,,,,,,,,,,,
39f1b4e4-757e-4c37-b42d-b52826448257,2316,2,00:23:29.299000,68,29,133,0.916865,3857297,16,Shot,799,Saudi Arabia,3,From Free Kick,799,Saudi Arabia,,5187.0,Salem Mohammed Al Dawsari,21.0,Left Wing,,,,,,,117.8,42.0,40.0,Right Foot,87.0,Open Play,96.0,34.2,,,,100.0,Saved,,,,,,,0.03677261,9ce8793c-521a-4a7e-a99a-4281daca4abe,93.0,Normal,,,,,,0.6,,,,,,,,,,,,,,,,,0,,,,,,,,,,,,,,
f6869c7d-e38c-4c4d-941f-10e184f36ca1,2410,2,00:27:28.705000,72,28,142,0.114374,3857297,16,Shot,789,Poland,4,From Throw In,789,Poland,,5668.0,Robert Lewandowski,22.0,Right Center Forward,,,,,,,109.1,48.2,40.0,Right Foot,87.0,Open Play,107.3,49.0,,,,96.0,Blocked,,,,,,,0.09536816,63e92d43-b70b-40c0-b858-a1ffc1496bc1,93.0,Normal,True,,,,,,,,,,,,,,,,,,,,,,0,,,,,,,,,,,,,,
7d51a405-d72b-4f2b-b039-7eb53480c766,2575,2,00:32:50.321000,77,50,149,0.930285,3857297,16,Shot,799,Saudi Arabia,1,Regular Play,799,Saudi Arabia,,56755.0,Abdulelah Saad Hameed Al-Malki,11.0,Left Defensive Midfield,,,,,,,120.0,45.8,38.0,Left Foot,87.0,Open Play,103.2,34.7,,,,98.0,Off T,,,,,,,0.10027991,,93.0,Normal,True,,,,,0.2,,,,,,,,,,,,,,,,,0,,,,,,,,,,,,,,
eee20398-5fc9-49ff-bf22-2cc36ca05d2c,2674,2,00:35:55.348000,80,55,156,1.239658,3857297,16,Shot,789,Poland,3,From Free Kick,789,Poland,,12493.0,Krzysztof Piątek,24.0,Left Center Forward,,,,,,,120.0,32.8,37.0,Head,87.0,Open Play,107.4,41.4,1.0,,,98.0,Off T,True,,,,,,0.02819521,d3c49c95-f6ba-4fd0-8a5b-6aeb3085030e,93.0,Normal,,,,,,6.4,,,,,,,,,,,,,,,,,0,,,,,,,,,,,,,,
4b0734e0-f6e7-4ebf-9fa4-aff5230d417f,2709,2,00:36:28.829000,81,28,157,0.627072,3857297,16,Shot,799,Saudi Arabia,7,From Goal Kick,789,Poland,,5668.0,Robert Lewandowski,22.0,Right Center Forward,,,,,,,120.0,39.6,38.0,Left Foot,87.0,Open Play,107.2,44.6,,,,97.0,Goal,,,,,,,0.47824246,,93.0,Normal,,,,,,0.2,,,,,,,,,True,,,,,,,,1,,,,,,,,,,,,,,
c0825b2d-a1da-4424-ba81-13a3c5c1e221,2837,2,00:41:25.256000,86,25,163,0.589205,3857297,16,Shot,799,Saudi Arabia,1,Regular Play,799,Saudi Arabia,,51705.0,Abdulrahman Al-Obood,17.0,Right Wing,,,,,,,120.0,43.2,37.0,Head,87.0,Open Play,118.0,48.2,1.0,,,98.0,Off T,True,,,,,,0.041744728,9e327eba-8280-424d-a570-5241de7aa036,93.0,Normal,,,,,,3.7,,,,,,,,,,,,,,,,,0,,,,,,,,,,,,,,
0a75a101-5aa9-40ee-98a9-f25efa6b7757,2958,2,00:44:28.004000,89,28,169,0.141388,3857297,16,Shot,789,Poland,3,From Free Kick,789,Poland,,5668.0,Robert Lewandowski,22.0,Right Center Forward,,,,,,,111.8,46.4,40.0,Right Foot,87.0,Open Play,109.9,48.1,,,,100.0,Saved,,,,,,,0.4181081,,92.0,Lob,,,,,,1.3,,,,,,,,,True,,,,,,,,0,,,,,,,,,,,,,,
1c9fc6fc-fea7-4208-811f-5e9321a57a56,3160,2,00:50:43.890000,95,43,180,1.229643,3857297,16,Shot,799,Saudi Arabia,4,From Throw In,799,Saudi Arabia,,5713.0,Mohammed Kanoo,9.0,Right Defensive Midfield,,,,,,,120.0,45.6,40.0,Right Foot,87.0,Open Play,95.3,32.9,,,,98.0,Off T,,,,,,,0.046656966,b3a8d481-0855-4fcb-b072-99493de6fcfb,93.0,Normal,,,,,,1.3,,,,,,,,,,,,,,,,,0,,,,,,,,,,,,,,
8294e192-b4b3-410d-88bf-dbafd1d5d730,38,1,00:00:33.835000,0,33,2,0.670725,3857294,16,Shot,941,Netherlands,9,From Kick Off,941,Netherlands,,2988.0,Memphis Depay,24.0,Left Center Forward,,,,,,,120.0,49.3,40.0,Right Foot,87.0,Open Play,114.9,52.7,,,,98.0,Off T,,,,,,,0.04113277,99041126-e481-41c1-8252-ecae9b69e067,91.0,Half Volley,True,,,,,0.2,,,,,,,,,,,,,,,,,0,,,,,,,,,,,,,,
2c714385-0957-490d-9897-f4b2c1118251,155,1,00:02:44.768000,2,44,6,0.973481,3857294,16,Shot,941,Netherlands,1,Regular Play,3566,Qatar,,124488.0,Hassan Khalid Al Heidos,13.0,Right Center Midfield,,,,,,,115.0,41.9,40.0,Right Foot,87.0,Open Play,89.6,52.0,,,,100.0,Saved,,,,,,,0.015712837,,93.0,Normal,,,,,,1.3,,,,,,,,,,,,,,,,,0,,,,,,,,,,,,,,
da59dcb2-78b9-4345-a2d1-0600308afc18,197,1,00:03:20.905000,3,20,9,0.241851,3857294,16,Shot,941,Netherlands,1,Regular Play,941,Netherlands,,3311.0,Daley Blind,8.0,Left Wing Back,,,,,,,116.1,33.1,40.0,Right Foot,87.0,Open Play,114.1,29.0,,,,100.0,Saved,,,,,,,0.10723932,,93.0,Normal,True,,,,,0.8,,,,,,,,,,,,,,,,,0,,,,,,,,,,,,,,
0a45dc04-546c-413c-b3cf-8dfef3d7428c,201,1,00:03:22.377000,3,22,9,0.809347,3857294,16,Shot,941,Netherlands,1,Regular Play,941,Netherlands,,3311.0,Daley Blind,8.0,Left Wing Back,,,,,,,120.0,33.2,40.0,Right Foot,87.0,Open Play,115.2,28.6,1.0,,,98.0,Off T,,,,,,,0.042171385,,95.0,Volley,True,,,,,4.2,,,,,,,,,,,,,,,,,0,,,,,,,,,,,,,,
4b6dcfbb-bee9-4633-95ea-bb932937b030,338,1,00:06:50.354000,6,50,17,0.144407,3857294,16,Shot,941,Netherlands,1,Regular Play,941,Netherlands,,20750.0,Cody Mathès Gakpo,22.0,Right Center Forward,,,,,,,94.0,29.8,40.0,Right Foot,87.0,Open Play,93.2,29.5,1.0,,,96.0,Blocked,,,,,,,0.023612352,11b00b75-a78f-465a-b356-b0ec9b1b7bb2,93.0,Normal,,,,,,,,,,,,,,,,,,,,,,,0,,,,,,,,,,,,,,
87c6c0d6-04b5-4614-aeff-96ed9a1673cf,611,1,00:13:57.686000,13,57,34,0.318812,3857294,16,Shot,941,Netherlands,4,From Throw In,941,Netherlands,,8118.0,Frenkie de Jong,11.0,Left Defensive Midfield,,,,,,,101.9,34.1,40.0,Right Foot,87.0,Open Play,96.9,32.3,,,,96.0,Blocked,,,,,,,0.032602046,743763fc-382d-4fa5-bd6b-42fe6a0d9626,93.0,Normal,,,,,,,,,,,,,,,,,,,,,,,0,,,,,,,,,,,,,,
d31e6f63-ea17-428e-895b-2bb9fdfa6eea,615,1,00:13:59.118000,13,59,34,0.838866,3857294,16,Shot,941,Netherlands,4,From Throw In,941,Netherlands,,2988.0,Memphis Depay,24.0,Left Center Forward,,,,,,,120.0,38.7,40.0,Right Foot,87.0,Open Play,107.4,31.3,,,,98.0,Off T,,,,,,,0.14338174,,91.0,Half Volley,True,,,,,4.5,,,,,,,,,,,,,,,,,0,,,,,,,,,,,,,,
911ed872-f7d1-4bce-8302-3dc1de12823d,725,1,00:18:14.605000,18,14,43,0.819264,3857294,16,Shot,941,Netherlands,2,From Corner,941,Netherlands,,4318.0,Davy Klaassen,19.0,Center Attacking Midfield,,,,,,,120.0,32.8,37.0,Head,87.0,Open Play,113.0,44.5,1.0,,,98.0,Off T,True,,,,,,0.08364612,1da76aff-eac6-409c-ba28-76d6922c0bdf,93.0,Normal,,,,,,2.7,,,,,,,,,,,,,,,,,0,,,,,,,,,,,,,,
135ce9b0-a86f-4caa-a40d-9b782df05d62,945,1,00:24:06.504000,24,6,53,0.632653,3857294,16,Shot,3566,Qatar,2,From Corner,3566,Qatar,,124494.0,Abdelkarim Hassan Al Haj Fadlalla,5.0,Left Center Back,,,,,,,120.0,45.2,40.0,Right Foot,87.0,Open Play,109.2,45.5,,,,98.0,Off T,,,,,,,0.067132466,ecfd039d-558f-4464-98c6-3a9509a6ebc0,95.0,Volley,True,,,,,4.9,,,,,,,,,,,,,,,,,0,,,,,,,,,,,,,,
7c128cea-a0fd-467e-b5af-c2ce79dcb4e9,1009,1,00:25:15.166000,25,15,56,0.112854,3857294,16,Shot,941,Netherlands,1,Regular Play,941,Netherlands,,2988.0,Memphis Depay,24.0,Left Center Forward,,,,,,,114.3,31.4,40.0,Right Foot,87.0,Open Play,113.6,30.5,1.0,,,96.0,Blocked,,,,,,,0.0753362,837009d1-5e8b-4300-86b1-3558a850f742,93.0,Normal,,,,,,,,,,,,,,,,,,,,,,,0,,,,,,,,,,,,,,
076bfa17-336a-42b8-a6ac-731a4de8dee6,1044,1,00:25:55.260000,25,55,58,0.758799,3857294,16,Shot,941,Netherlands,7,From Goal Kick,941,Netherlands,,20750.0,Cody Mathès Gakpo,22.0,Right Center Forward,,,,,,,120.0,43.5,40.0,Right Foot,87.0,Open Play,103.3,39.8,1.0,,,97.0,Goal,,,,,,,0.14035599,5416a5f0-e064-4f3a-a7b7-868a762c8261,93.0,Normal,,,,,,0.2,,,,,,,,,,,,,,,,,1,,,,,,,,,,,,,,
a1e65121-9acb-47ff-95ae-6f38119b8886,1115,1,00:28:31.024000,28,31,60,1.099915,3857294,16,Shot,3566,Qatar,4,From Throw In,3566,Qatar,,124899.0,Ismaeel Mohammad Mohammad,7.0,Right Wing Back,,,,,,,116.3,41.2,40.0,Right Foot,87.0,Open Play,93.9,39.3,1.0,,,100.0,Saved,,,,,,,0.03016361,,93.0,Normal,,,,,,0.5,,,,,,,,,,,,,,,,,0,,,,,,,,,,,,,,
518b826b-5d62-448d-bb99-205a1e2bdb42,2083,1,00:47:52.619000,47,52,85,1.048751,3857294,16,Shot,941,Netherlands,1,Regular Play,941,Netherlands,,2988.0,Memphis Depay,24.0,Left Center Forward,,,,,,,120.0,32.7,40.0,Right Foot,87.0,Open Play,93.6,49.7,,,,98.0,Off T,,,,,,,0.029451067,fef988bf-a36b-4e4a-b54d-8606d3ba21e3,91.0,Half Volley,True,,,,,0.2,,,,,,,,,,,,,,,,,0,,,,,,,,,,,,,,
a6342f55-2f69-448e-ab69-4bd9c006fda0,2247,2,00:03:53.915000,48,53,91,0.205541,3857294,16,Shot,941,Netherlands,7,From Goal Kick,941,Netherlands,,2988.0,Memphis Depay,24.0,Left Center Forward,,,,,,,118.3,36.4,40.0,Right Foot,87.0,Open Play,116.4,34.2,1.0,,,100.0,Saved,,,,,,,0.2959347,,95.0,Volley,,,,,,1.1,,,,,,,,,True,,,,,,,,0,,,,,,,,,,,,,,
2c822162-de00-4f8e-bf2a-a3487dcd8e72,2250,2,00:03:55.490000,48,55,91,0.360582,3857294,16,Shot,941,Netherlands,7,From Goal Kick,941,Netherlands,,8118.0,Frenkie de Jong,11.0,Left Defensive Midfield,,,,,,,120.0,41.8,40.0,Right Foot,87.0,Open Play,117.6,40.3,,,,97.0,Goal,,,,,,,0.6883914,,91.0,Half Volley,True,,,,,1.9,,,,,,,,,,,,,,,,True,1,,,,,,,,,,,,,,
89e414f2-6daa-4ae2-aa51-b4a7e24bfcae,3332,2,00:31:12.007000,76,12,138,1.255867,3857294,16,Shot,3566,Qatar,1,Regular Play,3566,Qatar,,124514.0,Abdulaziz Hatem Mohammed Abdullah,13.0,Right Center Midfield,,,,,,,116.0,40.6,40.0,Right Foot,87.0,Open Play,94.7,53.1,,,,100.0,Saved,,,,,,,0.024495702,f5eac5ce-2cfe-4f45-a8ee-e67aac04e916,93.0,Normal,,,,,,0.0,,,,,,,,,,,,,,,,,0,,,,,,,,,,,,,,
6d21bd7c-0fa6-4bdc-9fe0-77a923cafc1d,3923,2,00:42:32.605000,87,32,148,1.3874,3857294,16,Shot,3566,Qatar,3,From Free Kick,3566,Qatar,,124506.0,Pedro Miguel Correia,3.0,Right Center Back,,,,,,,120.0,29.3,40.0,Right Foot,87.0,Open Play,88.8,53.2,,,,98.0,Off T,,,,,,,0.00621196,2d4248f4-399d-4224-9a8a-3e902874f126,93.0,Normal,,,,,,0.1,,,,,,,,,,,,,,,,,0,,,,,,,,,,,,,,
24f06115-ff02-43b0-9381-e895e38a736f,4108,2,00:46:22.785000,91,22,153,1.323396,3857294,16,Shot,941,Netherlands,1,Regular Play,941,Netherlands,,7745.0,Steven Berghuis,19.0,Center Attacking Midfield,,,,,,,120.0,36.6,38.0,Left Foot,87.0,Open Play,102.2,59.1,,,,99.0,Post,,1.0,,,,,0.010698183,ebc797be-2dad-460d-a754-f7c0ca3d5f97,93.0,Normal,,,,,,2.9,,,,,,,,,,,,,,,,,0,,,,,,,,,,,,,,
ad8fa32c-3fea-4b86-a322-1177cd561c78,261,1,00:05:21.065000,5,21,12,0.073838,3857266,16,Shot,771,France,1,Regular Play,771,France,,5477.0,Ousmane Dembélé,17.0,Right Wing,,,,,,,99.3,38.3,40.0,Right Foot,87.0,Open Play,97.8,38.0,,,,96.0,Blocked,,,,,,,0.04759094,95f34b4c-e6b5-4970-8a1c-25d92c7c3541,93.0,Normal,,,,,,,,,,,,,,,,,,,,,,,0,,,,,,,,,,,,,,
4c34b967-74ca-456f-a511-bae8ff54f45c,529,1,00:09:09.734000,9,9,15,0.07938,3857266,16,Shot,771,France,4,From Throw In,771,France,,3026.0,Adrien Rabiot,11.0,Left Defensive Midfield,,,,,,,115.9,44.9,37.0,Head,87.0,Open Play,115.0,45.6,1.0,,,96.0,Blocked,True,,,,,,0.10936305,6c95f025-c810-4630-961b-b30779c0334e,93.0,Normal,,,,,,,,,,,,,,,,,,,,,,,0,,,,,,,,,,,,,,
7bfd3322-79dd-41dc-8ea9-dd83156ee37a,658,1,00:12:34.981000,12,34,20,0.762203,3857266,16,Shot,771,France,2,From Corner,771,France,,5485.0,Raphaël Varane,3.0,Right Center Back,,,,,,,115.7,40.0,37.0,Head,87.0,Open Play,112.4,46.9,1.0,,,101.0,Wayward,True,,,,,,0.0425816,972983dc-5748-47fd-b55f-c78597192468,93.0,Normal,,,,,,,,,,,,,,,,,,,,,,,0,,,,,,,,,,,,,,
8a5283ce-a55e-4a73-86a1-03e173b53b17,766,1,00:14:53.062000,14,53,22,0.373781,3857266,16,Shot,771,France,1,Regular Play,771,France,,3604.0,Olivier Giroud,23.0,Center Forward,,,,,,,120.0,23.0,37.0,Head,87.0,Open Play,111.9,38.9,1.0,,,101.0,Wayward,True,1.0,,,,,0.11903284,7111589e-de96-4ef4-a08e-18265e5b7387,93.0,Normal,,,,,,,,,,,,,,,,,,,,,,,0,,,,,,,,,,,,,,
8d13ea77-6e18-493c-8e54-258f942c255b,997,1,00:20:18.963000,20,18,32,0.630068,3857266,16,Shot,771,France,3,From Free Kick,771,France,,3026.0,Adrien Rabiot,11.0,Left Defensive Midfield,,,,,,,118.6,40.4,37.0,Head,87.0,Open Play,108.9,44.3,,,,100.0,Saved,,,,,,,0.04225832,fed8dfa0-72b0-4aee-8f87-3c5081ebb420,93.0,Normal,,,,,,1.8,,,,,,,,,,,,,,,,,0,,,,,,,,,,,,,,
f10a16e6-487c-4e6c-bfa7-a2b2bbf19e07,1333,1,00:29:53.346000,29,53,50,0.624897,3857266,16,Shot,771,France,7,From Goal Kick,771,France,,4445.0,Jules Koundé,2.0,Right Back,,,,,,,116.3,43.0,40.0,Right Foot,87.0,Open Play,109.0,56.2,1.0,,,96.0,Blocked,,,,,,,0.02881258,ceec5911-e31c-430d-8357-2937fac5e6dd,91.0,Half Volley,,,,,,,,,,,,,,,,,,,,,,,0,,,,,,,,,,,,,,
4e7ba032-7c93-44f9-9a5f-6eb2de5d473a,1455,1,00:32:48.882000,32,48,56,0.466379,3857266,16,Shot,771,France,6,From Counter,771,France,,5487.0,Antoine Griezmann,19.0,Center Attacking Midfield,,,,,,,119.4,35.4,38.0,Left Foot,87.0,Open Play,118.2,23.1,1.0,,,100.0,Saved,,,,,,,0.010852635,35d4bafe-1236-46a5-9857-775f2a2015df,93.0,Normal,,,,,,0.2,,,,,,,,,True,,,,,,,,0,,,,,,,,,,,,,,
f7c17e05-ea54-4e7c-b22d-8020b033463c,1459,1,00:32:52.737000,32,52,56,0.162555,3857266,16,Shot,771,France,1,Regular Play,771,France,,10481.0,Aurélien Djani Tchouaméni,9.0,Right Defensive Midfield,,,,,,,101.3,39.3,40.0,Right Foot,87.0,Open Play,99.7,39.1,,,,96.0,Blocked,,,,,,,0.054124165,466e070b-a167-4948-868e-c363eab40fa5,93.0,Normal,True,,,,,,,,,,,,,,,,,,,,,,0,,,,,,,,,,,,,,
02842003-6628-42d5-9e1e-36c26fd6f90d,1466,1,00:32:55.817000,32,55,56,0.122701,3857266,16,Shot,771,France,6,From Counter,771,France,,5477.0,Ousmane Dembélé,17.0,Right Wing,,,,,,,108.8,47.6,38.0,Left Foot,87.0,Open Play,108.2,48.0,,,,96.0,Blocked,,,,,,,0.046849832,8c7277f1-9370-4536-be79-71a9e00c3862,95.0,Volley,,,,,,,,,,,,,,,,,,,,,,,0,,,,,,,,,,,,,,
477125c6-4502-4724-b896-19bb122fd88b,1514,1,00:33:36.493000,33,36,56,0.088779,3857266,16,Shot,771,France,1,Regular Play,771,France,,3026.0,Adrien Rabiot,11.0,Left Defensive Midfield,,,,,,,102.4,26.2,38.0,Left Foot,87.0,Open Play,100.1,24.5,,,,96.0,Blocked,,,,,,,0.02230111,,93.0,Normal,,,,,,,,,,,,,,,,,,,,,,,0,,,,,,,,,,,,,,
20999e77-a693-4ab9-90f4-6a66470de653,1575,1,00:35:17.894000,35,17,59,0.681133,3857266,16,Shot,776,Denmark,6,From Counter,776,Denmark,,5732.0,Andreas Evald Cornelius,23.0,Center Forward,,,,,,,120.0,45.4,40.0,Right Foot,87.0,Open Play,107.4,55.8,,,,98.0,Off T,,,,,,,0.048269883,da47732f-3866-4d58-b168-fac7ed1152a5,93.0,Normal,True,,,,,1.3,,,,,,,,,,,,,,,,,0,,,,,,,,,,,,,,
b1353306-3be0-4dff-99e6-f70af1152f2a,1621,1,00:36:33.907000,36,33,60,0.819076,3857266,16,Shot,771,France,7,From Goal Kick,771,France,,3604.0,Olivier Giroud,23.0,Center Forward,,,,,,,120.0,46.1,37.0,Head,87.0,Open Play,108.6,45.2,1.0,,,98.0,Off T,True,,,,,,0.045027424,aabb35d9-ef2e-4ce4-b472-26e9ce904718,93.0,Normal,,,,,,0.8,,,,,,,,,,,,,,,,,0,,,,,,,,,,,,,,
2994a2eb-a70c-4950-b4d7-850b747540d1,1731,1,00:39:33.955000,39,33,65,0.765156,3857266,16,Shot,771,France,1,Regular Play,771,France,,3009.0,Kylian Mbappé Lottin,21.0,Left Wing,,,,,,,120.0,40.0,40.0,Right Foot,87.0,Open Play,106.0,43.8,,,,98.0,Off T,,,,,,,0.18605462,0c7351f9-e3de-4877-b96a-547c7a3228d7,93.0,Normal,True,,,,,5.0,,,,,,,,,,,,,,,,,0,,,,,,,,,,,,,,
1d65242c-90e4-4111-9274-491bf60a4ae7,1835,1,00:44:43.234000,44,43,73,1.0948,3857266,16,Shot,776,Denmark,1,Regular Play,776,Denmark,,3043.0,Christian Dannemann Eriksen,11.0,Left Defensive Midfield,,,,,,,120.0,32.1,40.0,Right Foot,87.0,Open Play,83.0,42.5,,,,98.0,Off T,,,,,,,0.006951803,,93.0,Normal,,,,,,0.4,,,,,,,,,,,,,,,,,0,,,,,,,,,,,,,,
3b207f2c-9f34-417c-ade4-eb76e6f88ddc,1933,1,00:47:25.352000,47,25,78,0.627831,3857266,16,Shot,771,France,4,From Throw In,771,France,,3009.0,Kylian Mbappé Lottin,21.0,Left Wing,,,,,,,109.8,32.8,40.0,Right Foot,87.0,Open Play,98.6,18.5,,,,96.0,Blocked,,,,,,,0.011081066,d6873c7c-b51a-4e19-9121-ae7b012214de,93.0,Normal,,,,,,,,,,,,,,,,,,,,,,,0,,,,,,,,,,,,,,
f63e4a17-97db-4c92-8ef0-c58a7d62bf2f,2398,2,00:10:59.677000,55,59,100,0.67028,3857266,16,Shot,771,France,1,Regular Play,771,France,,3009.0,Kylian Mbappé Lottin,21.0,Left Wing,,,,,,,117.8,36.7,38.0,Left Foot,87.0,Open Play,104.1,30.1,,,,100.0,Saved,,,,,,,0.03630777,,93.0,Normal,,,,,,2.1,,,,,,,,,,,,,,,,,0,,,,,,,,,,,,,,
8bc93131-77fd-4a72-b5ca-7a20e411225b,2516,2,00:14:02.628000,59,2,104,0.472999,3857266,16,Shot,771,France,4,From Throw In,771,France,,5487.0,Antoine Griezmann,19.0,Center Attacking Midfield,,,,,,,120.0,38.1,38.0,Left Foot,87.0,Open Play,102.6,38.8,,,,98.0,Off T,,,,,,,0.21733604,289a5642-718d-409f-99b6-9b55ba9efde3,91.0,Half Volley,,,,,,5.8,,,,,,,,,True,,,,,,,,0,,,,,,,,,,,,,,
8ad26aa2-291c-4d4c-a9d8-354224932a31,2585,2,00:15:25.039000,60,25,106,0.182086,3857266,16,Shot,771,France,1,Regular Play,771,France,,3009.0,Kylian Mbappé Lottin,21.0,Left Wing,,,,,,,120.0,40.1,40.0,Right Foot,87.0,Open Play,110.8,31.3,,,,97.0,Goal,,,,,,,0.08505598,b8f2a552-23d2-4a2c-822d-a8962ef1cdf0,91.0,Half Volley,True,,,,,0.8,,,,,,,,,,,,,,,,,1,True,,,,,,,,,,,,,
fdc1ea86-c887-49f5-9f86-f613bc4f2000,2813,2,00:22:14.664000,67,14,119,0.304208,3857266,16,Shot,776,Denmark,2,From Corner,776,Denmark,,8247.0,Joachim Andersen,3.0,Right Center Back,,,,,,,114.1,36.9,37.0,Head,87.0,Open Play,112.2,43.9,1.0,,,101.0,Wayward,True,,,,,,0.082872435,6d296ab2-27e9-43f2-bee0-2aec22e810af,93.0,Normal,,,,,,,,,,,,,,,,,,,,,,,0,,,,,,,,,,,,,,
ec53e52f-fb8b-4085-bf36-323830fd4c0f,2816,2,00:22:15.286000,67,15,119,0.406608,3857266,16,Shot,776,Denmark,2,From Corner,776,Denmark,,3959.0,Andreas Christensen,4.0,Center Back,,,,,,,120.0,38.6,37.0,Head,87.0,Open Play,113.0,37.6,,,,97.0,Goal,,,,,,,0.25384808,,93.0,Normal,,,,,,1.7,,,,,,,,,,,,,,,,,1,,,,,,,,,,,,,,
6bd41f74-6e8e-4714-bc4d-fdb8e0f1528f,2997,2,00:27:21.058000,72,21,126,0.451006,3857266,16,Shot,776,Denmark,8,From Keeper,776,Denmark,,27569.0,Jesper Lindstrøm,17.0,Right Wing,,,,,,,117.9,38.3,40.0,Right Foot,87.0,Open Play,107.4,33.0,,,,100.0,Saved,,,,,,,0.18929456,7c28a113-e1cc-4348-bad5-3ed1bd0d0770,93.0,Normal,True,,,,,1.3,,,,,,,,,,,,,,,,,0,,,,,,,,,,,,,,
c1f06e17-d037-41e1-8793-2025fccddb9f,3012,2,00:28:18.211000,73,18,127,0.23829,3857266,16,Shot,776,Denmark,2,From Corner,776,Denmark,,3043.0,Christian Dannemann Eriksen,11.0,Left Defensive Midfield,,,,,,,98.3,44.5,38.0,Left Foot,87.0,Open Play,93.3,45.1,,,,96.0,Blocked,,,,,,,0.0264413,,93.0,Normal,,,,,,,,,,,,,,,,,,,,,,,0,,,,,,,,,,,,,,
b42cfb53-779d-4542-8e6a-afab11fdebec,3164,2,00:32:38.319000,77,38,133,0.265374,3857266,16,Shot,771,France,2,From Corner,771,France,,10481.0,Aurélien Djani Tchouaméni,9.0,Right Defensive Midfield,,,,,,,115.2,37.8,37.0,Head,87.0,Open Play,113.7,37.7,,,,96.0,Blocked,,,,,,,0.22405402,c57eb671-b59b-46c3-9052-01a5ef6a75e6,90.0,Diving Header,,,,,,,,,,,,,,,,,,,,,,,0,,,,,,,,,,,,,,
069f499e-de36-43f0-bb91-0b0e19bccdd0,3180,2,00:33:21.216000,78,21,134,1.080923,3857266,16,Shot,771,France,2,From Corner,771,France,,4445.0,Jules Koundé,2.0,Right Back,,,,,,,120.0,46.6,37.0,Head,87.0,Open Play,110.7,40.7,1.0,,,98.0,Off T,True,,,,,,0.106879756,b378003e-33e1-4471-8562-1b81f7085f46,93.0,Normal,,,,,,0.9,,,,,,,,,,,,,,,,,0,,,,,,,,,,,,,,
e5f4a1df-48f8-403f-84cf-2310bb7efb92,3193,2,00:34:03.050000,79,3,135,0.519911,3857266,16,Shot,771,France,2,From Corner,771,France,,3026.0,Adrien Rabiot,11.0,Left Defensive Midfield,,,,,,,120.0,43.6,38.0,Left Foot,87.0,Open Play,112.7,47.3,,,,98.0,Off T,,,,,,,0.080693014,b2741618-54ed-4108-a1a3-3b063b327809,94.0,Overhead Kick,True,,,,,4.7,,,,,,,,,,,,,,,,,0,,,,,,,,,,,,,,
9e5a1e2d-6c0e-4e11-b710-ccfd5ac90ee9,3233,2,00:35:16.539000,80,16,137,0.618144,3857266,16,Shot,776,Denmark,4,From Throw In,776,Denmark,,4447.0,Martin Braithwaite Christensen,23.0,Center Forward,,,,,,,120.0,44.0,40.0,Right Foot,87.0,Open Play,110.0,45.1,,,,99.0,Post,,1.0,,,,,0.23786028,5c3ff060-3f6a-406d-9d99-0c95fd67084e,93.0,Normal,True,,,,,1.3,,,,,,,,,,,,,,,,,0,,,,,,,,,,,,,,
ce5338ea-62b2-4bab-83a9-dbb958eea1e9,3318,2,00:38:58.273000,83,58,143,0.916312,3857266,16,Shot,776,Denmark,1,Regular Play,776,Denmark,,3570.0,Pierre-Emile Højbjerg,9.0,Right Defensive Midfield,,,,,,,120.0,32.6,40.0,Right Foot,87.0,Open Play,87.2,48.7,,,,98.0,Off T,,,,,,,0.015153575,a3e1560d-7c6a-4fb2-92a5-52c3399a9d57,93.0,Normal,True,,,,,0.2,,,,,,,,,,,,,,,,,0,,,,,,,,,,,,,,
e5bd1434-dbe8-4da2-b05f-509364c40015,3353,2,00:40:09.953000,85,9,144,0.539016,3857266,16,Shot,771,France,7,From Goal Kick,771,France,,3009.0,Kylian Mbappé Lottin,21.0,Left Wing,,,,,,,120.0,37.3,70.0,Other,87.0,Open Play,117.8,36.5,,,,97.0,Goal,,,,,,,0.38353118,c8fd3ac8-af75-427a-b557-d61343a2001d,93.0,Normal,True,,,,,1.3,,,,,,,,,,,,,,,,,1,,,,,,,,,,,,,,
486ab284-2136-435a-9308-0edc96b90a5a,3456,2,00:43:18.778000,88,18,146,0.105904,3857266,16,Shot,776,Denmark,4,From Throw In,776,Denmark,,8247.0,Joachim Andersen,3.0,Right Center Back,,,,,,,95.7,52.6,38.0,Left Foot,87.0,Open Play,94.3,53.4,,,,96.0,Blocked,,,,,,,0.014218964,529abd5d-33a8-4df1-8002-550cd49806c8,93.0,Normal,,,,,,,,,,,,,,,,,,,,,,,0,,,,,,,,,,,,,,
d5249a01-7b86-4dad-ab4f-a1aa32e1ec51,3557,2,00:45:18.677000,90,18,147,0.955955,3857266,16,Shot,771,France,1,Regular Play,771,France,,3009.0,Kylian Mbappé Lottin,21.0,Left Wing,,,,,,,117.7,37.1,40.0,Right Foot,87.0,Open Play,99.4,25.5,,,,100.0,Saved,,,,,,,0.033781487,98fced59-86f7-4c40-b58e-b35c07f362ae,91.0,Half Volley,True,,,,,0.6,,,,,,,,,,,,,,,,,0,,,,,,,,,,,,,,
135fdd9b-deaf-4c0d-9b95-3df1b9103754,3850,2,00:51:37.433000,96,37,160,0.946603,3857266,16,Shot,776,Denmark,4,From Throw In,776,Denmark,,16554.0,Joakim Mæhle,8.0,Left Wing Back,,,,,,,120.0,40.2,40.0,Right Foot,87.0,Open Play,87.5,42.4,,,,98.0,Off T,,,,,,,0.013632962,,91.0,Half Volley,True,,,,,5.4,,,,,,,,,,,,,,,,,0,,,,,,,,,,,,,,
7e46f061-099c-4501-8efe-703ce4de40ee,578,1,00:13:18.594000,13,18,27,0.066763,3857284,16,Shot,770,Germany,4,From Throw In,770,Germany,,5579.0,Joshua Kimmich,9.0,Right Defensive Midfield,,,,,,,95.6,31.8,40.0,Right Foot,87.0,Open Play,93.0,31.2,,,,96.0,Blocked,,,,,,,0.022911863,410de665-df5f-451d-87b2-587ef1486ea4,93.0,Normal,,,,,,,,,,,,,,,,,,,,,,,0,,,,,,,,,,,,,,
69b20fdd-7d36-4c05-a6e8-5971274c6428,662,1,00:15:59.348000,15,59,29,0.839311,3857284,16,Shot,770,Germany,2,From Corner,770,Germany,,3167.0,Antonio Rüdiger,3.0,Right Center Back,,,,,,,120.0,44.9,37.0,Head,87.0,Open Play,110.5,50.6,1.0,,,98.0,Off T,True,,,,,,0.026021937,69d2199a-086c-4106-884a-2db0617892dc,93.0,Normal,,,,,,0.9,,,,,,,,,,,,,,,,,0,,,,,,,,,,,,,,
56cf94b2-8ef0-4d98-a051-353ba06a7ecc,827,1,00:19:49.837000,19,49,36,0.592131,3857284,16,Shot,770,Germany,1,Regular Play,770,Germany,,5579.0,Joshua Kimmich,9.0,Right Defensive Midfield,,,,,,,116.1,37.9,40.0,Right Foot,87.0,Open Play,96.9,39.6,1.0,,,100.0,Saved,,,,,,,0.05193508,,93.0,Normal,True,,,,,1.9,,,,,,,,,,,,,,,,,0,,,,,,,,,,,,,,
df4d0871-fea4-4a0c-a5b1-5c074c2a96b7,1030,1,00:25:53.943000,25,53,45,0.159651,3857284,16,Shot,770,Germany,4,From Throw In,770,Germany,,10287.0,İlkay Gündoğan,11.0,Left Defensive Midfield,,,,,,,102.6,31.4,40.0,Right Foot,87.0,Open Play,99.7,29.6,,,,96.0,Blocked,,,,,,,0.042519,c2dfdee4-2b61-4aa2-86d2-cf39df9451e8,93.0,Normal,,,,,,,,,,,,,,,,,,,,,,,0,,,,,,,,,,,,,,
127912cf-2ecc-43fa-a2f7-5ab3199f5c4d,1118,1,00:27:31.094000,27,31,46,0.905755,3857284,16,Shot,770,Germany,4,From Throw In,770,Germany,,10287.0,İlkay Gündoğan,11.0,Left Defensive Midfield,,,,,,,118.6,40.9,40.0,Right Foot,87.0,Open Play,94.4,42.8,,,,100.0,Saved,,,,,,,0.041637745,e8e8ddb6-6ee5-49c2-b212-91a3be176a5d,93.0,Normal,True,,,,,0.5,,,,,,,,,,,,,,,,,0,,,,,,,,,,,,,,
dbb421a4-892d-4186-90de-0c9e26cd8367,1159,1,00:28:39.674000,28,39,49,0.261551,3857284,16,Shot,770,Germany,4,From Throw In,770,Germany,,10287.0,İlkay Gündoğan,11.0,Left Defensive Midfield,,,,,,,113.3,37.8,40.0,Right Foot,87.0,Open Play,105.3,36.8,,,,96.0,Blocked,,,,,,,0.12241382,,93.0,Normal,True,,,,,,,,,,,,,,,,,,,,,,0,,,,,,,,,,,,,,
dfd8ea23-e92c-4b57-bfd0-1617a8253887,1442,1,00:37:32.237000,37,32,65,0.068945,3857284,16,Shot,770,Germany,1,Regular Play,770,Germany,,8400.0,Serge Gnabry,17.0,Right Wing,,,,,,,95.5,47.8,38.0,Left Foot,87.0,Open Play,93.1,48.2,,,,96.0,Blocked,,,,,,,0.028658802,ca9c5183-6599-4561-9e3d-8ea8fb8bcbb0,93.0,Normal,,,,,,,,,,,,,,,,,,,,,,,0,,,,,,,,,,,,,,
3c0f49a1-5848-46dc-b220-8905aa359fdc,1461,1,00:37:47.877000,37,47,65,0.059939,3857284,16,Shot,770,Germany,1,Regular Play,770,Germany,,39565.0,Jamal Musiala,21.0,Left Wing,,,,,,,109.3,29.3,40.0,Right Foot,87.0,Open Play,108.5,28.3,,,,96.0,Blocked,,,,,,,0.03933018,6833209a-982c-4480-a816-12c4a13eb08b,93.0,Normal,,,,,,,,,,,,,,,,,,,,,,,0,,,,,,,,,,,,,,
d96f5947-c4e7-4d0f-95d7-cb4c0dfa6dfe,1600,1,00:40:37.998000,40,37,67,0.035834,3857284,16,Shot,770,Germany,3,From Free Kick,770,Germany,,10287.0,İlkay Gündoğan,11.0,Left Defensive Midfield,,,,,,,118.3,36.9,40.0,Right Foot,87.0,Open Play,93.3,39.0,,,,100.0,Saved,,,,,,,0.031919174,53ecd528-d94f-4db8-b559-2b0d95d77abe,93.0,Normal,,,,,,0.5,,,,,,,,,,,,,,,,,0,True,,,,,,,,,,,,,
35865f9d-91db-4a46-87bf-b3be4d11c86d,1626,1,00:41:05.150000,41,5,70,0.861988,3857284,16,Shot,770,Germany,1,Regular Play,770,Germany,,5579.0,Joshua Kimmich,9.0,Right Defensive Midfield,,,,,,,120.0,39.8,40.0,Right Foot,87.0,Open Play,97.0,42.2,,,,98.0,Off T,,,,,,,0.05113006,9ee9b929-9c50-49e0-a93c-d91c151392e8,93.0,Normal,True,,,,,6.5,,,,,,,,,,,,,,,,,0,,,,,,,,,,,,,,
a54fab01-3f2e-4d5a-961f-16f3e8616662,1778,1,00:44:29.158000,44,29,76,0.682786,3857284,16,Shot,770,Germany,4,From Throw In,770,Germany,,39565.0,Jamal Musiala,21.0,Left Wing,,,,,,,120.0,38.4,40.0,Right Foot,87.0,Open Play,101.9,45.1,,,,98.0,Off T,,,,,,,0.06614002,a25d25ed-40c1-4edd-8f8c-19e443d2f4a4,93.0,Normal,,,,,,5.6,,,,,,,,,,,,,,,,,0,,,,,,,,,,,,,,
b5d15296-4743-46da-b0b2-690196350004,1946,1,00:48:33.438000,48,33,81,0.81815,3857284,16,Shot,770,Germany,4,From Throw In,770,Germany,,5579.0,Joshua Kimmich,9.0,Right Defensive Midfield,,,,,,,118.8,37.9,38.0,Left Foot,87.0,Open Play,100.3,40.5,,,,100.0,Saved,,,,,,,0.047906045,,91.0,Half Volley,True,,,,,0.2,,,,,,,,,,,,,,,,,0,,,,,,,,,,,,,,
547ca4c3-bd06-4274-a82b-98622617e165,1949,1,00:48:35.708000,48,35,81,0.421807,3857284,16,Shot,770,Germany,4,From Throw In,770,Germany,,8400.0,Serge Gnabry,17.0,Right Wing,,,,,,,117.7,42.8,38.0,Left Foot,87.0,Open Play,114.3,29.9,,,,101.0,Wayward,,,,,,,0.21508263,,93.0,Normal,True,,,,,,,,,,,,,,,,,,,,,,0,,,,,,,,,,,,,,
af3d2269-1129-429d-8148-0d590c3da45a,1967,1,00:50:28.974000,50,28,82,1.095538,3857284,16,Shot,778,Japan,3,From Free Kick,778,Japan,,30628.0,Daizen Maeda,23.0,Center Forward,,,,,,,120.0,46.8,37.0,Head,87.0,Open Play,111.0,34.3,,,,98.0,Off T,,,,,,,0.07710243,57691d3a-ab95-4914-9719-194688935b16,93.0,Normal,,,,,,1.0,,,,,,,,,,,,,,,,,0,,,,,,,,,,,,,,
b8c140cf-6136-4dfb-821c-97c7ce3d28ec,2049,2,00:01:34.980000,46,34,86,0.521731,3857284,16,Shot,770,Germany,3,From Free Kick,770,Germany,,8400.0,Serge Gnabry,17.0,Right Wing,,,,,,,120.0,44.2,40.0,Right Foot,87.0,Open Play,108.3,57.9,,,,99.0,Post,,1.0,,,,,0.013327111,da4b73e8-4014-4d84-8cf7-0e3d825c6607,93.0,Normal,,,,,,3.0,,,,,,,,,,,,,,,,,0,,,,,,,,,,,,,,
be213c96-cdf9-4a6a-a1c5-4e8c33966c0b,2196,2,00:04:41.180000,49,41,93,0.034676,3857284,16,Shot,778,Japan,1,Regular Play,778,Japan,,9411.0,Daichi Kamada,21.0,Left Wing,,,,,,,105.1,46.8,40.0,Right Foot,87.0,Open Play,103.3,47.4,,,,96.0,Blocked,,,,,,,0.06444196,c4571c8c-8208-4bb2-a5a6-42efe5879414,93.0,Normal,True,,,,,,,,,,,,,,,,,,,,,,0,,,,,,,,,,,,,,
69769c3b-5da5-4858-819d-cacaa9b54faf,2231,2,00:05:46.102000,50,46,95,0.541457,3857284,16,Shot,770,Germany,1,Regular Play,770,Germany,,39565.0,Jamal Musiala,21.0,Left Wing,,,,,,,120.0,39.9,40.0,Right Foot,87.0,Open Play,107.2,41.0,,,,98.0,Off T,,,,,,,0.15860753,3fffe3a8-7c8c-4344-b472-26534ed6a532,93.0,Normal,,,,,,5.0,,,,,,,,,,,,,,,,,0,,,,,,,,,,,,,,
9a276feb-2c82-4d61-97cd-114c0bb962df,2416,2,00:12:06.540000,57,6,108,0.473391,3857284,16,Shot,778,Japan,1,Regular Play,778,Japan,,8949.0,Takuma Asano,23.0,Center Forward,,,,,,,120.0,50.0,37.0,Head,87.0,Open Play,114.7,49.4,1.0,,,98.0,Off T,True,,,,,,0.06737846,02898400-5fdf-432a-8b87-e22dfb689f5c,93.0,Normal,,,,,,2.8,,,,,,,,,,,,,,,,,0,,,,,,,,,,,,,,
d29e7223-7bc6-41bc-bb90-a67d9b8758bb,2516,2,00:14:14.020000,59,14,110,0.714763,3857284,16,Shot,770,Germany,3,From Free Kick,770,Germany,,10287.0,İlkay Gündoğan,11.0,Left Defensive Midfield,,,,,,,120.0,44.2,40.0,Right Foot,87.0,Open Play,103.0,40.0,,,,99.0,Post,,1.0,,,,,0.10696415,2848b446-a9cb-4326-aa27-6bb49974c796,93.0,Normal,,,,,,0.2,,,,,,,,,,,,,,,,,0,,,,,,,,,,,,,,
0aded50a-5e7b-4b88-9a61-af5971674b2f,2563,2,00:15:18.159000,60,18,113,1.753445,3857284,16,Shot,778,Japan,1,Regular Play,778,Japan,,8949.0,Takuma Asano,23.0,Center Forward,,,,,,,120.0,49.9,38.0,Left Foot,87.0,Open Play,106.4,25.8,,,,98.0,Off T,,,,,,,0.06586899,c5440384-5ce3-4e74-bc53-ffd05e3b80aa,93.0,Normal,,,,,,4.5,,,,,,,,,,,,,,,,,0,,,,,,,,,,,,,,
7cec90dd-6f0f-48db-8475-02056b3807d6,2770,2,00:20:30.136000,65,30,124,0.09922,3857284,16,Shot,778,Japan,4,From Throw In,778,Japan,,8949.0,Takuma Asano,23.0,Center Forward,,,,,,,107.7,27.5,38.0,Left Foot,87.0,Open Play,106.9,26.5,,,,96.0,Blocked,,,,,,,0.029970925,173f5595-aca6-4549-8c53-330bdf6de6e3,93.0,Normal,,,,,,,,,,,,,,,,,,,,,,,0,,,,,,,,,,,,,,
5c54df63-0251-46f6-9130-998568670772,2775,2,00:21:02.621000,66,2,125,0.546156,3857284,16,Shot,778,Japan,2,From Corner,778,Japan,,29595.0,Ko Itakura,3.0,Right Center Back,,,,,,,116.3,42.9,37.0,Head,87.0,Open Play,112.6,51.3,,,,96.0,Blocked,,,,,,,0.034016185,1d72bdc6-a4e2-4fed-83c6-f23ae142a5eb,93.0,Normal,,,,,,,,,,,,,,,,,,,,,,,0,,,,,,,,,,,,,,
2abe26e9-c948-497e-9fef-82f13a7f4c18,2825,2,00:22:51.279000,67,51,126,0.090769,3857284,16,Shot,778,Japan,4,From Throw In,778,Japan,,8949.0,Takuma Asano,23.0,Center Forward,,,,,,,113.1,50.1,40.0,Right Foot,87.0,Open Play,112.5,51.1,1.0,,,96.0,Blocked,,,,,,,0.0360808,0d382a03-12bb-4a29-9cd2-d97166596266,93.0,Normal,,,,,,,,,,,,,,,,,,,,,,,0,,,,,,,,,,,,,,
522174e3-990f-4878-849d-24499f66c499,2922,2,00:24:46.474000,69,46,130,0.216143,3857284,16,Shot,770,Germany,1,Regular Play,770,Germany,,8804.0,Jonas Hofmann,17.0,Right Wing,,,,,,,114.4,45.4,40.0,Right Foot,87.0,Open Play,111.1,48.5,,,,100.0,Saved,,,,,,,0.32657883,fe7fa27c-293e-4b47-bd9d-a0a9409ad40c,91.0,Half Volley,True,,,,,0.3,,,,,,,,,,,,,,,,,0,,,,,,,,,,,,,,
deecac76-83d8-4183-bc1a-f3a1f8754f98,2933,2,00:24:51.856000,69,51,130,0.822517,3857284,16,Shot,770,Germany,1,Regular Play,770,Germany,,8400.0,Serge Gnabry,21.0,Left Wing,,,,,,,118.3,41.7,38.0,Left Foot,87.0,Open Play,103.3,57.9,,,,100.0,Saved,,,,,,,0.02483029,40c6e464-5dcb-4749-86ec-50310cd02182,93.0,Normal,,,,,,0.9,,,,,,,,,,,,,,,,,0,,,,,,,,,,,,,,
f9a875b9-469c-4fd6-aa1d-5daf58f2fb5d,2942,2,00:25:02.812000,70,2,130,0.544359,3857284,16,Shot,770,Germany,1,Regular Play,770,Germany,,8400.0,Serge Gnabry,21.0,Left Wing,,,,,,,119.6,43.0,37.0,Head,87.0,Open Play,112.2,43.5,,,,100.0,Saved,,,,,,,0.11167552,3a33b851-ff02-44a3-ac09-8f3336f11e8b,93.0,Normal,,,,,,0.9,,,,,,,,,,,,,,,,,0,,,,,,,,,,,,,,
60937c94-36e7-4cc1-9041-1be1cc64f688,2945,2,00:25:04.702000,70,4,130,0.223579,3857284,16,Shot,770,Germany,1,Regular Play,770,Germany,,8400.0,Serge Gnabry,21.0,Left Wing,,,,,,,119.0,45.5,40.0,Right Foot,87.0,Open Play,117.7,49.5,,,,100.0,Saved,,,,,,,0.0550312,,93.0,Normal,True,,,,,0.2,,,,,,,,,,,,,,,,,0,,,,,,,,,,,,,,
e8de340d-68cc-4d20-b80e-48a15c1757f6,3034,2,00:27:39.505000,72,39,134,0.066621,3857284,16,Shot,778,Japan,3,From Free Kick,778,Japan,,23527.0,Junya Ito,17.0,Right Wing,,,,,,,118.9,39.6,40.0,Right Foot,87.0,Open Play,109.2,36.3,,,,100.0,Saved,,,,,,,0.06845111,cdc115f6-1e7f-4203-8f0a-209aecebc117,91.0,Half Volley,,,,,,1.2,,,,,,,,,,,,,,,,,0,True,,,,,,,,,,,,,
82a8b614-d3d3-43d6-afac-73df86ffda65,3038,2,00:27:40.942000,72,40,134,0.570916,3857284,16,Shot,778,Japan,3,From Free Kick,778,Japan,,3530.0,Hiroki Sakai,7.0,Right Wing Back,,,,,,,120.0,44.9,40.0,Right Foot,87.0,Open Play,113.4,46.3,,,,98.0,Off T,,,,,,,0.28772855,,91.0,Half Volley,True,,,,,5.4,,,,,,,,,,,,,,,,,0,,,,,,,,,,,,,,
2bf95ac5-c51d-4fb6-824b-6929b46425cb,3116,2,00:29:45.029000,74,45,137,0.540449,3857284,16,Shot,778,Japan,4,From Throw In,778,Japan,,8776.0,Takumi Minamino,21.0,Left Wing,,,,,,,118.1,36.4,38.0,Left Foot,87.0,Open Play,112.8,24.4,,,,100.0,Saved,,,,,,,0.013784891,,93.0,Normal,True,,,,,0.2,,,,,,,,,,,,,,,,,0,,,,,,,,,,,,,,
d1212057-3deb-4def-adea-6624f38f7950,3119,2,00:29:46.313000,74,46,137,0.474796,3857284,16,Shot,778,Japan,4,From Throw In,778,Japan,,8361.0,Ritsu Doan,17.0,Right Wing,,,,,,,120.0,38.8,38.0,Left Foot,87.0,Open Play,112.1,41.5,,,,97.0,Goal,,,,,,,0.4777511,,93.0,Normal,True,,,,,1.3,,,,,,,,,,,,,,,,,1,,,,,,,,,,,,,,
80aaab43-e46c-4cfd-8bbc-199d515db921,3270,2,00:34:46.552000,79,46,141,0.880874,3857284,16,Shot,770,Germany,2,From Corner,770,Germany,,3167.0,Antonio Rüdiger,3.0,Right Center Back,,,,,,,120.0,42.6,37.0,Head,87.0,Open Play,115.5,39.4,1.0,,,98.0,Off T,True,,,,,,0.18550046,770b7019-2017-4d80-a99f-55a0edcd7735,93.0,Normal,,,,,,5.3,,,,,,,,,,,,,,,,,0,,,,,,,,,,,,,,
d71bc1d5-1501-4fe6-9ae8-a490371ee93e,3343,2,00:37:42.506000,82,42,147,0.528993,3857284,16,Shot,778,Japan,3,From Free Kick,778,Japan,,8949.0,Takuma Asano,23.0,Center Forward,,,,,,,120.0,42.2,40.0,Right Foot,87.0,Open Play,117.7,50.2,,,,97.0,Goal,,,,,,,0.02668418,8da1513b-3f22-4822-9152-2b4b3abf16ac,93.0,Normal,,,,,,2.3,,,,,,,,,True,,,,,,,,1,,,,,,,,,,,,,,
7fc648cb-979b-45be-bd04-d6e9e969acd1,3479,2,00:44:16.162000,89,16,158,1.007976,3857284,16,Shot,770,Germany,4,From Throw In,770,Germany,,8546.0,Niclas Füllkrug,24.0,Left Center Forward,,,,,,,120.0,46.2,37.0,Head,87.0,Open Play,106.9,41.0,1.0,,,98.0,Off T,True,,,,,,0.031593546,6d222985-deda-46cb-9ffe-25ed2e7a3a40,93.0,Normal,,,,,,0.8,,,,,,,,,,,,,,,,,0,,,,,,,,,,,,,,
aa3266e6-5314-4577-971f-56c76b7d4f28,3637,2,00:48:50.477000,93,50,165,1.313128,3857284,16,Shot,770,Germany,4,From Throw In,770,Germany,,3167.0,Antonio Rüdiger,3.0,Right Center Back,,,,,,,120.0,29.9,40.0,Right Foot,87.0,Open Play,86.2,37.2,,,,98.0,Off T,,,,,,,0.017847534,4b64cbae-5364-43f0-aa8a-490ba2197669,93.0,Normal,,,,,,0.5,,,,,,,,,,,,,,,,,0,,,,,,,,,,,,,,
fa3b646a-a38f-456c-ae47-678e3be6d54b,3652,2,00:49:42.890000,94,42,167,0.796787,3857284,16,Shot,770,Germany,3,From Free Kick,770,Germany,,6324.0,Leon Goretzka,11.0,Left Defensive Midfield,,,,,,,120.0,34.4,40.0,Right Foot,87.0,Open Play,100.3,40.9,,,,98.0,Off T,,,,,,,0.088851534,161e0a96-a662-4e4a-8d18-58addf4e3875,91.0,Half Volley,True,,,,,0.5,,,,,,,,,,,,,,,,,0,,,,,,,,,,,,,,
86f3e7d6-98d3-4e9e-ae01-55ee35dd93bf,3702,2,00:52:16.977000,97,16,172,0.069238,3857284,16,Shot,770,Germany,3,From Free Kick,770,Germany,,6322.0,Niklas Süle,2.0,Right Back,,,,,,,117.3,33.4,40.0,Right Foot,87.0,Open Play,116.5,31.6,,,,96.0,Blocked,,,,,,,0.07610536,,95.0,Volley,,,,,,,,,,,,,,,,,,,,,,,0,,,,,,,,,,,,,,
14374288-0565-4f12-b39e-318100137d0a,72,1,00:02:02.403000,2,2,5,0.338598,3857254,16,Shot,777,Tunisia,7,From Goal Kick,777,Tunisia,,23910.0,Youssef Msakni,21.0,Left Wing,,,,,,,101.1,47.5,40.0,Right Foot,87.0,Open Play,92.6,52.0,,,,96.0,Blocked,,,,,,,0.023819994,2723ae5e-8801-436d-8c48-4e896ef63489,93.0,Normal,,,,,,,,,,,,,,,,,,,,,,,0,,,,,,,,,,,,,,
89cbea71-b5ef-4c16-9bd3-39b511619958,183,1,00:04:10.669000,4,10,13,0.105592,3857254,16,Shot,777,Tunisia,1,Regular Play,777,Tunisia,,16352.0,Issam Jebali,23.0,Center Forward,,,,,,,114.6,53.3,38.0,Left Foot,87.0,Open Play,114.0,54.8,,,,96.0,Blocked,,,,,,,0.014059674,,93.0,Normal,,,,,,,,,,,,,,,,,,,,,,,0,,,,,,,,,,,,,,
700d58f9-8032-4543-9a9d-b134c6996608,506,1,00:10:46.693000,10,46,23,0.136106,3857254,16,Shot,777,Tunisia,4,From Throw In,777,Tunisia,,9236.0,Mohamed Dräger,7.0,Right Wing Back,,,,,,,98.1,43.9,40.0,Right Foot,87.0,Open Play,93.4,44.5,,,,96.0,Blocked,,,,,,,0.033114884,134144c1-38b8-4fe4-ad90-21ea23f115d3,93.0,Normal,,,,,,,,,,,,,,,,,,,,,,,0,,,,,,,,,,,,,,
63422fb4-45a3-4f30-8340-53d468a8b8cb,511,1,00:11:47.883000,11,47,24,0.970357,3857254,16,Shot,777,Tunisia,2,From Corner,777,Tunisia,,23910.0,Youssef Msakni,21.0,Left Wing,,,,,,,120.0,43.4,37.0,Head,87.0,Open Play,114.7,29.6,,,,98.0,Off T,,,,,,,0.04366076,cf306b75-1e23-40f4-a54e-369dc2ca5480,93.0,Normal,,,,,,3.8,,,,,,,,,,,,,,,,,0,,,,,,,,,,,,,,
490287f7-4b99-49f8-ac89-16766ac7a05b,849,1,00:22:05.642000,22,5,43,0.013816,3857254,16,Shot,776,Denmark,2,From Corner,776,Denmark,,6302.0,Kasper Dolberg,24.0,Left Center Forward,,,,,,,116.0,33.8,40.0,Right Foot,87.0,Open Play,115.3,32.5,,,,96.0,Blocked,,,,,,,0.124032564,b0d736a6-afb5-433d-a748-04e26ccb96ab,95.0,Volley,True,,,,,,,,,,,,,,,,,,,,,,0,,,,,,,,,,,,,,
4e6ade78-7d2d-4628-95b5-d380667d7426,856,1,00:22:09.082000,22,9,43,0.956656,3857254,16,Shot,776,Denmark,2,From Corner,776,Denmark,,8247.0,Joachim Andersen,3.0,Right Center Back,,,,,,,119.3,36.5,38.0,Left Foot,87.0,Open Play,99.7,30.3,,,,100.0,Saved,,,,,,,0.02765422,,91.0,Half Volley,True,,,,,2.0,,,,,,,,,,,,,,,,,0,,,,,,,,,,,,,,
0562fc11-c951-4599-9d1f-36763b0b87e3,1301,1,00:32:58.213000,32,58,66,1.098524,3857254,16,Shot,776,Denmark,2,From Corner,776,Denmark,,3570.0,Pierre-Emile Højbjerg,13.0,Right Center Midfield,,,,,,,117.8,38.9,40.0,Right Foot,87.0,Open Play,95.4,19.0,,,,100.0,Saved,,,,,,,0.008709067,7cb21769-cc20-4742-8d74-0ab076718ab9,93.0,Normal,,,,,,1.0,,,,,,,,,,,,,,,,,0,,,,,,,,,,,,,,
f6da2249-bc9a-42eb-9c4e-7bf2c8288a4e,1541,1,00:38:12.763000,38,12,78,0.308007,3857254,16,Shot,777,Tunisia,2,From Corner,777,Tunisia,,5651.0,Yassine Meriah,4.0,Center Back,,,,,,,112.2,48.5,40.0,Right Foot,87.0,Open Play,111.4,49.3,,,,96.0,Blocked,,,,,,,0.046073906,5124ed2b-b7e5-4e48-9535-a3571d84cd9c,91.0,Half Volley,True,,,,,,,,,,,,,,,,,,,,,,0,,,,,,,,,,,,,,
0beabfd1-d0cf-4392-a39b-6890fa0faffe,1546,1,00:38:14.364000,38,14,78,0.457712,3857254,16,Shot,777,Tunisia,2,From Corner,777,Tunisia,,44955.0,Aïssa Bilal Laïdouni,11.0,Left Defensive Midfield,,,,,,,120.0,44.7,40.0,Right Foot,87.0,Open Play,115.0,52.2,,,,98.0,Off T,,,,,,,0.06712157,,93.0,Normal,True,,,,,3.9,,,,,,,,,,,,,,,,,0,,,,,,,,,,,,,,
403eb53c-527a-462c-8081-5b111b758ae1,1672,1,00:42:00.179000,42,0,86,0.240168,3857254,16,Shot,777,Tunisia,4,From Throw In,777,Tunisia,,16352.0,Issam Jebali,23.0,Center Forward,,,,,,,114.6,43.4,40.0,Right Foot,87.0,Open Play,112.0,44.9,,,,100.0,Saved,,,,,,,0.4656446,979888c5-d501-4e22-ae54-e13710e08849,92.0,Lob,,,,,,0.9,,,,,,,,,True,,,,,,,,0,,,,,,,,,,,,,,
51035ef1-1abd-447e-96fd-a16a6e0ed310,1677,1,00:42:47.579000,42,47,87,1.034336,3857254,16,Shot,777,Tunisia,2,From Corner,777,Tunisia,,3767.0,Ellyes Joris Skhiri,9.0,Right Defensive Midfield,,,,,,,120.0,39.9,38.0,Left Foot,87.0,Open Play,99.8,40.9,,,,98.0,Off T,,,,,,,0.059586592,,91.0,Half Volley,True,,,,,4.0,,,,,,,,,,,,,,,,,0,,,,,,,,,,,,,,
e4138641-20ea-47fb-8f63-4faea5b02279,1845,2,00:00:11.968000,45,11,100,0.033796,3857254,16,Shot,777,Tunisia,9,From Kick Off,777,Tunisia,,16352.0,Issam Jebali,23.0,Center Forward,,,,,,,112.6,44.6,37.0,Head,87.0,Open Play,112.1,47.5,1.0,,,101.0,Wayward,True,,,,,,0.11338296,a23b7e8a-b47a-44c2-864e-3887ec2999f6,93.0,Normal,,,,,,,,,,,,,,,,,,,,,,,0,,,,,,,,,,,,,,
723752d4-baaa-4b14-a6df-489de027e012,1850,2,00:00:45.998000,45,45,101,0.582704,3857254,16,Shot,777,Tunisia,2,From Corner,777,Tunisia,,23910.0,Youssef Msakni,21.0,Left Wing,,,,,,,120.0,45.8,40.0,Right Foot,87.0,Open Play,114.7,48.7,,,,98.0,Off T,,,,,,,0.07208876,fa00d568-9c7b-4cca-a48e-b8b9ea2bb95a,95.0,Volley,True,,,,,0.2,,,,,,,,,,,,,,,,,0,,,,,,,,,,,,,,
af44367b-ffb2-4595-bc0e-975f6abe7ca6,2098,2,00:05:57.958000,50,57,108,0.32378,3857254,16,Shot,777,Tunisia,2,From Corner,777,Tunisia,,9236.0,Mohamed Dräger,7.0,Right Wing Back,,,,,,,100.0,46.8,40.0,Right Foot,87.0,Open Play,92.2,49.3,,,,96.0,Blocked,,,,,,,0.020917216,e5b05f06-e7ae-404d-8aab-bd210ab5098c,93.0,Normal,,,,,,,,,,,,,,,,,,,,,,,0,,,,,,,,,,,,,,
ad0527aa-0ede-426c-a223-f964639252b0,2109,2,00:07:01.215000,52,1,110,0.428801,3857254,16,Shot,777,Tunisia,2,From Corner,777,Tunisia,,3767.0,Ellyes Joris Skhiri,9.0,Right Defensive Midfield,,,,,,,111.3,39.7,40.0,Right Foot,87.0,Open Play,99.5,39.6,,,,96.0,Blocked,,,,,,,0.041405495,,95.0,Volley,True,,,,,,,,,,,,,,,,,,,,,,0,,,,,,,,,,,,,,
e945634d-51d8-433d-b194-ce23b5710fb8,2114,2,00:07:02.918000,52,2,110,0.05422,3857254,16,Shot,777,Tunisia,2,From Corner,777,Tunisia,,5655.0,Dylan Daniel Mahmoud Bronn,3.0,Right Center Back,,,,,,,106.3,37.0,40.0,Right Foot,87.0,Open Play,103.9,36.4,,,,96.0,Blocked,,,,,,,0.059058707,,91.0,Half Volley,,,,,,,,,,,,,,,,,,,,,,,0,,,,,,,,,,,,,,
e6f8342c-9ba8-44bd-aa16-3d7f4c74838e,2290,2,00:11:32.965000,56,32,114,1.075971,3857254,16,Shot,776,Denmark,4,From Throw In,776,Denmark,,6302.0,Kasper Dolberg,23.0,Center Forward,,,,,,,117.7,52.6,37.0,Head,87.0,Open Play,117.0,35.0,,,,101.0,Wayward,,,,,,,0.25651878,a636a302-91c3-4dcf-8b6b-68b260eb9b0a,93.0,Normal,,,,,,,,,,,,,,,,,,,,,,,0,,,,,,,,,,,,,,
7ce22041-277e-47f1-8a76-cdd4afc35782,2838,2,00:23:26.946000,68,26,136,0.451749,3857254,16,Shot,776,Denmark,8,From Keeper,776,Denmark,,3043.0,Christian Dannemann Eriksen,19.0,Center Attacking Midfield,,,,,,,116.0,41.2,38.0,Left Foot,87.0,Open Play,99.2,36.8,,,,100.0,Saved,,,,,,,0.08509644,6f911c47-e648-4504-b78f-eb6010aa9849,93.0,Normal,,,,,,1.6,,,,,,,,,,,,,,,,,0,,,,,,,,,,,,,,
641eb264-6cf2-4608-a8b8-5c2405194994,2843,2,00:24:15.370000,69,15,137,0.721076,3857254,16,Shot,776,Denmark,2,From Corner,776,Denmark,,3959.0,Andreas Christensen,5.0,Left Center Back,,,,,,,119.2,43.8,37.0,Head,87.0,Open Play,117.4,37.0,1.0,,,101.0,Wayward,True,,,,,,0.27134958,b3de20a5-cd2f-4e46-aef5-0aaeb79b00ab,93.0,Normal,,,,,,,,,,,,,,,,,,,,,,,0,,,,,,,,,,,,,,
890c938b-f449-4b14-952e-44f29a0b505a,2846,2,00:24:16.276000,69,16,137,0.058813,3857254,16,Shot,776,Denmark,2,From Corner,776,Denmark,,5732.0,Andreas Evald Cornelius,23.0,Center Forward,,,,,,,120.0,44.1,37.0,Head,87.0,Open Play,118.2,43.9,,,,99.0,Post,,,,,,,0.5683119,,93.0,Normal,,,,,,1.1,,,,,,,,,,,,,,,,,0,,,,,,,,,,,,,,
2d2cead9-e62c-4e5a-aac7-98d41ca14ded,3077,2,00:30:27.456000,75,27,151,0.995427,3857254,16,Shot,776,Denmark,1,Regular Play,776,Denmark,,18722.0,Mathias Jensen,11.0,Left Defensive Midfield,,,,,,,120.0,33.7,40.0,Right Foot,87.0,Open Play,102.5,24.2,,,,98.0,Off T,,,,,,,0.02872357,e021b196-3e87-422b-8af3-d8875ba454ad,93.0,Normal,,,,,,0.5,,,,,,,,,,,,,,,,,0,,,,,,,,,,,,,,
2c44ca3f-6e81-4f0c-a80c-96b9653da2e1,3570,2,00:46:09.522000,91,9,182,1.23914,3857254,16,Shot,776,Denmark,4,From Throw In,776,Denmark,,5732.0,Andreas Evald Cornelius,23.0,Center Forward,,,,,,,119.2,39.4,37.0,Head,87.0,Open Play,114.4,36.8,1.0,,,100.0,Saved,True,,,,,,0.14539434,62914892-7033-433d-8869-7367f1de955b,93.0,Normal,,,,,,2.1,,,,,,,,,,,,,,,,,0,,,,,,,,,,,,,,
eae27d9b-4c57-427b-8b4c-6e7cd0f1b5cb,3601,2,00:46:41.468000,91,41,185,0.164703,3857254,16,Shot,776,Denmark,1,Regular Play,776,Denmark,,16554.0,Joakim Mæhle,6.0,Left Back,,,,,,,96.4,30.9,40.0,Right Foot,87.0,Open Play,95.0,30.2,,,,96.0,Blocked,,,,,,,0.028684001,daf46e11-faa2-40ee-b362-488b4e23a986,93.0,Normal,,,,,,,,,,,,,,,,,,,,,,,0,,,,,,,,,,,,,,
c58e2f4e-aec8-490c-a773-c32f43fd00ed,3667,2,00:51:18.428000,96,18,191,1.72341,3857254,16,Shot,776,Denmark,2,From Corner,776,Denmark,,5732.0,Andreas Evald Cornelius,23.0,Center Forward,,,,,,,118.8,43.8,37.0,Head,87.0,Open Play,108.8,46.4,1.0,,,100.0,Saved,True,,,,,,0.022084296,a99a1ae7-392d-4884-acd9-f1a450e4f527,93.0,Normal,,,,,,2.4,,,,,,,,,,,,,,,,,0,,,,,,,,,,,,,,
370553dd-9c69-4f13-ab79-351b5f000cc7,233,1,00:06:46.511000,6,46,13,0.404231,3857265,16,Shot,789,Poland,2,From Corner,789,Poland,,5668.0,Robert Lewandowski,23.0,Center Forward,,,,,,,113.6,35.9,37.0,Head,87.0,Open Play,110.6,37.2,1.0,,,96.0,Blocked,True,,,,,,0.056964528,d716e3c3-ac55-400a-a132-98e04f13015f,93.0,Normal,,,,,,,,,,,,,,,,,,,,,,,0,,,,,,,,,,,,,,
86db4c4f-4296-4cd5-89cd-6d79fba726cb,349,1,00:11:44.510000,11,44,23,0.432691,3857265,16,Shot,794,Mexico,2,From Corner,794,Mexico,,5573.0,Héctor Alfredo Moreno Herrera,5.0,Left Center Back,,,,,,,120.0,42.8,37.0,Head,87.0,Open Play,114.5,42.4,1.0,,,98.0,Off T,True,,,,,,0.1766503,3e8184fd-41af-4270-aad3-fe1ab677b0f9,93.0,Normal,,,,,,4.4,,,,,,,,,,,,,,,,,0,,,,,,,,,,,,,,
4086e32f-d0a6-4618-84ff-0dc69c5fc955,901,1,00:25:41.115000,25,41,48,1.410754,3857265,16,Shot,794,Mexico,3,From Free Kick,794,Mexico,,26301.0,Ernesto Alexis Vega Rojas,21.0,Left Wing,,,,,,,120.0,44.6,37.0,Head,87.0,Open Play,113.2,34.6,1.0,,,98.0,Off T,True,,,,,,0.098180205,e80d741b-23d3-4411-943c-6a1aa5dc9e96,93.0,Normal,,,,,,0.5,,,,,,,,,,,,,,,,,0,,,,,,,,,,,,,,
1c5bdf2c-1920-4ed7-9b80-699ca1429b5f,1541,1,00:43:56.018000,43,56,76,0.066807,3857265,16,Shot,794,Mexico,4,From Throw In,794,Mexico,,26301.0,Ernesto Alexis Vega Rojas,21.0,Left Wing,,,,,,,109.9,25.8,38.0,Left Foot,87.0,Open Play,108.5,23.7,,,,96.0,Blocked,,,,,,,0.025630916,,95.0,Volley,True,,,,,,,,,,,,,,,,,,,,,,0,,,,,,,,,,,,,,
90104e5a-ef6b-4e9e-ba6e-79b8bed653e8,1564,1,00:44:18.130000,44,18,76,0.584688,3857265,16,Shot,794,Mexico,4,From Throw In,794,Mexico,,26406.0,Jorge Eduardo Sánchez Ramos,2.0,Right Back,,,,,,,118.9,44.0,40.0,Right Foot,87.0,Open Play,110.1,60.7,,,,100.0,Saved,,,,,,,0.0069717234,7f2b03df-73f0-4107-936b-dc50f224845a,93.0,Normal,True,,,,,2.3,,,,,,,,,,,,,,,,,0,,,,,,,,,,,,,,
571cd857-5cbb-44d2-80ea-a089e1a2480c,1620,1,00:46:01.605000,46,1,79,0.127268,3857265,16,Shot,794,Mexico,1,Regular Play,794,Mexico,,28825.0,Luis Gerardo Chávez Magallón,15.0,Left Center Midfield,,,,,,,92.9,56.4,38.0,Left Foot,87.0,Open Play,92.1,56.9,1.0,,,96.0,Blocked,,,,,,,0.008207667,2dcad9f6-95d7-4b1b-a584-a82a2205900d,93.0,Normal,,,,,,,,,,,,,,,,,,,,,,,0,,,,,,,,,,,,,,
cefd85c4-3b07-4392-a40e-2101198ffd66,1914,2,00:06:45.818000,51,45,97,1.230164,3857265,16,Shot,794,Mexico,2,From Corner,794,Mexico,,5571.0,Hirving Rodrigo Lozano Bahena,17.0,Right Wing,,,,,,,117.7,39.7,40.0,Right Foot,87.0,Open Play,93.9,25.2,,,,100.0,Saved,,,,,,,0.02413981,e9c61a57-4b77-43b9-a48c-4ad0d3541df5,93.0,Normal,,,,,,1.3,,,,,,,,,,,,,,,,,0,,,,,,,,,,,,,,
1dda7170-e35f-406f-8403-721cde8904c1,1983,2,00:12:26.771000,57,26,102,0.162246,3857265,16,Shot,789,Poland,5,Other,789,Poland,,31955.0,Jakub Kamiński,12.0,Right Midfield,,,,,,,114.2,47.7,40.0,Right Foot,87.0,Open Play,113.4,48.8,,,,96.0,Blocked,,,,,,,0.10166888,,93.0,Normal,True,,,,,,,,,,,,,,,,,,,,,,0,,,,,,,,,,,,,,
2a275f0d-eb16-4923-9c98-b2e7f7fdf086,2050,2,00:14:13.743000,59,13,105,0.131516,3857265,16,Shot,794,Mexico,4,From Throw In,794,Mexico,,26301.0,Ernesto Alexis Vega Rojas,21.0,Left Wing,,,,,,,109.4,31.3,40.0,Right Foot,87.0,Open Play,107.9,29.9,,,,96.0,Blocked,,,,,,,0.0609232,,93.0,Normal,,,,,,,,,,,,,,,,,,,,,,,0,,,,,,,,,,,,,,
33ef2ae2-9ad0-48cc-acd4-c210fac8592c,2159,2,00:18:24.098000,63,24,112,0.628778,3857265,16,Shot,794,Mexico,3,From Free Kick,794,Mexico,,26400.0,Henry Josué Martín Mex,23.0,Center Forward,,,,,,,117.2,40.0,37.0,Head,87.0,Open Play,106.7,35.1,,,,100.0,Saved,,,,,,,0.06434309,696abc76-429d-4d02-ab6e-94bd4eeb71bc,93.0,Normal,,,,,,1.2,,,,,,,,,True,,,,,,,,0,,,,,,,,,,,,,,
89b76039-c68f-47a6-af7d-1a8a9ea96e47,2266,2,00:20:55.189000,65,55,117,0.779124,3857265,16,Shot,794,Mexico,3,From Free Kick,794,Mexico,,26301.0,Ernesto Alexis Vega Rojas,21.0,Left Wing,,,,,,,120.0,45.5,40.0,Right Foot,87.0,Open Play,102.7,60.6,,,,98.0,Off T,,,,,,,0.009746956,d994e986-05ad-4b01-b490-2413ba309f71,93.0,Normal,,,,,,5.5,,,,,,,,,,,,,,,,,0,,,,,,,,,,,,,,
ec9bdd18-4caa-4675-ada1-e195fd54c7d9,2640,2,00:34:46.712000,79,46,141,0.950319,3857265,16,Shot,794,Mexico,4,From Throw In,794,Mexico,,26301.0,Ernesto Alexis Vega Rojas,21.0,Left Wing,,,,,,,120.0,49.1,40.0,Right Foot,87.0,Open Play,93.0,24.5,,,,98.0,Off T,,,,,,,0.014301864,d5dc233c-507d-4a2e-8e11-2ac148c6f26f,91.0,Half Volley,True,,,,,3.3,,,,,,,,,,,,,,,,,0,,,,,,,,,,,,,,
4c292e31-05ce-4f6f-a5d1-5e5d408b26e6,2683,2,00:36:21.461000,81,21,144,0.437599,3857265,16,Shot,789,Poland,2,From Corner,789,Poland,,44166.0,Jakub Piotr Kiwior,5.0,Left Center Back,,,,,,,115.7,34.8,37.0,Head,87.0,Open Play,113.3,41.7,1.0,,,101.0,Wayward,True,,,,,,0.12449861,22d506aa-fa2e-44b6-9e52-aa93d0e81679,93.0,Normal,,,,,,,,,,,,,,,,,,,,,,,0,,,,,,,,,,,,,,
9be1b301-9784-4f2b-b709-d2d4dec0d578,3044,2,00:48:52.590000,93,52,165,0.571713,3857265,16,Shot,789,Poland,1,Regular Play,789,Poland,,31955.0,Jakub Kamiński,12.0,Right Midfield,,,,,,,117.1,34.8,38.0,Left Foot,87.0,Open Play,109.4,24.8,1.0,,,100.0,Saved,,,,,,,0.04959144,2e6c22c5-e648-49e4-9006-5f2aaf9489ae,93.0,Normal,True,,,,,2.0,,,,,,,,,,,,,,,,,0,,,,,,,,,,,,,,
130588e4-eb77-40f5-8dcd-7b3d3b957075,3118,2,00:50:25.754000,95,25,169,1.05113,3857265,16,Shot,789,Poland,1,Regular Play,789,Poland,,3637.0,Grzegorz Krychowiak,9.0,Right Defensive Midfield,,,,,,,120.0,35.0,40.0,Right Foot,87.0,Open Play,90.9,48.7,,,,98.0,Off T,,,,,,,0.02170277,019fd419-4e60-4e8c-9715-4213626c6a57,93.0,Normal,,,,,,3.3,,,,,,,,,,,,,,,,,0,,,,,,,,,,,,,,
cf2f4b27-0de7-4e85-a26c-8383ed129cc0,3126,2,00:50:53.995000,95,53,170,1.068013,3857265,16,Shot,794,Mexico,7,From Goal Kick,794,Mexico,,15452.0,Carlos Uriel Antuna Romero,17.0,Right Wing,,,,,,,116.8,43.8,38.0,Left Foot,87.0,Open Play,101.9,56.4,1.0,,,100.0,Saved,,,,,,,0.0400392,7d585aee-6e72-454f-9bec-7cceeae42f89,93.0,Normal,,,,,,0.2,,,,,,,,,,,,,,,,,0,,,,,,,,,,,,,,
6051587a-901e-4679-8ab9-f9e6f12372bb,186,1,00:03:50.547000,3,50,7,0.532606,3857301,16,Shot,787,Senegal,1,Regular Play,787,Senegal,,2941.0,Ismaïla Sarr,17.0,Right Wing,,,,,,,120.0,44.9,40.0,Right Foot,87.0,Open Play,113.5,52.4,1.0,,,98.0,Off T,,,,,,,0.07323868,0e546498-91ac-460c-806f-ac7e83f4536a,93.0,Normal,,,,,,0.8,,,,,,,,,,,,,,,,,0,,,,,,,,,,,,,,
ce9537be-2f40-4481-9dba-9316c4048857,399,1,00:08:09.848000,8,9,16,1.154027,3857301,16,Shot,787,Senegal,4,From Throw In,787,Senegal,,4506.0,Nampalys Mendy,9.0,Right Defensive Midfield,,,,,,,120.0,33.9,40.0,Right Foot,87.0,Open Play,93.8,39.3,,,,98.0,Off T,,,,,,,0.025409508,,91.0,Half Volley,,,,,,1.4,,,,,,,,,,,,,,,,,0,,,,,,,,,,,,,,
a386edc2-f4bb-400d-b276-4a9977b34287,641,1,00:14:36.132000,14,36,24,1.203853,3857301,16,Shot,3566,Qatar,3,From Free Kick,3566,Qatar,,40784.0,Akram Hassan Afif,24.0,Left Center Forward,,,,,,,120.0,42.5,40.0,Right Foot,87.0,Open Play,92.5,41.5,,,,98.0,Off T,,,,,,,0.019990891,,91.0,Half Volley,True,,,,,5.2,,,,,,,,,,,,,,,,,0,,,,,,,,,,,,,,
ea827ccf-d981-4450-acf8-9536b9f2c1b7,670,1,00:15:22.880000,15,22,25,0.134545,3857301,16,Shot,787,Senegal,7,From Goal Kick,787,Senegal,,20758.0,Krépin Diatta,21.0,Left Wing,,,,,,,118.8,35.6,38.0,Left Foot,87.0,Open Play,111.2,26.7,1.0,,,100.0,Saved,,,,,,,0.039485876,,93.0,Normal,,,,,,1.0,,,,,,,,,,,,,,,,,0,True,,,,,,,,,,,,,
48ba6f51-4232-4d8c-b44a-73ca774420be,675,1,00:16:03.496000,16,3,26,0.595487,3857301,16,Shot,787,Senegal,2,From Corner,787,Senegal,,13314.0,Famara Diedhiou,23.0,Center Forward,,,,,,,120.0,46.1,37.0,Head,87.0,Open Play,112.9,38.6,,,,98.0,Off T,,,,,,,0.14633009,418cd105-bac7-4034-b77e-1646acf91e8b,93.0,Normal,,,,,,1.5,,,,,,,,,,,,,,,,,0,,,,,,,,,,,,,,
38c2f84a-b37f-48f4-b81a-6242dd9a532b,866,1,00:23:44.022000,23,44,38,0.889152,3857301,16,Shot,787,Senegal,3,From Free Kick,787,Senegal,,3436.0,Idrissa Gana Gueye,11.0,Left Defensive Midfield,,,,,,,120.0,34.8,40.0,Right Foot,87.0,Open Play,95.4,52.7,,,,98.0,Off T,,,,,,,0.029332913,72f4794d-1419-443d-8870-ceb2b9990483,93.0,Normal,True,,,,,0.2,,,,,,,,,,,,,,,,,0,,,,,,,,,,,,,,
df7b0eb7-8a34-44f5-a52a-cdb53b7979e3,922,1,00:25:26.932000,25,26,41,0.115397,3857301,16,Shot,3566,Qatar,7,From Goal Kick,3566,Qatar,,124494.0,Abdelkarim Hassan Al Haj Fadlalla,5.0,Left Center Back,,,,,,,94.4,20.8,38.0,Left Foot,87.0,Open Play,93.6,20.3,,,,96.0,Blocked,,,,,,,0.009041326,48d3b5b3-20da-484a-a8dd-b3fece5c2e02,93.0,Normal,,,,,,,,,,,,,,,,,,,,,,,0,,,,,,,,,,,,,,
727ba17a-7278-4fd0-b379-5978948143dc,1406,1,00:40:20.638000,40,20,70,0.638001,3857301,16,Shot,787,Senegal,1,Regular Play,787,Senegal,,20611.0,Boulaye Dia,19.0,Center Attacking Midfield,,,,,,,120.0,37.0,40.0,Right Foot,87.0,Open Play,107.2,33.3,,,,97.0,Goal,,,,,,,0.23054633,,93.0,Normal,True,,,,,0.2,,,,,,,,,,,,,,,,,1,,,,,,,,,,,,,,
9ab4eee5-bbfb-48f7-8d2a-5e72bc956222,1921,2,00:02:51.165000,47,51,96,0.726161,3857301,16,Shot,787,Senegal,2,From Corner,787,Senegal,,13314.0,Famara Diedhiou,23.0,Center Forward,,,,,,,120.0,37.0,37.0,Head,87.0,Open Play,112.5,48.1,,,,97.0,Goal,,,,,,,0.038498666,5f9b57ad-5a52-4c69-b7f2-bde629264802,93.0,Normal,,,,,,1.6,,,,,,,,,,,,,,,,,1,,,,,,,,,,,,,,
3f100f2f-1036-49d2-a120-535ec84920f6,2125,2,00:09:58.118000,54,58,106,0.14481,3857301,16,Shot,3566,Qatar,3,From Free Kick,3566,Qatar,,124494.0,Abdelkarim Hassan Al Haj Fadlalla,5.0,Left Center Back,,,,,,,112.7,39.6,40.0,Right Foot,87.0,Open Play,111.6,39.3,,,,96.0,Blocked,,,,,,,0.16305494,,91.0,Half Volley,True,,,,,,,,,,,,,,,,,,,,,,0,,,,,,,,,,,,,,
807cc86e-ef95-4313-b40e-5531605154f2,2200,2,00:11:39.626000,56,39,110,0.111591,3857301,16,Shot,787,Senegal,1,Regular Play,787,Senegal,,2941.0,Ismaïla Sarr,17.0,Right Wing,,,,,,,112.5,27.7,38.0,Left Foot,87.0,Open Play,112.1,27.2,,,,96.0,Blocked,,,,,,,0.030363984,17f67551-db7b-4a72-a6c7-4968fe9ecb9d,91.0,Half Volley,,,,,,,,,,,,,,,,,,,,,,,0,,,,,,,,,,,,,,
9cac3331-2996-499e-8bd1-c3bcdde52453,2294,2,00:13:16.734000,58,16,112,0.144295,3857301,16,Shot,787,Senegal,1,Regular Play,787,Senegal,,13314.0,Famara Diedhiou,23.0,Center Forward,,,,,,,109.7,48.1,40.0,Right Foot,87.0,Open Play,108.8,48.6,1.0,,,96.0,Blocked,,,,,,,0.05329144,5aabddc3-48c2-4a35-a02f-3fc4a78556a8,91.0,Half Volley,True,,,,,,,,,,,,,,,,,,,,,,0,,,,,,,,,,,,,,
848adb71-9302-4d2d-b729-fc430a3a4d43,2421,2,00:15:36.816000,60,36,119,1.665066,3857301,16,Shot,3566,Qatar,4,From Throw In,3566,Qatar,,124494.0,Abdelkarim Hassan Al Haj Fadlalla,5.0,Left Center Back,,,,,,,120.0,45.2,40.0,Right Foot,87.0,Open Play,89.5,22.9,,,,98.0,Off T,,,,,,,0.006098259,fb51c78e-e6e0-4158-8678-266d2f9e779c,93.0,Normal,,,,,,0.9,,,,,,,,,,,,,,,,,0,,,,,,,,,,,,,,
abff7ac7-6180-4fa7-94b9-0c644380e9a9,2487,2,00:17:12.079000,62,12,123,0.712556,3857301,16,Shot,3566,Qatar,1,Regular Play,3566,Qatar,,124495.0,Almoez Ali Zainalabiddin Abdulla,22.0,Right Center Forward,,,,,,,115.0,37.0,38.0,Left Foot,87.0,Open Play,102.6,34.4,,,,100.0,Saved,,,,,,,0.21404111,1b8744fd-eafb-41eb-a37a-ef831acdd2a2,93.0,Normal,,,,,,0.2,,,,,,,,,,,,,,,,,0,,,,,,,,,,,,,,
b4b5816e-90ab-4a35-9540-3934754b714c,2648,2,00:21:21.893000,66,21,129,0.454307,3857301,16,Shot,3566,Qatar,4,From Throw In,3566,Qatar,,124899.0,Ismaeel Mohammad Mohammad,7.0,Right Wing Back,,,,,,,117.8,38.8,70.0,Other,87.0,Open Play,113.2,40.5,,,,100.0,Saved,,,,,,,0.3277431,451819bc-eeeb-49c1-aa78-1cce2b5a227c,93.0,Normal,,,,,,0.6,,,,,,,,,True,,,,,,,,0,,,,,,,,,,,,,,
f9f3920b-1ab7-4963-a264-5a1d63323e70,2699,2,00:23:48.717000,68,48,133,0.885991,3857301,16,Shot,787,Senegal,4,From Throw In,787,Senegal,,4506.0,Nampalys Mendy,13.0,Right Center Midfield,,,,,,,120.0,41.4,40.0,Right Foot,87.0,Open Play,107.3,53.4,,,,98.0,Off T,,,,,,,0.067961,043064ec-c447-4442-bb2a-c870c6f35939,93.0,Normal,,,,,,3.8,,,,,,,,,,,,,,,,,0,,,,,,,,,,,,,,
73de072f-23cd-4f38-89be-fd209c58b659,2952,2,00:32:39.699000,77,39,147,0.698266,3857301,16,Shot,3566,Qatar,3,From Free Kick,3566,Qatar,,124901.0,Mohammed Muntari,24.0,Left Center Forward,,,,,,,120.0,36.9,37.0,Head,87.0,Open Play,110.1,38.7,1.0,,,97.0,Goal,True,,,,,,0.072239615,8d631bff-45f2-4424-a902-e08ab20cdb1f,93.0,Normal,,,,,,0.8,,,,,,,,,,,,,,,,,1,,,,,,,,,,,,,,
78b596e2-8a04-4d2a-ba99-369f526424a7,3001,2,00:35:53.434000,80,53,151,0.342063,3857301,16,Shot,787,Senegal,3,From Free Kick,787,Senegal,,20611.0,Boulaye Dia,21.0,Left Wing,,,,,,,120.0,13.6,37.0,Head,87.0,Open Play,107.1,38.8,1.0,,,101.0,Wayward,True,1.0,,,,,0.052429575,6b131d42-95e3-4679-aa42-e990c18eb5b5,93.0,Normal,,,,,,,,,,,,,,,,,,,,,,,0,,,,,,,,,,,,,,
a84dc163-7627-4553-900a-7720ce6b6099,3084,2,00:38:06.113000,83,6,155,0.167931,3857301,16,Shot,787,Senegal,4,From Throw In,787,Senegal,,88123.0,Cheikh Ahmadou Bamba Mbacke Dieng,23.0,Center Forward,,,,,,,120.0,42.3,40.0,Right Foot,87.0,Open Play,107.8,45.3,,,,97.0,Goal,,,,,,,0.11607656,95a9fcf4-f097-4ae0-9097-0f40d30ca40c,93.0,Normal,True,,,,,1.3,,,,,,,,,,,,,,,,,1,True,,,,,,,,,,,,,
026eea90-9a3c-4061-8e2e-b512ffdd1005,3247,2,00:43:05.008000,88,5,164,0.88057,3857301,16,Shot,3566,Qatar,3,From Free Kick,3566,Qatar,,124494.0,Abdelkarim Hassan Al Haj Fadlalla,8.0,Left Wing Back,,,,,,,120.0,45.0,38.0,Left Foot,87.0,Open Play,95.4,52.1,,,,98.0,Off T,,,,,,,0.023370314,9b1eee64-baf1-47d0-862d-39e705d0d548,93.0,Normal,True,,,,,0.7,,,,,,,,,,,,,,,,,0,,,,,,,,,,,,,,
72907c83-f8eb-421f-aa75-3b2d4c96d747,3314,2,00:44:57.879000,89,57,169,0.029075,3857301,16,Shot,3566,Qatar,1,Regular Play,3566,Qatar,,124901.0,Mohammed Muntari,24.0,Left Center Forward,,,,,,,111.5,39.5,37.0,Head,87.0,Open Play,110.5,39.5,1.0,,,96.0,Blocked,True,,,,,,0.06740542,d2b6ff5a-e416-47eb-b3c5-129679dd7f9a,93.0,Normal,,,,,,,,,,,,,,,,,,,,,,,0,,,,,,,,,,,,,,
8a467e35-674d-487b-8169-c85c233e8d5e,3496,2,00:48:47.199000,93,47,177,0.986003,3857301,16,Shot,3566,Qatar,6,From Counter,3566,Qatar,,124495.0,Almoez Ali Zainalabiddin Abdulla,22.0,Right Center Forward,,,,,,,120.0,35.0,38.0,Left Foot,87.0,Open Play,97.1,41.8,,,,98.0,Off T,,,,,,,0.057101198,b5f3202f-ff8c-4ed0-b4cd-1ba2b5052e61,93.0,Normal,,,,,,3.9,,,,,,,,,,,,,,,,,0,,,,,,,,,,,,,,
30a8b555-579d-4b38-8d7d-7f4ed35dcd53,50,1,00:00:51.231000,0,51,2,0.129684,3857268,16,Shot,1833,Canada,9,From Kick Off,782,Belgium,,3457.0,Michy Batshuayi Tunga,23.0,Center Forward,,,,,,,116.1,39.5,40.0,Right Foot,87.0,Open Play,91.7,31.8,,,,100.0,Saved,,,,,,,0.017552001,,93.0,Normal,,,,,,0.8,,,,,,,,,,,,,,,,,0,True,,,,,,,,,,,,,
e59d4cd8-73dd-4995-b8dd-4246a5219d35,86,1,00:01:41.592000,1,41,3,0.216368,3857268,16,Shot,1833,Canada,8,From Keeper,1833,Canada,,11187.0,Stephen Antunes Eustáquio,11.0,Left Defensive Midfield,,,,,,,112.4,47.9,40.0,Right Foot,87.0,Open Play,109.8,50.0,,,,96.0,Blocked,,,,,,,0.0798905,93554f6e-fd97-46eb-91c4-a47ee4f3bf84,93.0,Normal,,,,,,,,,,,,,,,,,,,,,,,0,,,,,,,,,,,,,,
a2389d84-0e95-401b-befc-9e9143d9118b,261,1,00:06:18.420000,6,18,16,0.162335,3857268,16,Shot,1833,Canada,1,Regular Play,1833,Canada,,23640.0,Jonathan David,23.0,Center Forward,,,,,,,112.4,42.9,40.0,Right Foot,87.0,Open Play,111.4,42.8,,,,96.0,Blocked,,,,,,,0.12589528,5c9a6580-bde8-42ea-ba78-4d2058da665a,91.0,Half Volley,True,,,,,,,,,,,,,,,,,,,,,,0,,,,,,,,,,,,,,
17391a2d-cb1a-4acb-a871-a02531adc218,267,1,00:07:09.954000,7,9,17,0.256589,3857268,16,Shot,1833,Canada,2,From Corner,1833,Canada,,24024.0,Tajon Buchanan,18.0,Right Attacking Midfield,,,,,,,109.7,36.3,40.0,Right Foot,87.0,Open Play,106.2,35.6,,,,96.0,Blocked,,,,,,,0.05664073,50c48fab-2335-4ab8-a5f5-d19293389fad,91.0,Half Volley,,,,,,,,,,,,,,,,,,,,,,,0,,,,,,,,,,,,,,
7024cf38-b810-41b0-b19d-7983a954e2b3,276,1,00:10:02.257000,10,2,18,0.77617,3857268,16,Shot,1833,Canada,5,Other,1833,Canada,,23640.0,Jonathan David,23.0,Center Forward,,,,,,,120.0,45.6,40.0,Right Foot,87.0,Open Play,110.4,34.6,,,,98.0,Off T,,,,,,,0.20472932,,95.0,Volley,True,,,,,6.5,,,,,,,,,,,,,,,,,0,,,,,,,,,,,,,,
3e283a7a-ab91-4e8c-8a21-79d5a923833d,364,1,00:12:14.945000,12,14,25,0.937108,3857268,16,Shot,1833,Canada,4,From Throw In,1833,Canada,,16120.0,Richie Laryea,7.0,Right Wing Back,,,,,,,120.0,46.5,38.0,Left Foot,87.0,Open Play,105.0,56.4,1.0,,,98.0,Off T,,,,,,,0.033730526,e8608609-fa4b-4811-8e00-233459270607,93.0,Normal,,,,,,0.2,,,,,,,,,,,,,,,,,0,,,,,,,,,,,,,,
026c0f2c-4a2f-489f-a26b-9bd76966366b,392,1,00:12:51.991000,12,51,27,0.13251,3857268,16,Shot,1833,Canada,1,Regular Play,1833,Canada,,23640.0,Jonathan David,23.0,Center Forward,,,,,,,108.6,45.4,38.0,Left Foot,87.0,Open Play,107.7,45.9,,,,96.0,Blocked,,,,,,,0.08619453,,93.0,Normal,,,,,,,,,,,,,,,,,,,,,,,0,,,,,,,,,,,,,,
dbe7de48-c141-4170-b307-63b4ee338bee,484,1,00:15:30.263000,15,30,33,1.114301,3857268,16,Shot,1833,Canada,4,From Throw In,1833,Canada,,9922.0,David Junior Hoilett,20.0,Left Attacking Midfield,,,,,,,120.0,33.6,38.0,Left Foot,87.0,Open Play,104.9,53.9,,,,98.0,Off T,,,,,,,0.04071268,83b9b852-f8c8-404d-a9fc-32bdcbc4660f,93.0,Normal,,,,,,0.2,,,,,,,,,,,,,,,,,0,,,,,,,,,,,,,,
4d2a7a72-edd7-4891-9a82-3443a1b0b635,767,1,00:22:33.920000,22,33,46,0.131,3857268,16,Shot,782,Belgium,3,From Free Kick,782,Belgium,,3457.0,Michy Batshuayi Tunga,23.0,Center Forward,,,,,,,112.9,49.5,40.0,Right Foot,87.0,Open Play,112.3,50.2,,,,96.0,Blocked,,,,,,,0.04664896,1e2ad691-ab69-4cf3-a27e-200fd786bfed,93.0,Normal,,,,,,,,,,,,,,,,,,,,,,,0,,,,,,,,,,,,,,
d4d4dfeb-b6f5-44cf-ae98-fd0d57334727,893,1,00:26:09.265000,26,9,52,0.816352,3857268,16,Shot,1833,Canada,7,From Goal Kick,1833,Canada,,31684.0,Atiba Hutchinson,9.0,Right Defensive Midfield,,,,,,,120.0,46.9,40.0,Right Foot,87.0,Open Play,98.1,44.7,,,,98.0,Off T,,,,,,,0.04634635,852c0473-8444-4117-8db8-080d51fc5349,93.0,Normal,True,,,,,2.1,,,,,,,,,,,,,,,,,0,,,,,,,,,,,,,,
52480768-03ce-4fcc-a5de-c2857e22776e,1028,1,00:29:16.880000,29,16,56,0.606035,3857268,16,Shot,1833,Canada,1,Regular Play,1833,Canada,,44703.0,Alistair Johnston,3.0,Right Center Back,,,,,,,118.8,43.1,40.0,Right Foot,87.0,Open Play,108.1,56.3,,,,100.0,Saved,,,,,,,0.033541974,8e3aef80-7e11-4a03-a51d-156eedaa99af,93.0,Normal,,,,,,1.7,,,,,,,,,,,,,,,,,0,,,,,,,,,,,,,,
64d9bf0a-3845-4cfa-b1f8-e81c4341f568,1076,1,00:30:43.961000,30,43,57,0.281507,3857268,16,Shot,1833,Canada,4,From Throw In,1833,Canada,,23640.0,Jonathan David,23.0,Center Forward,,,,,,,109.6,38.0,40.0,Right Foot,87.0,Open Play,104.4,37.5,,,,96.0,Blocked,,,,,,,0.08845105,44475f35-7845-473b-9ca3-99dea87f41eb,93.0,Normal,,,,,,,,,,,,,,,,,,,,,,,0,,,,,,,,,,,,,,
6af45f7e-36b9-49df-88fc-b9c95807dd71,1139,1,00:31:58.507000,31,58,59,0.809654,3857268,16,Shot,1833,Canada,1,Regular Play,1833,Canada,,23640.0,Jonathan David,23.0,Center Forward,,,,,,,120.0,33.2,37.0,Head,87.0,Open Play,111.1,34.1,,,,98.0,Off T,,,,,,,0.088843234,79d1ec5b-9c10-41aa-b004-f160f0379af2,93.0,Normal,,,,,,2.7,,,,,,,,,,,,,,,,,0,,,,,,,,,,,,,,
4ce70135-2c76-4d6f-b460-f4dd91b0ef1a,1152,1,00:32:31.922000,32,31,60,0.902422,3857268,16,Shot,782,Belgium,7,From Goal Kick,782,Belgium,,3457.0,Michy Batshuayi Tunga,23.0,Center Forward,,,,,,,120.0,49.5,40.0,Right Foot,87.0,Open Play,111.8,51.3,,,,98.0,Off T,,,,,,,0.08121458,034cb67a-1982-459d-b934-a5a182a0d672,95.0,Volley,True,,,,,1.7,,,,,,,,,,,,,,,,,0,,,,,,,,,,,,,,
6c69021e-9182-4454-930c-7ebfb880441d,1571,1,00:43:32.663000,43,32,73,0.620362,3857268,16,Shot,782,Belgium,1,Regular Play,782,Belgium,,3457.0,Michy Batshuayi Tunga,23.0,Center Forward,,,,,,,120.0,41.6,38.0,Left Foot,87.0,Open Play,109.0,36.1,,,,97.0,Goal,,,,,,,0.24992359,b8482f24-5d58-402d-961e-742360648140,91.0,Half Volley,True,,,,,1.4,,,,,,,,,,,,,,,,,1,,,,,,,,,,,,,,
c3e6e691-c817-40ce-83ec-5b8ca549cb33,1672,1,00:46:53.188000,46,53,78,0.45847,3857268,16,Shot,1833,Canada,4,From Throw In,1833,Canada,,24024.0,Tajon Buchanan,18.0,Right Attacking Midfield,,,,,,,120.0,40.3,38.0,Left Foot,87.0,Open Play,112.6,42.5,1.0,,,98.0,Off T,,,,,,,0.29588586,e515948a-3826-40aa-81ff-852e2237586f,91.0,Half Volley,True,,,,,6.3,,,,,,,,,,,,,,,,,0,,,,,,,,,,,,,,
f9b683e4-5e4b-48ee-a8a8-23b48af5973a,1735,1,00:48:51.421000,48,51,83,0.310351,3857268,16,Shot,1833,Canada,2,From Corner,1833,Canada,,11187.0,Stephen Antunes Eustáquio,11.0,Left Defensive Midfield,,,,,,,109.6,40.7,40.0,Right Foot,87.0,Open Play,100.5,38.5,,,,96.0,Blocked,,,,,,,0.048581414,,91.0,Half Volley,True,,,,,,,,,,,,,,,,,,,,,,0,,,,,,,,,,,,,,
15b3088d-0d93-4b7b-adba-1867e3289b06,1944,2,00:02:52.530000,47,52,91,0.70671,3857268,16,Shot,1833,Canada,3,From Free Kick,1833,Canada,,23640.0,Jonathan David,23.0,Center Forward,,,,,,,120.0,34.1,37.0,Head,87.0,Open Play,111.7,36.9,1.0,,,98.0,Off T,True,,,,,,0.120068476,cb07507f-78cf-4a60-aab9-01a09d55704d,93.0,Normal,,,,,,0.9,,,,,,,,,,,,,,,,,0,,,,,,,,,,,,,,
a925c8e0-53ea-4496-9854-64292c603fa3,2011,2,00:04:42.001000,49,42,94,1.305283,3857268,16,Shot,1833,Canada,1,Regular Play,1833,Canada,,11187.0,Stephen Antunes Eustáquio,11.0,Left Defensive Midfield,,,,,,,120.0,30.8,40.0,Right Foot,87.0,Open Play,97.8,52.7,,,,98.0,Off T,,,,,,,0.03604073,20dad5d8-1b7e-46e1-942d-2bedc4e3d2d3,93.0,Normal,,,,,,0.2,,,,,,,,,,,,,,,,,0,,,,,,,,,,,,,,
dbae15f1-d084-4e82-80c9-c7396c4ff653,2343,2,00:17:15.469000,62,15,114,0.763405,3857268,16,Shot,1833,Canada,4,From Throw In,1833,Canada,,24024.0,Tajon Buchanan,8.0,Left Wing Back,,,,,,,120.0,46.7,40.0,Right Foot,87.0,Open Play,98.3,34.5,,,,98.0,Off T,,,,,,,0.0587075,748a2106-50c8-45d9-a793-cdefe816ee56,93.0,Normal,True,,,,,7.5,,,,,,,,,,,,,,,,,0,,,,,,,,,,,,,,
896d9782-5b37-4c8f-824d-087a3115c57a,2443,2,00:21:01.904000,66,1,123,0.885053,3857268,16,Shot,1833,Canada,1,Regular Play,1833,Canada,,16120.0,Richie Laryea,7.0,Right Wing Back,,,,,,,120.0,46.3,40.0,Right Foot,87.0,Open Play,101.7,54.6,,,,98.0,Off T,,,,,,,0.022910038,9eb62997-2c28-4067-989d-3885e717e0c9,93.0,Normal,,,,,,0.5,,,,,,,,,,,,,,,,,0,,,,,,,,,,,,,,
70efe707-a8e2-4c4c-98d5-a4363b4ce115,2460,2,00:21:41.163000,66,41,124,0.123485,3857268,16,Shot,782,Belgium,7,From Goal Kick,782,Belgium,,3457.0,Michy Batshuayi Tunga,23.0,Center Forward,,,,,,,105.0,42.9,40.0,Right Foot,87.0,Open Play,103.9,43.0,,,,96.0,Blocked,,,,,,,0.0897183,f6a88e57-af78-4f2f-ab65-74748c92f342,93.0,Normal,True,,,,,,,,,,,,,,,,,,,,,,0,,,,,,,,,,,,,,
535b2a25-6aaf-4936-8390-841cd52843ea,2942,2,00:31:49.208000,76,49,140,0.149814,3857268,16,Shot,1833,Canada,1,Regular Play,1833,Canada,,23640.0,Jonathan David,20.0,Left Attacking Midfield,,,,,,,104.7,38.2,38.0,Left Foot,87.0,Open Play,103.1,38.1,,,,96.0,Blocked,,,,,,,0.04574546,3ef205ee-d888-4134-a046-5f83e402f315,93.0,Normal,,,,,,,,,,,,,,,,,,,,,,,0,,,,,,,,,,,,,,
3762fdb2-12ce-48f5-a25c-f5f8818ae45f,3050,2,00:34:29.898000,79,29,144,0.73132,3857268,16,Shot,1833,Canada,3,From Free Kick,1833,Canada,,16459.0,Cyle Larin,18.0,Right Attacking Midfield,,,,,,,118.5,38.4,37.0,Head,87.0,Open Play,108.2,44.1,,,,100.0,Saved,,,,,,,0.07200206,684a6abc-e15a-4974-bf42-63ec1c937927,93.0,Normal,,,,,,1.8,,,,,,,,,,,,,,,,,0,,,,,,,,,,,,,,
9ce13c53-ea79-41da-a80c-a2c3c2556aff,3170,2,00:39:35.569000,84,35,152,0.508563,3857268,16,Shot,782,Belgium,3,From Free Kick,782,Belgium,,6331.0,Leander Dendoncker,3.0,Right Center Back,,,,,,,120.0,39.5,37.0,Head,87.0,Open Play,112.5,43.5,1.0,,,98.0,Off T,True,,,,,,0.08894938,006568cd-8f06-43e7-a3b3-b3048e3a229b,93.0,Normal,,,,,,4.8,,,,,,,,,,,,,,,,,0,,,,,,,,,,,,,,
d60b7ce2-c083-43a4-a37d-0a52214a8718,3193,2,00:40:09.141000,85,9,154,0.819583,3857268,16,Shot,782,Belgium,1,Regular Play,782,Belgium,,3089.0,Kevin De Bruyne,18.0,Right Attacking Midfield,,,,,,,120.0,45.9,40.0,Right Foot,87.0,Open Play,96.6,39.5,,,,98.0,Off T,,,,,,,0.061057936,3f6fcc24-a4b4-4c51-836c-2eaa7daa4a4e,93.0,Normal,,,,,,6.3,,,,,,,,,,,,,,,,,0,,,,,,,,,,,,,,
a982106a-a75e-4140-9225-f80b413ba22e,3213,2,00:40:40.890000,85,40,155,1.270561,3857268,16,Shot,1833,Canada,7,From Goal Kick,1833,Canada,,16459.0,Cyle Larin,22.0,Right Center Forward,,,,,,,120.0,33.4,37.0,Head,87.0,Open Play,111.7,37.5,1.0,,,98.0,Off T,True,,,,,,0.111036494,a6ce5ae0-3c6f-4a4b-94dc-33c9bfac49b5,93.0,Normal,,,,,,5.6,,,,,,,,,,,,,,,,,0,,,,,,,,,,,,,,
5bacbef6-cc8c-4df6-af6a-04b175d14741,3332,2,00:45:03.252000,90,3,161,0.312016,3857268,16,Shot,782,Belgium,7,From Goal Kick,782,Belgium,,3176.0,Thomas Meunier,7.0,Right Wing Back,,,,,,,103.9,50.6,40.0,Right Foot,87.0,Open Play,98.0,55.5,,,,96.0,Blocked,,,,,,,0.025805552,2530ff52-c1c7-48b2-8285-8c11dfd91263,93.0,Normal,,,,,,,,,,,,,,,,,,,,,,,0,,,,,,,,,,,,,,
e32243e7-a6a0-490f-be8e-b75fe1b0647b,3342,2,00:45:51.674000,90,51,162,0.563248,3857268,16,Shot,782,Belgium,2,From Corner,782,Belgium,,3089.0,Kevin De Bruyne,18.0,Right Attacking Midfield,,,,,,,119.0,44.0,40.0,Right Foot,87.0,Open Play,114.3,59.2,,,,100.0,Saved,,,,,,,0.009170555,083f48a5-f80c-417e-b477-8d6df12ee629,93.0,Normal,,,,,,0.2,,,,,,,,,,,,,,,,,0,,,,,,,,,,,,,,
891a7cc9-80b4-4145-a88d-183dd0a72153,3364,2,00:46:22.958000,91,22,164,0.11497,3857268,16,Shot,1833,Canada,8,From Keeper,1833,Canada,,16459.0,Cyle Larin,22.0,Right Center Forward,,,,,,,111.9,36.3,37.0,Head,87.0,Open Play,111.1,36.1,1.0,,,96.0,Blocked,True,,,,,,0.06675813,b04b6cb6-d2ad-49d5-8390-7db24788366d,93.0,Normal,,,,,,,,,,,,,,,,,,,,,,,0,,,,,,,,,,,,,,
90b35760-682e-420e-92c6-48c33feef182,176,1,00:05:47.825000,5,47,15,0.403957,3857269,16,Shot,773,Switzerland,2,From Corner,773,Switzerland,,7796.0,Silvan Widmer,2.0,Right Back,,,,,,,120.0,32.4,40.0,Right Foot,87.0,Open Play,114.9,30.0,,,,98.0,Off T,,,,,,,0.05117428,7900ae2a-8d59-48b0-b8cb-f1b174eea581,95.0,Volley,True,,,,,4.7,,,,,,,,,,,,,,,,,0,,,,,,,,,,,,,,
ccdb8f0e-10fe-45f4-8c54-f0a74c222730,1205,1,00:26:41.515000,26,41,53,0.589177,3857269,16,Shot,781,Brazil,1,Regular Play,781,Brazil,,18395.0,Vinícius José Paixão de Oliveira Júnior,16.0,Left Midfield,,,,,,,119.2,36.7,40.0,Right Foot,87.0,Open Play,112.1,34.0,,,,100.0,Saved,,,,,,,0.21638125,06a60909-c6f4-453c-bcd6-411ad0cc8f96,95.0,Volley,True,,,,,1.3,,,,,,,,,,,,,,,,,0,,,,,,,,,,,,,,
b660fbc5-1653-455b-98f7-9eefab7d3fea,1210,1,00:27:17.442000,27,17,54,0.960858,3857269,16,Shot,781,Brazil,2,From Corner,781,Brazil,,5539.0,Carlos Henrique Casimiro,11.0,Left Defensive Midfield,,,,,,,110.7,46.4,40.0,Right Foot,87.0,Open Play,94.3,39.7,,,,101.0,Wayward,,,,,,,0.023129713,,91.0,Half Volley,True,,,,,,,,,,,,,,,,,,,,,,0,,,,,,,,,,,,,,
f227c1e8-8585-4d1a-9c58-d39830356a78,1342,1,00:30:19.418000,30,19,58,1.17533,3857269,16,Shot,781,Brazil,3,From Free Kick,781,Brazil,,10595.0,Raphael Dias Belloli,12.0,Right Midfield,,,,,,,118.7,40.9,38.0,Left Foot,87.0,Open Play,90.1,46.2,,,,100.0,Saved,,,,,,,0.02201561,,93.0,Normal,,,,,,1.2,,,,,,,,,,,,,,,,,0,,,,,,,,,,,,,,
c4bf7562-5878-4cd5-a4ca-5afcffafc78c,1389,1,00:31:27.287000,31,27,62,0.180688,3857269,16,Shot,781,Brazil,3,From Free Kick,781,Brazil,,3280.0,Richarlison de Andrade,23.0,Center Forward,,,,,,,104.9,41.2,37.0,Head,87.0,Open Play,104.2,41.2,1.0,,,96.0,Blocked,True,,,,,,0.022230485,3a949db5-e2f3-498f-a1c5-055086430ed3,93.0,Normal,,,,,,,,,,,,,,,,,,,,,,,0,,,,,,,,,,,,,,
33ff8da8-1946-4841-a4c2-eaea16002f77,1710,1,00:36:51.097000,36,51,66,0.194608,3857269,16,Shot,781,Brazil,4,From Throw In,781,Brazil,,13620.0,Éder Gabriel Militão,2.0,Right Back,,,,,,,99.0,44.2,40.0,Right Foot,87.0,Open Play,93.2,45.0,,,,96.0,Blocked,,,,,,,0.02857021,ce803ee5-1ded-483d-9465-8d862d43a28d,93.0,Normal,,,,,,,,,,,,,,,,,,,,,,,0,,,,,,,,,,,,,,
7522cc55-f097-431f-9173-2bb1c6130012,1995,1,00:43:40.761000,43,40,77,0.089358,3857269,16,Shot,781,Brazil,2,From Corner,781,Brazil,,3295.0,Thiago Emiliano da Silva,3.0,Right Center Back,,,,,,,115.6,43.3,37.0,Head,87.0,Open Play,115.0,43.5,1.0,,,96.0,Blocked,True,,,,,,0.14148508,b617fe3b-51b4-494b-b3da-ac0a392cf7f3,93.0,Normal,,,,,,,,,,,,,,,,,,,,,,,0,,,,,,,,,,,,,,
4094455f-bba0-4bd9-83af-5bd061f761cd,2339,2,00:07:37.612000,52,37,92,0.0115,3857269,16,Shot,773,Switzerland,3,From Free Kick,773,Switzerland,,16026.0,Djibril Sow,19.0,Center Attacking Midfield,,,,,,,113.4,48.2,40.0,Right Foot,87.0,Open Play,112.6,48.8,,,,96.0,Blocked,,,,,,,0.087867536,,93.0,Normal,True,,,,,,,,,,,,,,,,,,,,,,0,,,,,,,,,,,,,,
f36222e4-425a-4b60-90ce-ee0563d3a95d,2400,2,00:08:31.316000,53,31,92,0.041917,3857269,16,Shot,773,Switzerland,3,From Free Kick,773,Switzerland,,30401.0,Ruben Vargas,21.0,Left Wing,,,,,,,105.6,27.2,40.0,Right Foot,87.0,Open Play,104.3,26.2,,,,96.0,Blocked,,,,,,,0.029704679,ac8d54d0-40b0-42c1-ade8-b43111a00cf2,93.0,Normal,,,,,,,,,,,,,,,,,,,,,,,0,,,,,,,,,,,,,,
0c853598-4598-4008-821b-3530593e492b,2408,2,00:09:10.477000,54,10,93,0.979819,3857269,16,Shot,773,Switzerland,2,From Corner,773,Switzerland,,5549.0,Manuel Obafemi Akanji,3.0,Right Center Back,,,,,,,114.0,45.1,37.0,Head,87.0,Open Play,103.5,43.9,,,,101.0,Wayward,,,,,,,0.028123023,2041d32a-166f-4c63-a9ab-4d792f84c0fa,93.0,Normal,,,,,,,,,,,,,,,,,,,,,,,0,,,,,,,,,,,,,,
000d3c08-46f5-4569-824d-b7719f626d1b,2603,2,00:14:39.180000,59,39,105,0.21549,3857269,16,Shot,773,Switzerland,1,Regular Play,773,Switzerland,,16026.0,Djibril Sow,19.0,Center Attacking Midfield,,,,,,,103.0,38.3,40.0,Right Foot,87.0,Open Play,99.4,37.0,,,,96.0,Blocked,,,,,,,0.0625126,d9e73d81-2b90-46f1-a969-0bb146adab79,93.0,Normal,True,,,,,,,,,,,,,,,,,,,,,,0,,,,,,,,,,,,,,
b62c510a-83c2-4cbd-87bf-f7d441854b78,2621,2,00:14:54.180000,59,54,107,0.156654,3857269,16,Shot,773,Switzerland,1,Regular Play,773,Switzerland,,3913.0,Edimilson Fernandes,21.0,Left Wing,,,,,,,99.1,42.8,40.0,Right Foot,87.0,Open Play,97.4,42.8,,,,96.0,Blocked,,,,,,,0.029247057,a0a614bf-f247-49d0-b54d-58e7c42725d8,93.0,Normal,,,,,,,,,,,,,,,,,,,,,,,0,,,,,,,,,,,,,,
b73e743c-d52b-41c7-b455-268e8938cbe9,2900,2,00:24:40.944000,69,40,122,0.238891,3857269,16,Shot,781,Brazil,3,From Free Kick,781,Brazil,,4372.0,Marcos Aoás Corrêa,3.0,Right Center Back,,,,,,,120.0,58.6,37.0,Head,87.0,Open Play,110.6,37.4,1.0,,,101.0,Wayward,True,1.0,,,,,0.07814184,fbfcc413-2bdd-41c8-9de3-8405b378fc71,93.0,Normal,,,,,,,,,,,,,,,,,,,,,,,0,,,,,,,,,,,,,,
d4cd77e6-f4c2-4d41-a5bc-40dcc83976f1,2973,2,00:26:04.042000,71,4,126,0.119755,3857269,16,Shot,781,Brazil,6,From Counter,781,Brazil,,3280.0,Richarlison de Andrade,23.0,Center Forward,,,,,,,107.8,27.3,38.0,Left Foot,87.0,Open Play,107.0,26.5,,,,96.0,Blocked,,,,,,,0.038312852,6a0f46f1-e163-472c-91cb-9f0b29d8a68f,93.0,Normal,True,,,,,,,,,,,,,,,,,,,,,,0,,,,,,,,,,,,,,
b1c4fc15-d031-4f58-b3c7-9fd6708c7cf9,3314,2,00:35:58.444000,80,58,140,0.933074,3857269,16,Shot,781,Brazil,2,From Corner,781,Brazil,,25142.0,Bruno Guimarães Rodriguez Moura,9.0,Right Defensive Midfield,,,,,,,118.3,41.0,37.0,Head,87.0,Open Play,102.2,47.4,,,,100.0,Saved,,,,,,,0.021188514,,93.0,Normal,,,,,,0.3,,,,,,,,,,,,,,,,,0,,,,,,,,,,,,,,
90380b1f-260f-42c9-95fb-ae1ca4941ee2,3370,2,00:37:15.613000,82,15,144,0.136797,3857269,16,Shot,781,Brazil,1,Regular Play,781,Brazil,,5539.0,Carlos Henrique Casimiro,11.0,Left Defensive Midfield,,,,,,,120.0,43.1,40.0,Right Foot,87.0,Open Play,106.3,29.4,,,,97.0,Goal,,,,,,,0.068805926,b927b6e7-b97d-45c7-bacd-5d042474a634,91.0,Half Volley,True,,,,,1.4,,,,,,,,,,,,,,,,,1,True,,,,,,,,,,,,,
8f488d1b-d990-4d87-9ae3-a0f9a81e544a,3442,2,00:41:25.117000,86,25,150,0.593052,3857269,16,Shot,781,Brazil,4,From Throw In,781,Brazil,,25104.0,Rodrygo Silva de Goes,19.0,Center Attacking Midfield,,,,,,,118.2,36.4,40.0,Right Foot,87.0,Open Play,109.7,25.4,,,,100.0,Saved,,,,,,,0.04824855,5e233fdc-2b33-4d44-af44-57b2da66a287,93.0,Normal,,,,,,2.3,,,,,,,,,,,,,,,,,0,,,,,,,,,,,,,,
9eb07769-e172-41a0-9cac-cec1dd4d6dd1,3455,2,00:41:51.252000,86,51,151,1.476262,3857269,16,Shot,781,Brazil,2,From Corner,781,Brazil,,25363.0,Antony Matheus dos Santos,12.0,Right Midfield,,,,,,,120.0,33.4,38.0,Left Foot,87.0,Open Play,102.1,56.6,,,,98.0,Off T,,,,,,,0.020722246,a5fc91ed-2ff4-4253-abca-cd27d4b8018d,93.0,Normal,,,,,,1.6,,,,,,,,,,,,,,,,,0,,,,,,,,,,,,,,
733e5141-6b97-4010-8100-b926aa73c9bf,3665,2,00:48:27.074000,93,27,163,0.158155,3857269,16,Shot,781,Brazil,3,From Free Kick,781,Brazil,,25104.0,Rodrygo Silva de Goes,19.0,Center Attacking Midfield,,,,,,,108.0,41.4,40.0,Right Foot,87.0,Open Play,105.8,41.8,,,,96.0,Blocked,,,,,,,0.19349767,daee3956-b11c-483a-b924-98a3770a4f74,93.0,Normal,True,,,,,,,,,,,,,,,,,,,,,,0,,,,,,,,,,,,,,
642515e1-293b-497f-bfbb-3546264f1b33,222,1,00:04:33.490000,4,33,9,0.421799,3869321,16,Shot,779,Argentina,1,Regular Play,779,Argentina,,7797.0,Rodrigo Javier De Paul,13.0,Right Center Midfield,,,,,,,110.4,47.2,40.0,Right Foot,87.0,Open Play,101.6,53.3,,,,96.0,Blocked,,,,,,,0.02377054,,91.0,Half Volley,True,,,,,,,,,,,,,,,,,,,,,,0,,,,,,,,,,,,,,
52c4e934-0c99-4c5c-93db-b538bc800e9b,980,1,00:21:36.847000,21,36,36,1.024223,3869321,16,Shot,779,Argentina,4,From Throw In,779,Argentina,,5503.0,Lionel Andrés Messi Cuccittini,22.0,Right Center Forward,,,,,,,120.0,35.7,38.0,Left Foot,87.0,Open Play,96.6,50.3,,,,98.0,Off T,,,,,,,0.037832856,e3c6468c-22b3-44f8-8d56-b66c8aecfb8a,93.0,Normal,,,,,,4.5,,,,,,,,,,,,,,,,,0,,,,,,,,,,,,,,
2a672651-8c7c-4ac7-b16c-711fa08790df,1075,1,00:23:42.736000,23,42,39,1.175712,3869321,16,Shot,941,Netherlands,1,Regular Play,941,Netherlands,,8259.0,Steven Bergwijn,22.0,Right Center Forward,,,,,,,120.0,53.2,38.0,Left Foot,87.0,Open Play,101.6,32.9,,,,98.0,Off T,,,,,,,0.089517,f39268ac-dcef-40bc-a501-0e5a5ca0c5b2,91.0,Half Volley,,,,,,0.6,,,,,,,,,,,,,,,,,0,,,,,,,,,,,,,,
e6038dbd-a8c4-427f-9663-54654cde0b0b,1432,1,00:32:39.669000,32,39,51,0.896862,3869321,16,Shot,779,Argentina,1,Regular Play,779,Argentina,,7797.0,Rodrigo Javier De Paul,13.0,Right Center Midfield,,,,,,,118.0,41.6,40.0,Right Foot,87.0,Open Play,97.6,42.3,1.0,,,100.0,Saved,,,,,,,0.049762752,a2208cc1-c946-47e4-aac0-8a95abfbec05,93.0,Normal,True,,,,,0.6,,,,,,,,,,,,,,,,,0,,,,,,,,,,,,,,
ba0291a6-1cd3-43f0-8394-b91c7cd6d4e2,1493,1,00:34:04.090000,34,4,54,0.658134,3869321,16,Shot,779,Argentina,4,From Throw In,779,Argentina,,29201.0,Nahuel Molina Lucero,7.0,Right Wing Back,,,,,,,120.0,36.5,40.0,Right Foot,87.0,Open Play,109.1,42.4,,,,97.0,Goal,,,,,,,0.43442267,96e4e446-e913-4113-999c-d992a53774c3,93.0,Normal,,,,,,0.2,,,,,,,,,True,,,,,,,,1,,,,,,,,,,,,,,
8d04b410-694a-4eb3-8354-d8e67249dfb3,1605,1,00:39:09.837000,39,9,59,0.800349,3869321,16,Shot,779,Argentina,1,Regular Play,779,Argentina,,5503.0,Lionel Andrés Messi Cuccittini,22.0,Right Center Forward,,,,,,,118.1,39.1,40.0,Right Foot,87.0,Open Play,104.0,32.2,1.0,,,100.0,Saved,,,,,,,0.03387043,dc6154bd-d4df-49ee-9216-b4475c75c4b5,93.0,Normal,,,,,,0.2,,,,,,,,,,,,,,,,,0,,,,,,,,,,,,,,
94fd7830-c3a3-4f62-ab45-ae7bcc688e86,2722,2,00:17:29.048000,62,29,109,0.979407,3869321,16,Shot,779,Argentina,3,From Free Kick,779,Argentina,,5503.0,Lionel Andrés Messi Cuccittini,22.0,Right Center Forward,,,,,,,120.0,43.7,38.0,Left Foot,62.0,Free Kick,96.0,33.3,,,,98.0,Off T,,,,,,,0.07608311,,93.0,Normal,,,,,,3.3,,,,,,,,,,,,,,,,,0,,,,,,,,,,,,,,
758f3a76-791e-4a71-8cb4-d776a6bd293d,3206,2,00:37:17.307000,82,17,133,1.313822,3869321,16,Shot,941,Netherlands,3,From Free Kick,941,Netherlands,,7829.0,Wout Weghorst,22.0,Right Center Forward,,,,,,,120.0,37.2,37.0,Head,87.0,Open Play,108.7,46.4,,,,97.0,Goal,,,,,,,0.047416847,17b9dc16-f239-4de7-9f9e-a86e3e2c81b7,93.0,Normal,,,,,,1.9,,,,,,,,,,,,,,,,,1,,,,,,,,,,,,,,
0a4a1e56-5881-463d-a37e-b97aa49cdc29,3252,2,00:39:33.815000,84,33,136,0.071449,3869321,16,Shot,941,Netherlands,3,From Free Kick,941,Netherlands,,7745.0,Steven Berghuis,12.0,Right Midfield,,,,,,,107.9,51.8,38.0,Left Foot,87.0,Open Play,104.6,53.3,,,,96.0,Blocked,,,,,,,0.032538008,52e696de-ed00-4bfa-a4a1-5c675831ed6e,91.0,Half Volley,True,,,,,,,,,,,,,,,,,,,,,,0,,,,,,,,,,,,,,
0ada085b-8d72-4c54-8b6c-db3349ad0c84,3386,2,00:44:35.097000,89,35,143,0.617301,3869321,16,Shot,941,Netherlands,3,From Free Kick,941,Netherlands,,8125.0,Denzel Dumfries,2.0,Right Back,,,,,,,120.0,51.7,40.0,Right Foot,87.0,Open Play,113.5,52.9,,,,98.0,Off T,,,,,,,0.047394842,530c5be7-41ce-4124-8cf2-2087b20cc180,91.0,Half Volley,True,,,,,0.9,,,,,,,,,,,,,,,,,0,,,,,,,,,,,,,,
0766e986-a1be-4f02-b176-8ae4b7ed309e,3406,2,00:47:12.976000,92,12,146,0.293621,3869321,16,Shot,941,Netherlands,3,From Free Kick,941,Netherlands,,7745.0,Steven Berghuis,12.0,Right Midfield,,,,,,,106.6,37.8,38.0,Left Foot,62.0,Free Kick,97.2,37.9,,,,96.0,Blocked,,,,,,,0.08017064,,93.0,Normal,,,,,,,,,,,,,,,,,,,,,,,0,,,,,,,,,,,,,,
1a46edaa-ca09-435a-b841-aa201d1f0e14,3572,2,00:55:32.699000,100,32,162,0.993721,3869321,16,Shot,941,Netherlands,3,From Free Kick,941,Netherlands,,7829.0,Wout Weghorst,22.0,Right Center Forward,,,,,,,120.0,42.2,38.0,Left Foot,87.0,Open Play,111.8,39.9,1.0,,,97.0,Goal,,,,,,,0.21959315,64d3c14b-f388-482c-8816-9294824c2f37,93.0,Normal,,,,,,0.2,,,,,,,,,,,,,,,,,1,,,,,,,,,,,,,,
28811240-5987-468a-87d6-c237987e22d2,4309,4,00:04:18.707000,109,18,197,0.928632,3869321,16,Shot,779,Argentina,3,From Free Kick,779,Argentina,,5503.0,Lionel Andrés Messi Cuccittini,22.0,Right Center Forward,,,,,,,120.0,34.4,38.0,Left Foot,87.0,Open Play,101.1,53.3,1.0,,,98.0,Off T,,,,,,,0.035418287,9e6735d7-573c-4300-a79d-ac56df01c685,93.0,Normal,,,,,,4.9,,,,,,,,,,,,,,,,,0,,,,,,,,,,,,,,
500f07f5-8b73-4da3-a208-ae5c9806f7b3,4361,4,00:07:14.619000,112,14,203,0.160033,3869321,16,Shot,941,Netherlands,3,From Free Kick,941,Netherlands,,20033.0,Luuk de Jong,24.0,Left Center Forward,,,,,,,112.1,29.8,38.0,Left Foot,87.0,Open Play,110.9,28.4,,,,96.0,Blocked,,,,,,,0.05290734,e8c780b8-3118-4138-8275-64e485df2e11,95.0,Volley,True,,,,,,,,,,,,,,,,,,,,,,0,,,,,,,,,,,,,,
2704ab9f-8047-4d97-b1d5-d91b82af0418,4425,4,00:08:47.559000,113,47,205,0.176393,3869321,16,Shot,779,Argentina,3,From Free Kick,779,Argentina,,11456.0,Lautaro Javier Martínez,21.0,Left Wing,,,,,,,114.6,44.7,40.0,Right Foot,87.0,Open Play,109.5,45.9,,,,96.0,Blocked,,,,,,,0.2245604,75c6745e-3ddc-4211-82f7-66c0f0be146a,93.0,Normal,True,,,,,,,,,,,,,,,,,,,,,,0,,,,,,,,,,,,,,
9445b26d-f734-4701-a757-7c83e51c906e,4450,4,00:09:54.399000,114,54,207,0.273033,3869321,16,Shot,779,Argentina,2,From Corner,779,Argentina,,38718.0,Enzo Fernandez,13.0,Right Center Midfield,,,,,,,103.1,41.9,38.0,Left Foot,87.0,Open Play,94.2,43.8,,,,96.0,Blocked,,,,,,,0.032085553,079d6fae-e93b-4364-bfbd-c67c1064b0b6,93.0,Normal,,,,,,,,,,,,,,,,,,,,,,,0,,,,,,,,,,,,,,
74848b41-3f98-4b47-9d9f-661ee7cf5285,4464,4,00:10:53.370000,115,53,209,0.876633,3869321,16,Shot,779,Argentina,2,From Corner,779,Argentina,,7161.0,Germán Alejandro Pezzella,3.0,Right Center Back,,,,,,,120.0,38.2,37.0,Head,87.0,Open Play,112.5,31.3,1.0,,,98.0,Off T,True,,,,,,0.04452438,098ffe8c-f711-4834-a6b8-ce8e42c2e7a8,93.0,Normal,,,,,,3.5,,,,,,,,,,,,,,,,,0,,,,,,,,,,,,,,
4960eb06-e30b-485b-a653-edd092335439,4598,4,00:13:36.101000,118,36,215,0.75934,3869321,16,Shot,779,Argentina,8,From Keeper,779,Argentina,,11456.0,Lautaro Javier Martínez,21.0,Left Wing,,,,,,,117.0,38.5,38.0,Left Foot,87.0,Open Play,97.6,38.6,1.0,,,100.0,Saved,,,,,,,0.08241133,2c9ac4d5-df6e-479c-8791-e0b2819b2281,93.0,Normal,True,,,,,1.1,,,,,,,,,,,,,,,,,0,,,,,,,,,,,,,True,
2e20bbdd-74b0-4840-bf7c-fc460cdecad2,4650,4,00:14:27.828000,119,27,216,0.058642,3869321,16,Shot,779,Argentina,4,From Throw In,779,Argentina,,5503.0,Lionel Andrés Messi Cuccittini,23.0,Center Forward,,,,,,,97.2,41.6,38.0,Left Foot,87.0,Open Play,96.6,41.6,1.0,,,96.0,Blocked,,,,,,,0.04201436,c1e1f767-557c-4193-97b3-fce8405b9b86,93.0,Normal,,,,,,,,,,,,,,,,,,,,,,,0,,,,,,,,,,,,,,
bc9e059b-1507-48a8-bf8e-15130d04b9ee,4661,4,00:15:09.045000,120,9,218,0.977459,3869321,16,Shot,779,Argentina,2,From Corner,779,Argentina,,38718.0,Enzo Fernandez,13.0,Right Center Midfield,,,,,,,120.0,36.0,40.0,Right Foot,87.0,Open Play,97.2,49.3,,,,99.0,Post,,1.0,,,,,0.038940463,f729ab45-589b-4f12-81a6-db32b2f2ee13,93.0,Normal,,,,,,0.4,,,,,,,,,,,,,,,,,0,,,,,,,,,,,,,,
1ae78527-44c9-462c-b6c2-f2c404de276b,66,1,00:01:49.919000,1,49,6,0.687186,3857292,16,Shot,770,Germany,1,Regular Play,770,Germany,,39565.0,Jamal Musiala,19.0,Center Attacking Midfield,,,,,,,116.9,39.5,40.0,Right Foot,87.0,Open Play,99.6,29.7,,,,100.0,Saved,,,,,,,0.06331741,1df668cc-ca3f-40f7-b9b9-c54f79579a70,93.0,Normal,,,,,,0.2,,,,,,,,,,,,,,,,,0,,,,,,,,,,,,,,
0798c8a1-b35c-49ee-80bd-088a8db5ac2c,247,1,00:06:57.286000,6,57,11,1.915868,3857292,16,Shot,770,Germany,4,From Throw In,770,Germany,,6324.0,Leon Goretzka,9.0,Right Defensive Midfield,,,,,,,118.1,57.8,40.0,Right Foot,87.0,Open Play,109.5,48.0,,,,101.0,Wayward,,,,,,,0.15352516,8c586b1a-462e-41c0-bcc9-463b4688ce39,93.0,Normal,True,,,,,,,,,,,,,,,,,,,,,,0,,,,,,,,,,,,,,
db2d1858-4ab3-4e4e-a10d-42da2c79e9c0,274,1,00:08:02.108000,8,2,13,0.749551,3857292,16,Shot,770,Germany,3,From Free Kick,770,Germany,,5562.0,Thomas Müller,23.0,Center Forward,,,,,,,120.0,46.3,37.0,Head,87.0,Open Play,108.2,42.4,,,,98.0,Off T,,,,,,,0.14610097,bd6ebba5-6a85-4958-bd8d-06eb84cf3583,90.0,Diving Header,,,,,,0.9,,,,,,,,,True,,,,,,,,0,,,,,,,,,,,,,,
dfa2c073-d0a6-4210-a1c2-ee150cb031c3,335,1,00:09:31.424000,9,31,17,0.983048,3857292,16,Shot,770,Germany,1,Regular Play,770,Germany,,8400.0,Serge Gnabry,21.0,Left Wing,,,,,,,120.0,43.7,37.0,Head,87.0,Open Play,111.9,33.1,,,,97.0,Goal,,,,,,,0.0895267,af230842-d331-494d-b351-fab242ca7859,93.0,Normal,,,,,,0.6,,,,,,,,,,,,,,,,,1,,,,,,,,,,,,,,
49104ff9-caab-401d-a095-663dbefd8ed0,536,1,00:13:56.826000,13,56,24,0.580574,3857292,16,Shot,770,Germany,1,Regular Play,770,Germany,,6324.0,Leon Goretzka,9.0,Right Defensive Midfield,,,,,,,119.2,37.0,37.0,Head,87.0,Open Play,113.1,35.8,,,,100.0,Saved,,,,,,,0.18187125,d2b4e6cb-c689-4f94-af06-ed1086cd7c1f,93.0,Normal,,,,,,0.6,,,,,,,,,True,,,,,,,,0,,,,,,,,,,,,,,
e9dd9e43-5510-4262-85ba-ff474f9497e8,798,1,00:20:33.384000,20,33,38,0.809318,3857292,16,Shot,770,Germany,2,From Corner,770,Germany,,5562.0,Thomas Müller,23.0,Center Forward,,,,,,,116.2,37.8,37.0,Head,87.0,Open Play,111.6,41.1,1.0,,,101.0,Wayward,True,,,,,,0.069567084,b2bf4ce9-c527-4a10-abbd-2244b78a0bc7,93.0,Normal,,,,,,,,,,,,,,,,,,,,,,,0,,,,,,,,,,,,,,
5b242fc1-be28-4ca0-9e6c-aa1d5d272b49,1244,1,00:29:32.506000,29,32,53,0.147628,3857292,16,Shot,770,Germany,7,From Goal Kick,770,Germany,,8400.0,Serge Gnabry,21.0,Left Wing,,,,,,,106.5,31.8,40.0,Right Foot,87.0,Open Play,105.2,30.9,,,,96.0,Blocked,,,,,,,0.044056788,,93.0,Normal,,,,,,,,,,,,,,,,,,,,,,,0,,,,,,,,,,,,,,
805ceac3-7f82-4f65-a472-a77dc0af4c1f,1420,1,00:34:03.140000,34,3,61,0.984352,3857292,16,Shot,770,Germany,1,Regular Play,770,Germany,,5579.0,Joshua Kimmich,2.0,Right Back,,,,,,,116.8,41.8,40.0,Right Foot,87.0,Open Play,92.4,55.8,,,,100.0,Saved,,,,,,,0.011488004,c0b80c69-25b6-457d-9ac9-cd400d5f1716,93.0,Normal,,,,,,0.6,,,,,,,,,,,,,,,,,0,,,,,,,,,,,,,,
8a4cc3e9-a372-4e57-99b6-e4dc17fee7a8,1502,1,00:35:30.504000,35,30,66,0.935532,3857292,16,Shot,770,Germany,1,Regular Play,770,Germany,,39565.0,Jamal Musiala,19.0,Center Attacking Midfield,,,,,,,120.0,48.8,40.0,Right Foot,87.0,Open Play,105.7,33.6,,,,98.0,Off T,,,,,,,0.16202919,4bb74f11-e4bf-4476-92bb-a3259d06ecd5,93.0,Normal,,,,,,0.2,,,,,,,,,,,,,,,,,0,,,,,,,,,,,,,,
144b76d4-3fe1-4f55-9f32-ca04aa1ab4f2,1667,1,00:38:59.552000,38,59,71,1.011256,3857292,16,Shot,770,Germany,4,From Throw In,770,Germany,,8400.0,Serge Gnabry,21.0,Left Wing,,,,,,,120.0,45.0,40.0,Right Foot,87.0,Open Play,106.4,28.9,,,,98.0,Off T,,,,,,,0.06251996,6f58b58e-7327-4dd5-bd3c-6b49369c78e1,93.0,Normal,,,,,,2.0,,,,,,,,,,,,,,,,,0,,,,,,,,,,,,,,
fd2700f8-654b-46a8-b02f-4f2fef7c2311,1793,1,00:41:56.089000,41,56,75,0.274195,3857292,16,Shot,795,Costa Rica,3,From Free Kick,795,Costa Rica,,130185.0,Keysher Fuller Spence,7.0,Right Wing Back,,,,,,,114.8,44.5,40.0,Right Foot,87.0,Open Play,107.3,51.1,,,,100.0,Saved,,,,,,,0.14103858,,91.0,Half Volley,,,,,,1.9,,,,,,,,,True,,,,,,,,0,,,,,,,,,,,,,,
3074f495-700d-416f-b0af-f2db45328354,1892,1,00:44:35.251000,44,35,80,0.699028,3857292,16,Shot,770,Germany,1,Regular Play,770,Germany,,3053.0,Leroy Sané,17.0,Right Wing,,,,,,,120.0,42.7,38.0,Left Foot,87.0,Open Play,98.5,47.8,1.0,,,98.0,Off T,,,,,,,0.080942705,36acf7e2-7fc5-44e6-be11-3e3f031c3fef,93.0,Normal,,,,,,5.8,,,,,,,,,,,,,,,,,0,,,,,,,,,,,,,,
cb8361bb-e9ea-49bc-8205-974e0ac622a1,1914,1,00:45:12.586000,45,12,82,0.124595,3857292,16,Shot,770,Germany,4,From Throw In,770,Germany,,3053.0,Leroy Sané,17.0,Right Wing,,,,,,,102.4,43.6,38.0,Left Foot,87.0,Open Play,99.5,44.5,,,,96.0,Blocked,,,,,,,0.078109905,,93.0,Normal,,,,,,,,,,,,,,,,,,,,,,,0,,,,,,,,,,,,,,
67d54d4d-844f-4ac4-867e-aacb398096d7,2280,2,00:06:11.567000,51,11,98,0.206691,3857292,16,Shot,795,Costa Rica,4,From Throw In,795,Costa Rica,,130185.0,Keysher Fuller Spence,17.0,Right Wing,,,,,,,113.3,48.4,40.0,Right Foot,87.0,Open Play,108.9,54.5,,,,96.0,Blocked,,,,,,,0.050267275,61e6ceef-4f98-4e47-98dc-26d6caf2ee83,93.0,Normal,True,,,,,,,,,,,,,,,,,,,,,,0,,,,,,,,,,,,,,
dabd4c5d-16d4-4a5f-9bb0-729dc6b66984,2295,2,00:06:29.486000,51,29,99,1.192249,3857292,16,Shot,795,Costa Rica,4,From Throw In,795,Costa Rica,,5839.0,Yeltsin Ignacio Tejeda Valverde,11.0,Left Defensive Midfield,,,,,,,118.4,41.2,40.0,Right Foot,87.0,Open Play,97.2,48.9,1.0,,,100.0,Saved,,,,,,,0.042256437,e64afcc9-50e3-44ec-87c1-89be11a64628,91.0,Half Volley,,,,,,0.5,,,,,,,,,,,,,,,,,0,,,,,,,,,,,,,,
166568eb-2118-4745-8aa6-af9cc5600440,2399,2,00:09:46.855000,54,46,105,0.124596,3857292,16,Shot,770,Germany,2,From Corner,770,Germany,,8400.0,Serge Gnabry,16.0,Left Midfield,,,,,,,104.3,30.1,40.0,Right Foot,87.0,Open Play,100.7,26.9,,,,96.0,Blocked,,,,,,,0.029866349,20525572-a212-403d-a3cd-3f008ffb448c,93.0,Normal,True,,,,,,,,,,,,,,,,,,,,,,0,,,,,,,,,,,,,,
dfa9f0c8-7c97-42fe-9d91-b21cee6dd5ff,2408,2,00:09:54.607000,54,54,105,1.127472,3857292,16,Shot,770,Germany,2,From Corner,770,Germany,,3053.0,Leroy Sané,12.0,Right Midfield,,,,,,,120.0,34.8,38.0,Left Foot,87.0,Open Play,91.0,39.6,,,,98.0,Off T,,,,,,,0.02438984,23265330-71b1-4a55-9867-7a0d00c9d429,93.0,Normal,,,,,,5.6,,,,,,,,,,,,,,,,,0,,,,,,,,,,,,,,
055a53fb-b5e1-4c23-b2dd-42f1399d5e3a,2533,2,00:12:38.072000,57,38,112,0.720493,3857292,16,Shot,795,Costa Rica,1,Regular Play,795,Costa Rica,,6328.0,Kendall Jamaal Waston Manley,3.0,Right Center Back,,,,,,,118.1,42.1,37.0,Head,87.0,Open Play,108.9,45.4,,,,100.0,Saved,,,,,,,0.099276,0574b70c-31d5-4a9c-90a7-03ab9f8995a4,90.0,Diving Header,,,,,,0.4,,,,,,,,,,,,,,,,,0,,,,,,,,,,,,,,
0f50a039-09dc-452b-aca2-543393201e24,2536,2,00:12:39.926000,57,39,112,0.301874,3857292,16,Shot,795,Costa Rica,1,Regular Play,795,Costa Rica,,5839.0,Yeltsin Ignacio Tejeda Valverde,11.0,Left Defensive Midfield,,,,,,,120.0,37.0,40.0,Right Foot,87.0,Open Play,114.3,38.1,,,,97.0,Goal,,,,,,,0.4798206,,93.0,Normal,True,,,,,0.2,,,,,,,,,,,,,,,,,1,,,,,,,,,,,,,,
2598e2b9-3709-4e47-b3da-d3d67bd19c9b,2593,2,00:15:12.563000,60,12,115,0.616273,3857292,16,Shot,770,Germany,1,Regular Play,770,Germany,,39565.0,Jamal Musiala,9.0,Right Defensive Midfield,,,,,,,120.0,44.0,38.0,Left Foot,87.0,Open Play,111.2,28.5,,,,99.0,Post,,,,,,,0.082946144,366e3190-9420-4d56-a672-032ccb1dde7d,93.0,Normal,,,,,,0.5,,,,,,,,,,,,,,,,,0,,,,,,,,,,,,,,
018ae12c-956d-42f9-828b-63ec2dc7eabf,2596,2,00:15:14.131000,60,14,115,0.495131,3857292,16,Shot,770,Germany,6,From Counter,770,Germany,,39565.0,Jamal Musiala,9.0,Right Defensive Midfield,,,,,,,120.0,41.8,40.0,Right Foot,87.0,Open Play,117.3,31.5,,,,98.0,Off T,,,,,,,0.1066145,,95.0,Volley,True,,,,,6.9,,,,,,,,,,,,,,,,,0,,,,,,,,,,,,,,
e9d3617f-6951-47d3-a0f0-f99a6bd56390,2612,2,00:16:01.958000,61,1,117,0.06298,3857292,16,Shot,770,Germany,1,Regular Play,770,Germany,,5562.0,Thomas Müller,24.0,Left Center Forward,,,,,,,107.8,46.7,40.0,Right Foot,87.0,Open Play,106.3,47.2,,,,96.0,Blocked,,,,,,,0.05438086,fcd12e61-e3fb-4922-aec7-e6950c23f730,93.0,Normal,,,,,,,,,,,,,,,,,,,,,,,0,,,,,,,,,,,,,,
fd610db8-b330-48eb-a1ef-a12f8f806da2,2629,2,00:16:42.607000,61,42,118,0.405299,3857292,16,Shot,770,Germany,2,From Corner,770,Germany,,3167.0,Antonio Rüdiger,5.0,Left Center Back,,,,,,,120.0,44.0,40.0,Right Foot,87.0,Open Play,114.5,44.2,1.0,,,99.0,Post,,1.0,,,,,0.41498688,e086816f-8ced-41bd-b045-6c98e3e65c3d,93.0,Normal,True,,,,,1.3,,,,,,,,,,,,,,,,,0,,,,,,,,,,,,,,
a8dd6050-20d1-4d57-a0b4-975123e422f3,2768,2,00:21:28.011000,66,28,128,0.885653,3857292,16,Shot,770,Germany,4,From Throw In,770,Germany,,39565.0,Jamal Musiala,15.0,Left Center Midfield,,,,,,,120.0,43.8,40.0,Right Foot,87.0,Open Play,100.6,27.6,,,,99.0,Post,,,,,,,0.037713535,e15429d1-feae-4e00-a29a-90fba07d0313,93.0,Normal,,,,,,0.8,,,,,,,,,,,,,,,,,0,,,,,,,,,,,,,,
3cfb6e0c-ae3c-4b49-a37a-377dc5b6df9d,2788,2,00:21:50.389000,66,50,128,0.855041,3857292,16,Shot,770,Germany,4,From Throw In,770,Germany,,8966.0,Kai Havertz,24.0,Left Center Forward,,,,,,,120.0,39.3,40.0,Right Foot,87.0,Open Play,107.3,35.1,,,,98.0,Off T,,,,,,,0.110909514,0aa3b001-4f78-459d-831f-5361d3fac282,91.0,Half Volley,,,,,,7.1,,,,,,,,,,,,,,,,,0,,,,,,,,,,,,,,
f34140d6-7990-45d4-8b8a-8a12624f8616,2829,2,00:24:06.649000,69,6,132,0.178164,3857292,16,Shot,795,Costa Rica,3,From Free Kick,795,Costa Rica,,27163.0,Juan Pablo Vargas Campos,5.0,Left Center Back,,,,,,,117.3,42.9,38.0,Left Foot,87.0,Open Play,116.1,43.1,,,,100.0,Saved,,,,,,,0.18427365,,95.0,Volley,True,,,,,1.9,,,,,,,,,,,,,,,,,0,,,,,,,,,,,,,,
d03c0663-2128-47f5-b6ac-e2b29c6b6e2a,2895,2,00:27:04.007000,72,4,133,0.71275,3857292,16,Shot,770,Germany,9,From Kick Off,770,Germany,,8966.0,Kai Havertz,24.0,Left Center Forward,,,,,,,120.0,38.0,40.0,Right Foot,87.0,Open Play,109.3,42.6,,,,97.0,Goal,,,,,,,0.4749194,40b2f552-5801-44d8-9a54-0900cd7a63bf,91.0,Half Volley,,,,,,1.0,,,,,,,,,,,,,,,,,1,,,,,,,,,,,,,,
43f8c49e-9971-4ece-bb35-345fe985af1a,2927,2,00:28:55.280000,73,55,135,2.139059,3857292,16,Shot,770,Germany,3,From Free Kick,770,Germany,,8966.0,Kai Havertz,24.0,Left Center Forward,,,,,,,120.0,51.0,38.0,Left Foot,87.0,Open Play,102.8,36.0,,,,98.0,Off T,,,,,,,0.14038351,,93.0,Normal,True,,,,,0.2,,,,,,,,,,,,,,,,,0,,,,,,,,,,,,,,
7b40a901-b95b-4b1b-b118-41a9f08a8f2c,2986,2,00:30:18.761000,75,18,140,0.065998,3857292,16,Shot,770,Germany,6,From Counter,770,Germany,,8546.0,Niclas Füllkrug,22.0,Right Center Forward,,,,,,,119.0,43.5,40.0,Right Foot,87.0,Open Play,115.2,44.6,,,,100.0,Saved,,,,,,,0.36338806,caf65127-cdfc-4e92-8774-c4d8e6c9cc08,91.0,Half Volley,True,,,,,1.1,,,,,,,,,,,,,,,,,0,,,,,,,,,,,,,,
c4be5b76-93e5-456f-8861-2882284bd2ea,3063,2,00:34:04.487000,79,4,145,1.277174,3857292,16,Shot,795,Costa Rica,4,From Throw In,795,Costa Rica,,132728.0,Jewison Bennette,17.0,Right Wing,,,,,,,120.0,33.5,38.0,Left Foot,87.0,Open Play,94.4,46.4,,,,98.0,Off T,,,,,,,0.037811525,9cbfcdb5-11e2-4d79-8b71-126ff0d3d57c,93.0,Normal,,,,,,5.6,,,,,,,,,,,,,,,,,0,,,,,,,,,,,,,,
49e1cff1-12c4-45a1-81db-43575e6f0337,3247,2,00:38:02.885000,83,2,153,0.897148,3857292,16,Shot,770,Germany,3,From Free Kick,770,Germany,,39565.0,Jamal Musiala,15.0,Left Center Midfield,,,,,,,120.0,41.7,40.0,Right Foot,87.0,Open Play,104.6,30.8,,,,98.0,Off T,,,,,,,0.060394496,,93.0,Normal,,,,,,5.7,,,,,,,,,,,,,,,,,0,,,,,,,,,,,,,,
02c29470-d751-4a39-b438-d7f2d1de3f23,3274,2,00:39:02.797000,84,2,155,0.682053,3857292,16,Shot,770,Germany,1,Regular Play,770,Germany,,8966.0,Kai Havertz,24.0,Left Center Forward,,,,,,,120.0,42.7,38.0,Left Foot,87.0,Open Play,113.1,37.6,,,,97.0,Goal,,,,,,,0.31018513,d763a598-4e9f-40ac-b933-9af87a0f20c2,91.0,Half Volley,True,,,,,0.9,,,,,,,,,,,,,,,,,1,,,,,,,,,,,,,,
9ad23384-ef5e-4fa5-95c8-08682dcae51c,3302,2,00:40:21.608000,85,21,157,0.35769,3857292,16,Shot,770,Germany,6,From Counter,770,Germany,,8966.0,Kai Havertz,24.0,Left Center Forward,,,,,,,116.1,35.9,38.0,Left Foot,87.0,Open Play,110.4,27.0,,,,100.0,Saved,,,,,,,0.11890341,6a6c7386-bcf3-405b-a16c-093d66c0cbd3,93.0,Normal,,,,,,1.6,,,,,,,,,True,,,,,,,,0,,,,,,,,,,,,,,
1ded8989-6b70-46d5-9da4-808a6fc26f1b,3305,2,00:40:23.460000,85,23,157,1.062768,3857292,16,Shot,770,Germany,6,From Counter,770,Germany,,8227.0,Mario Götze,13.0,Right Center Midfield,,,,,,,117.5,39.6,37.0,Head,87.0,Open Play,107.0,43.6,,,,100.0,Saved,,,,,,,0.066507556,,93.0,Normal,,,,,,2.2,,,,,,,,,,,,,,,,,0,,,,,,,,,,,,,,
6c6e16bb-f504-4982-a836-0ad9fc0104a6,3445,2,00:43:13.892000,88,13,161,0.540873,3857292,16,Shot,770,Germany,4,From Throw In,770,Germany,,8546.0,Niclas Füllkrug,22.0,Right Center Forward,,,,,,,120.0,42.8,38.0,Left Foot,87.0,Open Play,114.8,42.5,,,,97.0,Goal,,,,,,,0.510154,6824dcd8-bb69-4c47-b8ab-1a3f6980cb47,91.0,Half Volley,True,,,,,0.4,,,,,,,,,,,,,,,,,1,,,,,,,,,,,,,,
e8cf9c97-3526-4da0-b1c6-fae5cdf41cfd,3634,2,00:49:58.701000,94,58,167,0.165898,3857292,16,Shot,770,Germany,1,Regular Play,770,Germany,,8546.0,Niclas Füllkrug,22.0,Right Center Forward,,,,,,,103.5,39.1,40.0,Right Foot,87.0,Open Play,101.1,39.1,,,,96.0,Blocked,,,,,,,0.046867393,7887d660-f6c9-413b-93a2-eb50342d1139,91.0,Half Volley,,,,,,,,,,,,,,,,,,,,,,,0,,,,,,,,,,,,,,
4a9a7252-482a-415b-9acd-b60dc7afe852,3653,2,00:50:14.452000,95,14,167,0.562518,3857292,16,Shot,770,Germany,1,Regular Play,770,Germany,,8546.0,Niclas Füllkrug,22.0,Right Center Forward,,,,,,,120.0,40.2,37.0,Head,87.0,Open Play,117.9,32.7,,,,98.0,Off T,,,,,,,0.13407986,d774b3a2-365a-4566-9115-8ef5edebc320,93.0,Normal,,,,,,3.9,,,,,,,,,True,,,,,,,,0,,,,,,,,,,,,,,
72216d72-5229-41b2-9198-4e5a343eb78a,3857,2,00:54:26.806000,99,26,176,0.114631,3857292,16,Shot,770,Germany,1,Regular Play,770,Germany,,39565.0,Jamal Musiala,15.0,Left Center Midfield,,,,,,,117.1,39.2,38.0,Left Foot,87.0,Open Play,107.5,40.3,,,,100.0,Saved,,,,,,,0.085460834,ddb25c9f-7d8d-4847-beff-db7943372a20,93.0,Normal,,,,,,1.6,,,,,,,,,,,,,,,,,0,True,,,,,,,,,,,,,
2150f4a1-11c4-4273-ace0-3b9f9483287f,88,1,00:02:18.810000,2,18,8,2.010808,3857295,16,Shot,778,Japan,1,Regular Play,778,Japan,,8361.0,Ritsu Doan,12.0,Right Midfield,,,,,,,120.0,15.2,38.0,Left Foot,87.0,Open Play,91.7,53.8,,,,101.0,Wayward,,1.0,,,,,0.015573137,31b645f1-3d6f-4005-990f-2eea5b0544bc,91.0,Half Volley,True,,,,,,,,,,,,,,,,,,,,,,0,,,,,,,,,,,,,,
a4a5da42-0a22-4fd7-9408-fc83c588f603,113,1,00:03:36.304000,3,36,10,0.653217,3857295,16,Shot,795,Costa Rica,3,From Free Kick,795,Costa Rica,,132497.0,Gerson Torres Barrantes,17.0,Right Wing,,,,,,,101.5,42.2,38.0,Left Foot,87.0,Open Play,90.1,47.7,,,,101.0,Wayward,,,,,,,0.01353695,,95.0,Volley,True,,,,,,,,,,,,,,,,,,,,,,0,,,,,,,,,,,,,,
cb38d9a0-e2fc-4103-b7eb-25b54cbcc69e,1570,1,00:34:14.284000,34,14,61,0.722476,3857295,16,Shot,795,Costa Rica,1,Regular Play,795,Costa Rica,,5600.0,Francisco Javier Calvo Quesada,5.0,Left Center Back,,,,,,,105.3,35.9,38.0,Left Foot,87.0,Open Play,91.0,26.8,,,,96.0,Blocked,,,,,,,0.014244432,,91.0,Half Volley,True,,,,,,,,,,,,,,,,,,,,,,0,,,,,,,,,,,,,,
6e86c991-a8bd-4041-802a-dc291e94ab54,1578,1,00:34:18.212000,34,18,61,1.604579,3857295,16,Shot,795,Costa Rica,1,Regular Play,795,Costa Rica,,5581.0,Joel Nathaniel Campbell Samuels,21.0,Left Wing,,,,,,,120.0,46.3,38.0,Left Foot,87.0,Open Play,101.0,29.1,,,,98.0,Off T,,,,,,,0.051288527,f0241dbd-f487-46c1-a188-188087c9bf3e,93.0,Normal,True,,,,,4.9,,,,,,,,,,,,,,,,,0,,,,,,,,,,,,,,
e4a676fe-1397-48c1-8aca-6c1780b66a22,1763,1,00:37:45.154000,37,45,66,0.14482,3857295,16,Shot,778,Japan,1,Regular Play,778,Japan,,23721.0,Wataru Endo,9.0,Right Defensive Midfield,,,,,,,103.1,50.4,38.0,Left Foot,87.0,Open Play,100.1,51.7,,,,96.0,Blocked,,,,,,,0.03132781,4faa91d5-1a03-46a4-ae1c-d718411c66ea,93.0,Normal,,,,,,,,,,,,,,,,,,,,,,,0,,,,,,,,,,,,,,
94534163-21ab-4b88-ae9e-4338f4a44dc6,2112,2,00:00:25.265000,45,25,80,0.614826,3857295,16,Shot,778,Japan,9,From Kick Off,778,Japan,,37221.0,Hidemasa Morita,11.0,Left Defensive Midfield,,,,,,,118.2,38.0,40.0,Right Foot,87.0,Open Play,101.4,30.9,,,,100.0,Saved,,,,,,,0.09737273,a643c2cf-48d6-4488-bc36-566120c00371,93.0,Normal,,,,,,1.8,,,,,,,,,,,,,,,,,0,,,,,,,,,,,,,,
9d3af2e4-af04-400f-aaa2-603b43d53eba,2115,2,00:00:28.048000,45,28,80,0.509524,3857295,16,Shot,778,Japan,9,From Kick Off,778,Japan,,8949.0,Takuma Asano,23.0,Center Forward,,,,,,,109.5,46.0,40.0,Right Foot,87.0,Open Play,104.1,50.2,,,,96.0,Blocked,,,,,,,0.051375452,,95.0,Volley,True,,,,,,,,,,,,,,,,,,,,,,0,,,,,,,,,,,,,,
1c2f2a54-2e26-4298-840f-1ae42f716b4a,2179,2,00:02:09.699000,47,9,84,0.451737,3857295,16,Shot,778,Japan,4,From Throw In,778,Japan,,23721.0,Wataru Endo,9.0,Right Defensive Midfield,,,,,,,107.1,40.9,40.0,Right Foot,87.0,Open Play,95.2,41.1,1.0,,,96.0,Blocked,,,,,,,0.042255066,62dfaaa4-4503-418d-a4d5-3f3cd3925bc0,93.0,Normal,,,,,,,,,,,,,,,,,,,,,,,0,,,,,,,,,,,,,,
79a770c1-3ec1-4ea5-b834-9a58ed3b3843,2184,2,00:02:13.609000,47,13,84,0.921649,3857295,16,Shot,778,Japan,4,From Throw In,778,Japan,,8949.0,Takuma Asano,23.0,Center Forward,,,,,,,119.0,37.2,37.0,Head,87.0,Open Play,107.6,37.5,,,,100.0,Saved,,,,,,,0.08747226,5fb29962-9708-4205-bae0-f9b890668820,93.0,Normal,,,,,,1.0,,,,,,,,,,,,,,,,,0,,,,,,,,,,,,,,
c9896243-7ed2-4bc8-b843-8c8f26785909,2226,2,00:04:26.757000,49,26,91,0.105329,3857295,16,Shot,778,Japan,2,From Corner,778,Japan,,29595.0,Ko Itakura,3.0,Right Center Back,,,,,,,107.3,39.7,38.0,Left Foot,87.0,Open Play,105.0,40.0,,,,96.0,Blocked,,,,,,,0.07774679,daae848c-5221-4e5c-9363-689615f5d171,93.0,Normal,,,,,,,,,,,,,,,,,,,,,,,0,,,,,,,,,,,,,,
ac8028fd-d64c-4c42-9434-91109755b4c4,2232,2,00:04:29.192000,49,29,91,0.090906,3857295,16,Shot,778,Japan,2,From Corner,778,Japan,,23721.0,Wataru Endo,9.0,Right Defensive Midfield,,,,,,,104.6,34.7,40.0,Right Foot,87.0,Open Play,103.1,34.1,,,,96.0,Blocked,,,,,,,0.04122181,,93.0,Normal,,,,,,,,,,,,,,,,,,,,,,,0,,,,,,,,,,,,,,
e4d8f973-7517-497c-8ff8-dcd54dde1da1,2476,2,00:11:21.360000,56,21,101,1.686043,3857295,16,Shot,778,Japan,7,From Goal Kick,778,Japan,,37122.0,Yuki Soma,8.0,Left Wing Back,,,,,,,120.0,62.1,40.0,Right Foot,87.0,Open Play,105.4,22.1,,,,101.0,Wayward,,1.0,,,,,0.022210024,714fd513-7be2-4105-9462-66f5c70badc0,93.0,Normal,,,,,,,,,,,,,,,,,,,,,,,0,,,,,,,,,,,,,,
5c777610-a1b0-48e9-a812-56700c22a73f,2730,2,00:17:40.902000,62,40,110,1.031032,3857295,16,Shot,778,Japan,3,From Free Kick,778,Japan,,37122.0,Yuki Soma,7.0,Right Wing Back,,,,,,,120.0,38.6,40.0,Right Foot,62.0,Free Kick,98.1,35.7,,,,98.0,Off T,,,,,,,0.08557594,,93.0,Normal,,,,,,4.6,,,,,,,,,,,,,,,,,0,,,,,,,,,,,,,,
edf74f91-d82b-4112-a643-af4832f68dbd,3044,2,00:26:22.221000,71,22,124,0.303291,3857295,16,Shot,778,Japan,3,From Free Kick,778,Japan,,9411.0,Daichi Kamada,21.0,Left Wing,,,,,,,109.6,42.4,40.0,Right Foot,62.0,Free Kick,101.2,43.2,,,,96.0,Blocked,,,,,,,0.10029054,,93.0,Normal,,,,,,,,,,,,,,,,,,,,,,,0,,,,,,,,,,,,,,
0491c47e-916f-4501-8833-db9188ca2525,3049,2,00:26:24.653000,71,24,124,0.449593,3857295,16,Shot,778,Japan,3,From Free Kick,778,Japan,,37122.0,Yuki Soma,7.0,Right Wing Back,,,,,,,107.0,40.7,40.0,Right Foot,87.0,Open Play,95.7,44.3,,,,96.0,Blocked,,,,,,,0.027111016,,91.0,Half Volley,,,,,,,,,,,,,,,,,,,,,,,0,,,,,,,,,,,,,,
52d08b93-5f43-4a98-9710-a1441d063e98,3316,2,00:35:08.241000,80,8,141,0.342671,3857295,16,Shot,795,Costa Rica,1,Regular Play,795,Costa Rica,,130185.0,Keysher Fuller Spence,7.0,Right Wing Back,,,,,,,120.0,36.9,38.0,Left Foot,87.0,Open Play,102.6,47.5,,,,97.0,Goal,,,,,,,0.120298475,1a7221dd-b2ca-4e29-bb67-c019ab57e055,93.0,Normal,,,,,,2.0,,,,,,,,,,,,,,,,,1,True,,,,,,,,,,,,,
085c9b03-1324-4a89-9bfd-8a93f24bb907,3612,2,00:42:48.108000,87,48,151,0.429374,3857295,16,Shot,778,Japan,1,Regular Play,778,Japan,,9411.0,Daichi Kamada,21.0,Left Wing,,,,,,,117.8,37.7,40.0,Right Foot,87.0,Open Play,108.0,37.6,,,,100.0,Saved,,,,,,,0.09400092,,93.0,Normal,True,,,,,0.1,,,,,,,,,,,,,,,,,0,,,,,,,,,,,,,,
545c2c84-018f-4570-a01c-753823feaeac,192,1,00:04:40.798000,4,40,14,0.94819,3869685,16,Shot,779,Argentina,1,Regular Play,779,Argentina,,27886.0,Alexis Mac Allister,15.0,Left Center Midfield,,,,,,,117.3,38.3,40.0,Right Foot,87.0,Open Play,92.4,30.0,,,,100.0,Saved,,,,,,,0.024542088,b8d55d4b-37dc-4491-ad9c-baa235eec9df,93.0,Normal,,,,,,0.8,,,,,,,,,,,,,,,,,0,,,,,,,,,,,,,,
4ad26294-8aaf-4d69-83dd-bbf9ef797b32,340,1,00:07:36.537000,7,36,18,0.422018,3869685,16,Shot,779,Argentina,1,Regular Play,779,Argentina,,7797.0,Rodrigo Javier De Paul,13.0,Right Center Midfield,,,,,,,108.1,40.4,40.0,Right Foot,87.0,Open Play,99.2,47.9,,,,96.0,Blocked,,,,,,,0.062813334,a2ce05f8-e1cd-4efb-865a-257a45a38cc0,93.0,Normal,,,,,,,,,,,,,,,,,,,,,,,0,,,,,,,,,,,,,,
6d498191-05f0-432c-8764-03aea4ef9fb8,602,1,00:16:15.886000,16,15,27,0.87298,3869685,16,Shot,779,Argentina,1,Regular Play,779,Argentina,,2995.0,Ángel Fabián Di María Hernández,21.0,Left Wing,,,,,,,120.0,39.6,40.0,Right Foot,87.0,Open Play,103.1,34.6,,,,98.0,Off T,,,,,,,0.106800534,,93.0,Normal,True,,,,,7.5,,,,,,,,,,,,,,,,,0,,,,,,,,,,,,,,
f227a92e-d86c-4f3d-aa75-5ccb71adcae6,979,1,00:31:35.181000,31,35,46,3.284765,3869685,16,Shot,779,Argentina,1,Regular Play,779,Argentina,,27886.0,Alexis Mac Allister,15.0,Left Center Midfield,,,,,,,112.3,80.0,40.0,Right Foot,87.0,Open Play,94.3,23.5,,,,101.0,Wayward,,1.0,,,,,0.010577817,1309a242-14ad-4a9c-b91c-45a568c57574,91.0,Half Volley,True,,,,,,,,,,,,,,,,,,,,,,0,,,,,,,,,,,,,,
ef86f4d9-7acd-4ed0-a5ec-9129079e8fbe,1178,1,00:35:22.647000,35,22,52,0.466153,3869685,16,Shot,779,Argentina,6,From Counter,779,Argentina,,2995.0,Ángel Fabián Di María Hernández,21.0,Left Wing,,,,,,,120.0,41.7,38.0,Left Foot,87.0,Open Play,111.8,32.1,,,,97.0,Goal,,,,,,,0.30340916,ed70825d-8a40-470d-8b30-fd315ab5f0a6,93.0,Normal,True,,,,,0.5,,,,,,,,,,,,,,,,,1,,,,,,,,,,,,,,
13a4889d-ad08-41be-9125-24c4c7d7879a,1916,2,00:03:49.971000,48,49,86,0.86795,3869685,16,Shot,779,Argentina,4,From Throw In,779,Argentina,,7797.0,Rodrigo Javier De Paul,13.0,Right Center Midfield,,,,,,,117.6,41.6,40.0,Right Foot,87.0,Open Play,103.3,52.3,,,,100.0,Saved,,,,,,,0.040216275,d2e57de9-01bc-4d2e-8383-3822d5cb21b7,95.0,Volley,True,,,,,1.3,,,,,,,,,,,,,,,,,0,,,,,,,,,,,,,,
43691970-1dad-4e11-bd29-48f640c55ea1,2204,2,00:13:21.380000,58,21,107,0.426019,3869685,16,Shot,779,Argentina,3,From Free Kick,779,Argentina,,29560.0,Julián Álvarez,23.0,Center Forward,,,,,,,119.4,35.8,38.0,Left Foot,87.0,Open Play,110.5,24.9,,,,100.0,Saved,,,,,,,0.05953379,6927b0fd-c43c-43d1-9cd1-b6a0d22b97cd,93.0,Normal,,,,,,0.2,,,,,,,,,True,,,,,,,,0,,,,,,,,,,,,,,
9615ffbc-b513-45e6-9ccc-015234483f95,2235,2,00:14:51.755000,59,51,116,0.718656,3869685,16,Shot,779,Argentina,1,Regular Play,779,Argentina,,5503.0,Lionel Andrés Messi Cuccittini,17.0,Right Wing,,,,,,,120.0,45.5,40.0,Right Foot,87.0,Open Play,109.7,46.0,,,,98.0,Off T,,,,,,,0.11555985,fae50a7c-334c-4b1f-9f33-57cfa86af990,93.0,Normal,,,,,,1.5,,,,,,,,,,,,,,,,,0,,,,,,,,,,,,,,
9f6285ff-9b32-4a46-a4a0-74c1ca89276c,2517,2,00:22:15.084000,67,15,131,0.803718,3869685,16,Shot,771,France,2,From Corner,771,France,,22097.0,Randal Kolo Muani,17.0,Right Wing,,,,,,,120.0,31.5,37.0,Head,87.0,Open Play,113.4,34.6,1.0,,,98.0,Off T,True,,,,,,0.09618377,c9b65458-c8c6-48b0-a94d-0b6ca28cfc1b,93.0,Normal,,,,,,1.1,,,,,,,,,,,,,,,,,0,,,,,,,,,,,,,,
b2d43671-a3e6-4709-9c0c-646442c1074c,2658,2,00:25:09.207000,70,9,138,0.90957,3869685,16,Shot,771,France,1,Regular Play,771,France,,3009.0,Kylian Mbappé Lottin,21.0,Left Wing,,,,,,,120.0,38.8,40.0,Right Foot,87.0,Open Play,102.5,27.9,,,,98.0,Off T,,,,,,,0.050644457,,93.0,Normal,,,,,,4.5,,,,,,,,,,,,,,,,,0,,,,,,,,,,,,,,
43b2d123-6945-4a7c-8292-f7792af341f9,2691,2,00:26:31.216000,71,31,139,1.099332,3869685,16,Shot,779,Argentina,7,From Goal Kick,779,Argentina,,38718.0,Enzo Fernandez,10.0,Center Defensive Midfield,,,,,,,117.8,40.4,40.0,Right Foot,87.0,Open Play,98.9,32.2,,,,100.0,Saved,,,,,,,0.041589838,6df8ce2d-052e-42fe-ab80-f3ff68526fd2,93.0,Normal,,,,,,1.7,,,,,,,,,,,,,,,,,0,,,,,,,,,,,,,,
03fb2918-e1e7-4ec8-89ff-7bc5531e853d,2987,2,00:35:59.025000,80,59,165,0.869946,3869685,16,Shot,771,France,4,From Throw In,771,France,,3009.0,Kylian Mbappé Lottin,24.0,Left Center Forward,,,,,,,120.0,41.5,40.0,Right Foot,87.0,Open Play,104.8,30.1,,,,97.0,Goal,,,,,,,0.1017027,7b1441f1-4911-44d7-ac4b-f3f8f11daa76,95.0,Volley,True,,,,,0.3,,,,,,,,,,,,,,,,,1,,,,,,,,,,,,,,
fe277079-395a-4ff3-bb29-e99d93014014,3037,2,00:38:23.690000,83,23,167,0.403089,3869685,16,Shot,779,Argentina,4,From Throw In,779,Argentina,,38718.0,Enzo Fernandez,10.0,Center Defensive Midfield,,,,,,,101.8,38.1,40.0,Right Foot,87.0,Open Play,92.2,35.9,,,,96.0,Blocked,,,,,,,0.030159522,79c08284-37ea-4a68-8d22-4c6a7de3f863,93.0,Normal,,,,,,,,,,,,,,,,,,,,,,,0,,,,,,,,,,,,,,
5dbcde3d-ba75-483d-a65f-72d2b99ff713,3257,2,00:47:57.862000,92,57,183,0.162324,3869685,16,Shot,771,France,6,From Counter,771,France,,3009.0,Kylian Mbappé Lottin,24.0,Left Center Forward,,,,,,,100.7,33.5,40.0,Right Foot,87.0,Open Play,95.9,32.2,,,,96.0,Blocked,,,,,,,0.0324491,,93.0,Normal,,,,,,,,,,,,,,,,,,,,,,,0,,,,,,,,,,,,,,
8d2a6599-cc25-41a2-acde-41d10194b5bd,3283,2,00:48:45.484000,93,45,184,0.569118,3869685,16,Shot,771,France,2,From Corner,771,France,,3026.0,Adrien Rabiot,11.0,Left Defensive Midfield,,,,,,,118.0,36.6,38.0,Left Foot,87.0,Open Play,108.9,28.5,,,,100.0,Saved,,,,,,,0.09333491,a67188a4-cc46-490a-a507-f0578fe89668,93.0,Normal,True,,,,,0.2,,,,,,,,,,,,,,,,,0,,,,,,,,,,,,,,
867b8791-49c0-4d98-a976-c0b4cfc1cb5a,3389,2,00:51:37.226000,96,37,191,0.660113,3869685,16,Shot,779,Argentina,1,Regular Play,779,Argentina,,5503.0,Lionel Andrés Messi Cuccittini,17.0,Right Wing,,,,,,,117.6,39.3,38.0,Left Foot,87.0,Open Play,96.2,40.9,,,,100.0,Saved,,,,,,,0.0430315,482b934b-9cec-4ebc-a750-67348cf50d41,93.0,Normal,,,,,,2.3,,,,,,,,,,,,,,,,,0,,,,,,,,,,,,,,
d8c05bb0-ddb1-4ff2-9dbf-ba17b00a5359,3526,3,00:02:05.384000,92,5,200,0.867141,3869685,16,Shot,779,Argentina,3,From Free Kick,779,Argentina,,27886.0,Alexis Mac Allister,15.0,Left Center Midfield,,,,,,,120.0,28.0,40.0,Right Foot,87.0,Open Play,98.2,23.8,,,,98.0,Off T,,,,,,,0.019259434,,91.0,Half Volley,True,,,,,0.3,,,,,,,,,,,,,,,,,0,,,,,,,,,,,,,,
db8267ad-256a-450d-997f-382a4d545634,3802,3,00:09:54.465000,99,54,213,0.414646,3869685,16,Shot,771,France,3,From Free Kick,771,France,,11990.0,Youssouf Fofana,11.0,Left Defensive Midfield,,,,,,,103.3,40.4,40.0,Right Foot,87.0,Open Play,89.8,39.9,,,,96.0,Blocked,,,,,,,0.023031652,,93.0,Normal,,,,,,,,,,,,,,,,,,,,,,,0,,,,,,,,,,,,,,
d3ba40fa-09d6-4488-b17d-672aaa2928d7,3930,3,00:14:28.023000,104,28,218,0.134648,3869685,16,Shot,779,Argentina,1,Regular Play,779,Argentina,,11456.0,Lautaro Javier Martínez,23.0,Center Forward,,,,,,,110.6,44.2,40.0,Right Foot,87.0,Open Play,108.8,45.3,,,,96.0,Blocked,,,,,,,0.23260574,4110d7e1-c550-49c4-a07f-80df35b94088,93.0,Normal,,,,,,,,,,,,,,,,,,,,,,,0,,,,,,,,,,,,,,
a1654330-3747-4a25-b244-26ba2884c91c,3934,3,00:14:30.401000,104,30,218,0.668562,3869685,16,Shot,779,Argentina,1,Regular Play,779,Argentina,,28263.0,Gonzalo Ariel Montiel,2.0,Right Back,,,,,,,112.7,41.0,40.0,Right Foot,87.0,Open Play,96.3,49.4,,,,96.0,Blocked,,,,,,,0.020604363,,91.0,Half Volley,True,,,,,,,,,,,,,,,,,,,,,,0,,,,,,,,,,,,,,
5d7d4f2f-62da-4de9-90e3-3660ba17c4f3,3970,3,00:15:41.223000,105,41,221,1.060919,3869685,16,Shot,779,Argentina,6,From Counter,779,Argentina,,11456.0,Lautaro Javier Martínez,23.0,Center Forward,,,,,,,120.0,34.9,38.0,Left Foot,87.0,Open Play,105.1,33.5,,,,98.0,Off T,,,,,,,0.14029205,3607594a-faed-4ae3-8b21-8beb96f52e86,91.0,Half Volley,,,,,,0.6,,,,,,,,,,,,,,,,,0,,,,,,,,,,,,,,
8bb8c7b5-9c14-4dfa-9279-0548ee8076db,4042,4,00:01:55.723000,106,55,226,0.934735,3869685,16,Shot,779,Argentina,4,From Throw In,779,Argentina,,5503.0,Lionel Andrés Messi Cuccittini,17.0,Right Wing,,,,,,,119.0,43.9,38.0,Left Foot,87.0,Open Play,103.6,55.8,,,,100.0,Saved,,,,,,,0.024784861,9757031a-9738-49c1-b305-c84a78b06992,91.0,Half Volley,True,,,,,0.2,,,,,,,,,,,,,,,,,0,,,,,,,,,,,,,,
40cbfd91-87d9-4df8-a575-533b5c26767f,4067,4,00:02:57.018000,107,57,228,0.275733,3869685,16,Shot,779,Argentina,1,Regular Play,779,Argentina,,11456.0,Lautaro Javier Martínez,23.0,Center Forward,,,,,,,118.7,44.1,40.0,Right Foot,87.0,Open Play,114.4,52.0,,,,100.0,Saved,,,,,,,0.10407211,25ac6afd-9d87-4d4a-a79d-13d413233505,93.0,Normal,,,,,,1.8,,,,,,,,,True,,,,,,,,0,,,,,,,,,,,,,,
54b889ec-6026-49ea-a913-e883dbe6e301,4070,4,00:02:58.079000,107,58,228,0.330581,3869685,16,Shot,779,Argentina,1,Regular Play,779,Argentina,,5503.0,Lionel Andrés Messi Cuccittini,17.0,Right Wing,,,,,,,120.0,40.9,40.0,Right Foot,87.0,Open Play,116.6,43.0,,,,97.0,Goal,,,,,,,0.48840353,,91.0,Half Volley,True,,,,,0.3,,,,,,,,,,,,,,,,,1,,,,,,,,,,,,,,
08f2f203-cdc9-4146-99b6-818c5c32bf70,4199,4,00:10:38.948000,115,38,237,0.128318,3869685,16,Shot,771,France,2,From Corner,771,France,,3009.0,Kylian Mbappé Lottin,24.0,Left Center Forward,,,,,,,104.5,29.1,40.0,Right Foot,87.0,Open Play,101.4,26.6,,,,96.0,Blocked,,,,,,,0.03075741,,93.0,Normal,,,,,,,,,,,,,,,,,,,,,,,0,,,,,,,,,,,,,,
959edead-09fb-40b0-b6a3-72e73bd30d5a,4337,4,00:17:44.376000,122,44,245,0.212606,3869685,16,Shot,771,France,3,From Free Kick,771,France,,22097.0,Randal Kolo Muani,22.0,Right Center Forward,,,,,,,109.7,44.1,40.0,Right Foot,87.0,Open Play,103.7,45.1,,,,100.0,Saved,,,,,,,0.27751395,d56cde7d-5b7b-45d7-9a28-49b6d4dcfc69,91.0,Half Volley,True,,,,,0.5,,,,,,,,,,,,,,,,,0,,,,,,,,,,,,,,
449f2702-ad18-4bc8-a9ef-59fb1dc1a707,4357,4,00:17:59.834000,122,59,246,0.914533,3869685,16,Shot,779,Argentina,1,Regular Play,779,Argentina,,11456.0,Lautaro Javier Martínez,24.0,Left Center Forward,,,,,,,120.0,46.5,37.0,Head,87.0,Open Play,110.8,41.6,,,,98.0,Off T,,,,,,,0.10655013,fc143837-ac4c-4606-84d0-8d4d2c4c1f22,93.0,Normal,,,,,,1.5,,,,,,,,,,,,,,,,,0,,,,,,,,,,,,,,
49c5d1ba-1fd9-4f18-a682-cbd2c57eb9dc,264,1,00:06:28.577000,6,28,11,0.670713,3869684,16,Shot,785,Croatia,3,From Free Kick,785,Croatia,,33018.0,Joško Gvardiol,5.0,Left Center Back,,,,,,,120.0,36.4,37.0,Head,87.0,Open Play,108.8,38.0,,,,97.0,Goal,,,,,,,0.1243582,6f4d2d0f-d8c3-4f6c-9e5e-00325b201464,90.0,Diving Header,,,,,,1.7,,,,,,,,,,,,,,,,,1,,,,,,,,,,,,,,
8f0f46ee-6bec-4537-97eb-2b50633dc6ff,276,1,00:08:17.716000,8,17,13,0.646845,3869684,16,Shot,788,Morocco,3,From Free Kick,788,Morocco,,139016.0,Achraf Dari,5.0,Left Center Back,,,,,,,120.0,41.6,37.0,Head,87.0,Open Play,115.6,39.0,,,,97.0,Goal,,,,,,,0.4178385,,93.0,Normal,,,,,,1.3,,,,,,,,,True,,,,,,,,1,,,,,,,,,,,,,,
94591107-50c8-45bf-a895-3f8d69baf1b9,294,1,00:09:35.384000,9,35,14,1.043818,3869684,16,Shot,785,Croatia,9,From Kick Off,785,Croatia,,16527.0,Mislav Oršić,21.0,Left Wing,,,,,,,120.0,47.7,40.0,Right Foot,87.0,Open Play,99.5,23.8,,,,98.0,Off T,,,,,,,0.02730659,699d0514-30dc-45ee-ba56-11b71f6d4a05,93.0,Normal,,,,,,2.8,,,,,,,,,,,,,,,,,0,,,,,,,,,,,,,,
b8e38f4b-f179-450e-92af-2425135a5378,485,1,00:13:55.398000,13,55,21,0.751326,3869684,16,Shot,785,Croatia,4,From Throw In,785,Croatia,,49337.0,Josip Stanišić,2.0,Right Back,,,,,,,120.0,40.7,40.0,Right Foot,87.0,Open Play,94.4,41.3,,,,98.0,Off T,,,,,,,0.040524755,,93.0,Normal,True,,,,,7.6,,,,,,,,,,,,,,,,,0,,,,,,,,,,,,,,
fd59c0c7-4722-4937-ac5b-8f8b70940c8a,629,1,00:17:21.454000,17,21,29,0.197355,3869684,16,Shot,785,Croatia,1,Regular Play,785,Croatia,,16527.0,Mislav Oršić,21.0,Left Wing,,,,,,,107.7,39.3,40.0,Right Foot,87.0,Open Play,104.9,38.8,,,,96.0,Blocked,,,,,,,0.11308218,497179a3-e39f-4676-9beb-f770579af001,93.0,Normal,,,,,,,,,,,,,,,,,,,,,,,0,,,,,,,,,,,,,,
77d0be28-0294-4153-b921-b5639dde0cda,639,1,00:17:29.060000,17,29,29,0.63366,3869684,16,Shot,785,Croatia,6,From Counter,785,Croatia,,5460.0,Andrej Kramarić,19.0,Center Attacking Midfield,,,,,,,118.1,37.8,37.0,Head,87.0,Open Play,111.3,34.8,,,,100.0,Saved,,,,,,,0.13429043,222a7512-ed23-4c43-a637-7cc44b5d926b,93.0,Normal,,,,,,1.6,,,,,,,,,,,,,,,,,0,,,,,,,,,,,,,,
fce15c71-a9fc-4d7e-80ea-a3a56d20cc65,914,1,00:23:25.189000,23,25,40,0.582089,3869684,16,Shot,785,Croatia,4,From Throw In,785,Croatia,,5463.0,Luka Modrić,9.0,Right Defensive Midfield,,,,,,,117.1,41.7,38.0,Left Foot,87.0,Open Play,101.2,49.5,,,,100.0,Saved,,,,,,,0.07012748,d512b58e-671d-4678-92c5-618622c5bc43,93.0,Normal,,,,,,0.2,,,,,,,,,,,,,,,,,0,,,,,,,,,,,,,,
fec7cd9e-c5c4-4285-b789-18e335bfb90b,1233,1,00:32:09.751000,32,9,56,0.694943,3869684,16,Shot,788,Morocco,1,Regular Play,788,Morocco,,3625.0,Sofiane Boufal,21.0,Left Wing,,,,,,,120.0,30.9,38.0,Left Foot,87.0,Open Play,112.4,29.5,,,,98.0,Off T,,,,,,,0.08611878,,95.0,Volley,True,,,,,5.7,,,,,,,,,,,,,,,,,0,,,,,,,,,,,,,,
3c475c86-ffd1-4e81-85c6-561f3063fc53,1329,1,00:36:19.592000,36,19,64,1.272792,3869684,16,Shot,788,Morocco,2,From Corner,788,Morocco,,6301.0,Youssef En-Nesyri,23.0,Center Forward,,,,,,,120.0,31.2,37.0,Head,87.0,Open Play,117.8,48.9,1.0,,,98.0,Off T,True,,,,,,0.04761149,8be9e3f9-8361-4f58-9efc-0033f4cfa953,93.0,Normal,,,,,,1.3,,,,,,,,,,,,,,,,,0,,,,,,,,,,,,,,
b6da45bb-12a2-4dd6-bf3f-c6afdb5f6c8b,1462,1,00:39:41.899000,39,41,68,1.494677,3869684,16,Shot,788,Morocco,7,From Goal Kick,788,Morocco,,5237.0,Hakim Ziyech,17.0,Right Wing,,,,,,,120.0,46.1,38.0,Left Foot,87.0,Open Play,90.6,53.5,,,,98.0,Off T,,,,,,,0.014617449,75d065bd-7b8f-4837-a7c1-062ea1fc7f7a,93.0,Normal,,,,,,0.2,,,,,,,,,,,,,,,,,0,,,,,,,,,,,,,,
40c60798-23de-4690-ab6b-47b58c1f58c4,1573,1,00:41:43.287000,41,43,71,1.485201,3869684,16,Shot,785,Croatia,1,Regular Play,785,Croatia,,16527.0,Mislav Oršić,21.0,Left Wing,,,,,,,120.0,43.5,40.0,Right Foot,87.0,Open Play,106.5,21.3,,,,97.0,Goal,,,,,,,0.013095795,21aadd20-531f-408a-ab68-6af81aaf34c6,93.0,Normal,True,,,,,1.9,,,,,,,,,,,,,,,,,1,,,,,,,,,,,,,,
5225c92f-256b-4741-894b-97a118001c70,1727,1,00:46:36.162000,46,36,79,0.099526,3869684,16,Shot,785,Croatia,1,Regular Play,785,Croatia,,22041.0,Marko Livaja,23.0,Center Forward,,,,,,,94.4,39.5,40.0,Right Foot,87.0,Open Play,90.5,39.5,,,,96.0,Blocked,,,,,,,0.02019975,,93.0,Normal,,,,,,,,,,,,,,,,,,,,,,,0,,,,,,,,,,,,,,
0f2f2f1f-544d-4345-9225-558b6735cca7,1815,2,00:01:22.508000,46,22,83,0.171821,3869684,16,Shot,785,Croatia,3,From Free Kick,785,Croatia,,16527.0,Mislav Oršić,21.0,Left Wing,,,,,,,107.6,28.7,40.0,Right Foot,87.0,Open Play,100.8,24.2,,,,96.0,Blocked,,,,,,,0.028195048,cf307458-8559-429a-a83c-000928bf61d7,93.0,Normal,,,,,,,,,,,,,,,,,,,,,,,0,,,,,,,,,,,,,,
f543d203-8024-4f59-b8f3-d53fe943fd74,2119,2,00:09:05.436000,54,5,96,1.566332,3869684,16,Shot,785,Croatia,2,From Corner,785,Croatia,,16527.0,Mislav Oršić,21.0,Left Wing,,,,,,,120.0,49.3,40.0,Right Foot,87.0,Open Play,87.5,26.6,,,,98.0,Off T,,,,,,,0.0065055056,,93.0,Normal,True,,,,,6.7,,,,,,,,,,,,,,,,,0,,,,,,,,,,,,,,
3d5d5149-d1b3-4625-b191-b66281462965,2520,2,00:19:57.827000,64,57,114,0.1,3869684,16,Shot,788,Morocco,3,From Free Kick,788,Morocco,,6301.0,Youssef En-Nesyri,23.0,Center Forward,,,,,,,111.3,40.6,37.0,Head,87.0,Open Play,110.6,40.5,1.0,,,96.0,Blocked,True,,,,,,0.072652236,3a23308f-82d3-4268-af35-b52a6d286dd3,93.0,Normal,,,,,,,,,,,,,,,,,,,,,,,0,,,,,,,,,,,,,,
5197fe88-6b78-4d5f-91ef-76263510401f,2676,2,00:25:24.963000,70,24,122,0.838329,3869684,16,Shot,788,Morocco,1,Regular Play,785,Croatia,,3441.0,Nikola Vlašić,17.0,Right Wing,,,,,,,120.0,43.1,40.0,Right Foot,87.0,Open Play,90.9,36.9,,,,98.0,Off T,,,,,,,0.03597725,,93.0,Normal,,,,,,4.2,,,,,,,,,,,,,,,,,0,,,,,,,,,,,,,,
28905c96-a89e-4349-b755-383c251d2c97,2862,2,00:29:35.829000,74,35,135,0.245173,3869684,16,Shot,788,Morocco,1,Regular Play,788,Morocco,,6301.0,Youssef En-Nesyri,23.0,Center Forward,,,,,,,116.9,45.6,38.0,Left Foot,87.0,Open Play,115.5,48.3,,,,100.0,Saved,,,,,,,0.16040824,a12545e7-986f-41e0-9296-94873c78dbd5,91.0,Half Volley,,,,,,1.1,,,,,,,,,True,,,,,,,,0,,,,,,,,,,,,,,
c4745e96-e4dd-4b6f-ad44-3a784219e86c,3308,2,00:41:30.974000,86,30,157,0.819776,3869684,16,Shot,785,Croatia,1,Regular Play,785,Croatia,,5456.0,Mateo Kovačić,11.0,Left Defensive Midfield,,,,,,,120.0,47.2,38.0,Left Foot,87.0,Open Play,110.3,29.2,,,,98.0,Off T,,,,,,,0.23560598,e1dcbee6-4d3f-4f74-b123-dce4fbc1ec9b,93.0,Normal,,,,,,0.2,,,,,,,,,,,,,,,,,0,,,,,,,,,,,,,,
0f4a2320-0810-46f0-b641-84ff2e237335,3388,2,00:44:48.666000,89,48,163,0.04494,3869684,16,Shot,788,Morocco,3,From Free Kick,788,Morocco,,6301.0,Youssef En-Nesyri,23.0,Center Forward,,,,,,,111.7,36.6,37.0,Head,87.0,Open Play,110.9,36.5,1.0,,,96.0,Blocked,True,,,,,,0.057190012,ba9a7edb-1c8a-4e69-9c2b-ac2728159b72,93.0,Normal,,,,,,,,,,,,,,,,,,,,,,,0,,,,,,,,,,,,,,
6da1657b-9d5d-495c-8527-6b9c4e4c6004,3404,2,00:45:04.613000,90,4,163,1.272882,3869684,16,Shot,788,Morocco,3,From Free Kick,788,Morocco,,5237.0,Hakim Ziyech,17.0,Right Wing,,,,,,,120.0,36.5,38.0,Left Foot,87.0,Open Play,89.6,46.9,,,,98.0,Off T,,,,,,,0.021768013,88f1ec3b-9b14-43a9-a5bc-bc24e01990c1,93.0,Normal,,,,,,5.6,,,,,,,,,,,,,,,,,0,,,,,,,,,,,,,,
a55f71e0-1590-4c8c-ac83-eca617abc950,3556,2,00:50:31.962000,95,31,172,0.6245,3869684,16,Shot,788,Morocco,3,From Free Kick,788,Morocco,,6301.0,Youssef En-Nesyri,23.0,Center Forward,,,,,,,120.0,38.4,37.0,Head,87.0,Open Play,113.6,43.4,1.0,,,98.0,Off T,True,,,,,,0.1132524,4a4243f7-bd67-4403-914d-31723730c4ee,93.0,Normal,,,,,,3.6,,,,,,,,,,,,,,,,,0,,,,,,,,,,,,,,
d36254db-40ca-40bc-aa7f-3c791d617764,20,1,00:00:18.696000,0,18,2,0.380264,3857256,16,Shot,773,Switzerland,9,From Kick Off,773,Switzerland,,3500.0,Granit Xhaka,11.0,Left Defensive Midfield,,,,,,,108.2,38.5,38.0,Left Foot,87.0,Open Play,96.0,38.8,,,,96.0,Blocked,,,,,,,0.036565553,,91.0,Half Volley,True,,,,,,,,,,,,,,,,,,,,,,0,,,,,,,,,,,,,,
849bc0a6-ca9b-4e58-834e-6aabce567589,25,1,00:00:22.129000,0,22,2,0.175803,3857256,16,Shot,773,Switzerland,9,From Kick Off,773,Switzerland,,5545.0,Breel-Donald Embolo,23.0,Center Forward,,,,,,,114.8,40.6,38.0,Left Foot,87.0,Open Play,113.1,40.7,,,,100.0,Saved,,,,,,,0.35328916,a7b96295-04f7-4de0-b2b0-b1d5d3a79b47,91.0,Half Volley,True,,,,,1.6,,,,,,,,,,,,,,,,,0,,,,,,,,,,,,,,
7efd8f74-7ea6-468a-a3a9-e82070494959,28,1,00:00:23.845000,0,23,2,0.495575,3857256,16,Shot,773,Switzerland,9,From Kick Off,773,Switzerland,,3500.0,Granit Xhaka,11.0,Left Defensive Midfield,,,,,,,115.5,39.1,40.0,Right Foot,87.0,Open Play,103.8,41.9,,,,100.0,Saved,,,,,,,0.06952749,,91.0,Half Volley,True,,,,,1.0,,,,,,,,,,,,,,,,,0,,,,,,,,,,,,,,
3d057b16-1cc1-4995-8d2d-c4c2a339cb4f,196,1,00:04:35.297000,4,35,11,0.848375,3857256,16,Shot,786,Serbia,2,From Corner,786,Serbia,,5603.0,Nikola Milenković,3.0,Right Center Back,,,,,,,120.0,35.3,37.0,Head,87.0,Open Play,112.2,36.8,,,,98.0,Off T,,,,,,,0.08160872,7e540ecb-50dd-4c63-91da-039187890aad,93.0,Normal,,,,,,3.5,,,,,,,,,,,,,,,,,0,,,,,,,,,,,,,,
1fc821db-5ae0-4bb0-9243-3e6c24762bcc,356,1,00:10:05.636000,10,5,24,0.934407,3857256,16,Shot,786,Serbia,1,Regular Play,786,Serbia,,6318.0,Andrija Živković,7.0,Right Wing Back,,,,,,,120.0,36.1,38.0,Left Foot,87.0,Open Play,97.8,51.5,,,,99.0,Post,,,,,,,0.030001678,8acd9745-4294-4080-84a0-4b7c43e94b8c,93.0,Normal,,,,,,0.6,,,,,,,,,,,,,,,,,0,,,,,,,,,,,,,,
76686ee8-2674-4762-a7d0-1b9dc6fb4d10,361,1,00:10:07.249000,10,7,24,0.34191,3857256,16,Shot,786,Serbia,1,Regular Play,786,Serbia,,18015.0,Dušan Vlahović,22.0,Right Center Forward,,,,,,,118.1,39.1,70.0,Other,87.0,Open Play,115.4,38.6,,,,100.0,Saved,,,,,,,0.5168786,,93.0,Normal,,,,,,1.0,,,,,,,,,True,,,,,,,,0,,,,,,,,,,,,,,
dc74ff7e-a9b4-4134-82d6-31002c068379,474,1,00:13:35.895000,13,35,31,0.258584,3857256,16,Shot,773,Switzerland,3,From Free Kick,773,Switzerland,,6983.0,Remo Freuler,9.0,Right Defensive Midfield,,,,,,,113.3,34.4,38.0,Left Foot,87.0,Open Play,107.8,35.9,,,,96.0,Blocked,,,,,,,0.09611784,d52da77e-9405-49d5-ae64-ab2fcc88c4ad,91.0,Half Volley,True,,,,,,,,,,,,,,,,,,,,,,0,,,,,,,,,,,,,,
546c1d65-f1b5-4c42-8983-b743be29f3f8,682,1,00:19:11.927000,19,11,39,0.180553,3857256,16,Shot,773,Switzerland,3,From Free Kick,773,Switzerland,,3533.0,Xherdan Shaqiri,17.0,Right Wing,,,,,,,120.0,43.1,38.0,Left Foot,87.0,Open Play,107.5,50.6,,,,97.0,Goal,,,,,,,0.06969889,57baa377-e576-4923-86ec-ca98f4f9fedd,93.0,Normal,True,,,,,0.2,,,,,,,,,,,,,,,,,1,True,,,,,,,,,,,,,
dd7a567d-a8c3-49a4-8343-0596106ffd60,721,1,00:21:11.621000,21,11,42,0.874012,3857256,16,Shot,773,Switzerland,1,Regular Play,773,Switzerland,,3500.0,Granit Xhaka,11.0,Left Defensive Midfield,,,,,,,116.9,38.7,38.0,Left Foot,87.0,Open Play,97.3,33.7,,,,100.0,Saved,,,,,,,0.04476528,345344a4-2d62-471e-8b20-d1ffbb76964c,93.0,Normal,True,,,,,0.2,,,,,,,,,,,,,,,,,0,,,,,,,,,,,,,,
a74e75d9-6758-403a-8d8e-01e0d502185e,763,1,00:22:15.278000,22,15,45,2.461241,3857256,16,Shot,786,Serbia,3,From Free Kick,786,Serbia,,18015.0,Dušan Vlahović,22.0,Right Center Forward,,,,,,,118.4,38.7,37.0,Head,87.0,Open Play,109.6,35.4,,,,100.0,Saved,,,,,,,0.08628477,a4d38375-d637-4a87-b306-df32361033f0,93.0,Normal,,,,,,1.4,,,,,,,,,True,,,,,,,,0,,,,,,,,,,,,,,
92e8f2c9-a5de-4e1b-9b4b-b3b6bf96aec9,925,1,00:25:56.269000,25,56,55,1.029448,3857256,16,Shot,786,Serbia,1,Regular Play,786,Serbia,,4269.0,Aleksandar Mitrović,24.0,Left Center Forward,,,,,,,120.0,43.3,37.0,Head,87.0,Open Play,108.3,38.6,,,,97.0,Goal,,,,,,,0.06371751,f2d6761b-0d4b-49c9-8d97-bcb2220d2bdd,93.0,Normal,,,,,,0.9,,,,,,,,,,,,,,,,,1,,,,,,,,,,,,,,
79448005-35d9-4975-812d-664f6d14c180,1038,1,00:29:53.165000,29,53,60,0.734525,3857256,16,Shot,773,Switzerland,3,From Free Kick,773,Switzerland,,3533.0,Xherdan Shaqiri,17.0,Right Wing,,,,,,,120.0,44.5,38.0,Left Foot,87.0,Open Play,107.7,49.2,1.0,,,98.0,Off T,,,,,,,0.3934682,d3eace7a-bb93-4fbd-aee3-10de5c98e606,93.0,Normal,,,,,,0.6,,,,,,,,,True,,,,,,,,0,,,,,,,,,,,,,,
ddb6f298-8ac3-4d35-bfb7-f03f76b54c1e,1175,1,00:34:28.223000,34,28,69,1.118632,3857256,16,Shot,786,Serbia,6,From Counter,786,Serbia,,18015.0,Dušan Vlahović,22.0,Right Center Forward,,,,,,,120.0,43.7,38.0,Left Foot,87.0,Open Play,106.2,31.8,,,,97.0,Goal,,,,,,,0.15928414,,93.0,Normal,True,,,,,0.0,,,,,,,,,,,,,,,,,1,,,,,,,,,,,,,,
e6e3bb64-8cf1-456d-a360-cadea068cd79,1247,1,00:37:26.399000,37,26,74,0.191273,3857256,16,Shot,773,Switzerland,4,From Throw In,773,Switzerland,,30401.0,Ruben Vargas,21.0,Left Wing,,,,,,,105.9,45.2,40.0,Right Foot,87.0,Open Play,101.0,47.3,,,,96.0,Blocked,,,,,,,0.0683221,,93.0,Normal,True,,,,,,,,,,,,,,,,,,,,,,0,,,,,,,,,,,,,,
70fe857d-6f28-4b38-8ad7-a655328ec176,1440,1,00:43:41.456000,43,41,86,0.335147,3857256,16,Shot,773,Switzerland,1,Regular Play,773,Switzerland,,5545.0,Breel-Donald Embolo,23.0,Center Forward,,,,,,,120.0,37.8,40.0,Right Foot,87.0,Open Play,114.4,36.9,,,,97.0,Goal,,,,,,,0.72697556,ad161965-5cbf-43be-8fd3-bed0c09bdc71,93.0,Normal,True,,,,,0.6,,,,,,,,,,,,,,,,True,1,,,,,,,,,,,,,,
bb4f3b52-4f46-4588-8b76-575dfe790a5b,1503,1,00:47:38.097000,47,38,93,0.345056,3857256,16,Shot,786,Serbia,4,From Throw In,786,Serbia,,4269.0,Aleksandar Mitrović,24.0,Left Center Forward,,,,,,,105.3,37.4,40.0,Right Foot,87.0,Open Play,101.7,33.7,,,,101.0,Wayward,,,,,,,0.056521177,edcaa42f-3d0e-4eb0-b895-91ac3052bc35,95.0,Volley,True,,,,,,,,,,,,,,,,,,,,,,0,,,,,,,,,,,,,,
f18182b3-c83e-4ca4-82c4-810effcfdef7,1620,2,00:02:38.859000,47,38,100,0.534031,3857256,16,Shot,773,Switzerland,3,From Free Kick,773,Switzerland,,6983.0,Remo Freuler,9.0,Right Defensive Midfield,,,,,,,120.0,42.7,38.0,Left Foot,87.0,Open Play,107.2,41.2,,,,97.0,Goal,,,,,,,0.15381548,dd63ef50-d9d6-458f-9d5d-4722370e9cb9,91.0,Half Volley,True,,,,,0.6,,,,,,,,,,,,,,,,,1,,,,,,,,,,,,,,
47b4c58a-45ab-446e-83a0-9bd17ab26c31,1855,2,00:11:32.171000,56,32,114,0.286691,3857256,16,Shot,773,Switzerland,3,From Free Kick,773,Switzerland,,5537.0,Fabian Lukas Schär,3.0,Right Center Back,,,,,,,114.1,35.7,40.0,Right Foot,87.0,Open Play,110.7,30.5,,,,96.0,Blocked,,,,,,,0.07925899,4760c9c2-9b54-4ee1-91f8-40ecff0c14ba,95.0,Volley,True,,,,,,,,,,,,,,,,,,,,,,0,,,,,,,,,,,,,,
4f4b1082-2b10-4302-a247-bb1f702f3690,1859,2,00:11:33.327000,56,33,114,0.557633,3857256,16,Shot,773,Switzerland,3,From Free Kick,773,Switzerland,,5545.0,Breel-Donald Embolo,23.0,Center Forward,,,,,,,120.0,38.8,40.0,Right Foot,87.0,Open Play,116.1,39.3,,,,98.0,Off T,,,,,,,0.6647709,,91.0,Half Volley,True,,,,,3.8,,,,,,,,,,,,,,,,,0,,,,,,,,,,,,,,
ecf1da18-0ccb-4108-9406-5e76636dfdcd,1978,2,00:15:06.027000,60,6,123,0.945234,3857256,16,Shot,786,Serbia,1,Regular Play,786,Serbia,,3831.0,Dušan Tadić,19.0,Center Attacking Midfield,,,,,,,120.0,37.1,38.0,Left Foot,87.0,Open Play,107.4,31.7,,,,98.0,Off T,,,,,,,0.061684445,9cc17ddf-c9b6-4c7f-a7d2-36b1d67e9495,91.0,Half Volley,,,,,,4.1,,,,,,,,,,,,,,,,,0,,,,,,,,,,,,,,
ce3f29de-9ef9-4f98-88a2-12d09c20c0c3,2243,2,00:25:49.383000,70,49,140,0.14238,3857256,16,Shot,786,Serbia,1,Regular Play,786,Serbia,,4269.0,Aleksandar Mitrović,24.0,Left Center Forward,,,,,,,107.5,27.4,40.0,Right Foot,87.0,Open Play,106.2,25.8,,,,96.0,Blocked,,,,,,,0.03203667,1c8da599-fa56-461d-8d0d-368c45546049,93.0,Normal,,,,,,,,,,,,,,,,,,,,,,,0,,,,,,,,,,,,,,
2d49a2a9-4a1d-4198-aa2c-b09ca2ed4565,2308,2,00:27:00.173000,72,0,142,0.067566,3857256,16,Shot,786,Serbia,1,Regular Play,786,Serbia,,6319.0,Luka Jović,22.0,Right Center Forward,,,,,,,103.1,43.1,37.0,Head,87.0,Open Play,102.2,43.2,1.0,,,96.0,Blocked,True,,,,,,0.02594082,1ac9d351-52bc-431d-b332-dde6b08406bc,93.0,Normal,,,,,,,,,,,,,,,,,,,,,,,0,,,,,,,,,,,,,,
bcb3fe76-88c2-4d32-b0c5-64cedfa54f2b,2634,2,00:36:58.892000,81,58,155,0.808534,3857256,16,Shot,773,Switzerland,3,From Free Kick,773,Switzerland,,5549.0,Manuel Obafemi Akanji,5.0,Left Center Back,,,,,,,120.0,44.9,40.0,Right Foot,87.0,Open Play,99.4,52.7,,,,98.0,Off T,,,,,,,0.030122569,8c8786f0-f78d-4d8d-85cb-ef9a4041cecd,93.0,Normal,True,,,,,2.3,,,,,,,,,,,,,,,,,0,,,,,,,,,,,,,,
c15dc8c4-2d91-435a-a390-11fd17a2bf2f,2944,2,00:43:48.197000,88,48,172,0.070657,3857256,16,Shot,773,Switzerland,3,From Free Kick,773,Switzerland,,16022.0,Christian Fassnacht,21.0,Left Wing,,,,,,,107.0,30.1,40.0,Right Foot,87.0,Open Play,105.3,28.9,,,,100.0,Saved,,,,,,,0.31681746,64b433fd-d00f-4a72-a163-6e93bf5b4608,93.0,Normal,,,,,,0.0,,,,,,,,,,,,,,,,,0,,,,,,,,,,,,,,
d628f58b-1983-4ab5-b350-ab6113ac7e3c,3073,2,00:46:50.883000,91,50,178,1.21439,3857256,16,Shot,786,Serbia,4,From Throw In,786,Serbia,,6319.0,Luka Jović,22.0,Right Center Forward,,,,,,,120.0,37.1,37.0,Head,87.0,Open Play,105.0,39.8,1.0,,,98.0,Off T,True,,,,,,0.03223471,a2c235bb-4887-48db-80de-247cb83552b0,93.0,Normal,,,,,,4.1,,,,,,,,,,,,,,,,,0,,,,,,,,,,,,,,
e21424d5-bd38-4970-a5aa-5e2fbb6b911a,3207,2,00:54:51.450000,99,51,190,0.791543,3857256,16,Shot,786,Serbia,3,From Free Kick,786,Serbia,,5833.0,Nemanja Radonjić,7.0,Right Wing Back,,,,,,,120.0,45.2,38.0,Left Foot,87.0,Open Play,105.7,51.3,,,,98.0,Off T,,,,,,,0.042810295,,91.0,Half Volley,True,,,,,0.6,,,,,,,,,,,,,,,,,0,,,,,,,,,,,,,,
9fd07a9a-2de2-4ba5-b400-6a2264835ba2,839,1,00:16:29.766000,16,29,25,0.938361,3869151,16,Shot,779,Argentina,3,From Free Kick,779,Argentina,,7006.0,Alejandro Darío Gómez,21.0,Left Wing,,,,,,,120.0,47.5,40.0,Right Foot,87.0,Open Play,98.2,20.1,,,,98.0,Off T,,,,,,,0.011147299,737eb3e8-23bf-4308-bc56-e9f9af6acd45,93.0,Normal,,,,,,7.1,,,,,,,,,,,,,,,,,0,,,,,,,,,,,,,,
b70841d8-d3d3-40de-a009-58a8309e3ba2,1397,1,00:28:09.640000,28,9,42,0.432666,3869151,16,Shot,792,Australia,2,From Corner,792,Australia,,22293.0,Harry Souttar,3.0,Right Center Back,,,,,,,114.0,40.9,37.0,Head,87.0,Open Play,111.9,44.0,1.0,,,96.0,Blocked,True,,,,,,0.06809473,19f1e3d3-e10e-4039-a641-b349208f7034,93.0,Normal,,,,,,,,,,,,,,,,,,,,,,,0,,,,,,,,,,,,,,
53d825ac-a98d-41ca-b81f-1015dee17376,1646,1,00:34:35.083000,34,35,52,0.883672,3869151,16,Shot,779,Argentina,3,From Free Kick,779,Argentina,,5503.0,Lionel Andrés Messi Cuccittini,22.0,Right Center Forward,,,,,,,120.0,37.1,38.0,Left Foot,87.0,Open Play,104.2,48.9,,,,97.0,Goal,,,,,,,0.06663833,7c8c4c58-fd12-4739-90d0-6c7708632504,93.0,Normal,,,,,,0.3,,,,,,,,,,,,,,,,,1,,,,,,,,,,,,,,
9fa41c60-ab9c-4fcb-8d5c-39a781e7a9c0,2431,2,00:04:59.175000,49,59,77,0.038189,3869151,16,Shot,779,Argentina,1,Regular Play,779,Argentina,,5503.0,Lionel Andrés Messi Cuccittini,22.0,Right Center Forward,,,,,,,116.9,40.0,38.0,Left Foot,87.0,Open Play,99.8,38.5,,,,100.0,Saved,,,,,,,0.04517154,a1eee7ac-6047-4e62-bd42-de9cad99923b,93.0,Normal,,,,,,0.6,,,,,,,,,,,,,,,,,0,True,,,,,,,,,,,,,
a7ce988c-2d9b-4d78-8b34-95e4d2774ae0,2752,2,00:11:41.079000,56,41,89,1.649001,3869151,16,Shot,792,Australia,1,Regular Play,779,Argentina,,29560.0,Julián Álvarez,24.0,Left Center Forward,,,,,,,120.0,36.5,40.0,Right Foot,87.0,Open Play,110.4,50.3,,,,97.0,Goal,,,,,,,0.28060678,,93.0,Normal,,,,,,0.3,,,,,,,,,,,,,,,,,1,,,,,,,,,,,,,,
5f1b13a1-f49c-41a6-9040-2c7db303d427,3120,2,00:20:50.198000,65,50,100,0.893309,3869151,16,Shot,779,Argentina,2,From Corner,779,Argentina,,5503.0,Lionel Andrés Messi Cuccittini,22.0,Right Center Forward,,,,,,,120.0,31.6,38.0,Left Foot,87.0,Open Play,95.4,33.6,,,,98.0,Off T,,,,,,,0.032841697,71254354-d995-41d1-aa95-45965f495902,93.0,Normal,,,,,,6.2,,,,,,,,,,,,,,,,,0,,,,,,,,,,,,,,
060deabd-8fca-4998-b49c-bf4dee752a0e,3411,2,00:29:43.196000,74,43,115,1.906571,3869151,16,Shot,779,Argentina,1,Regular Play,779,Argentina,,5507.0,Nicolás Alejandro Tagliafico,8.0,Left Wing Back,,,,,,,120.0,49.6,38.0,Left Foot,87.0,Open Play,103.2,24.9,,,,98.0,Off T,,,,,,,0.05181273,,93.0,Normal,,,,,,0.3,,,,,,,,,,,,,,,,,0,,,,,,,,,,,,,,
5d585edf-d8ab-469c-b9ca-a6253faaa793,3452,2,00:31:09.967000,76,9,120,0.448576,3869151,16,Shot,792,Australia,1,Regular Play,792,Australia,,8346.0,Craig Goodwin,16.0,Left Midfield,,,,,,,104.9,26.6,38.0,Left Foot,87.0,Open Play,98.2,22.6,,,,96.0,Blocked,,,,,,,0.013616442,,91.0,Half Volley,True,,,,,,,,,,,,,,,,,,,,,,0,,,,,,,,,,,,,,
2f0bd31e-adca-4b9e-96ea-5a64e1d9ce2e,3612,2,00:35:08.001000,80,8,128,0.158058,3869151,16,Shot,792,Australia,3,From Free Kick,792,Australia,,5479.0,Aziz Eraltay Behich,6.0,Left Back,,,,,,,111.4,33.7,40.0,Right Foot,87.0,Open Play,110.6,33.2,,,,96.0,Blocked,,,,,,,0.07721693,4d33441a-ad0e-4f40-8f9a-2df6bac1c8f1,93.0,Normal,,,,,,,,,,,,,,,,,,,,,,,0,,,,,,,,,,,,,,
0b0970d0-4cfa-4f0c-aff3-210cb296226a,3620,2,00:35:41.680000,80,41,129,1.234929,3869151,16,Shot,792,Australia,2,From Corner,792,Australia,,8859.0,Ajdin Hrustic,12.0,Right Midfield,,,,,,,120.0,36.2,38.0,Left Foot,87.0,Open Play,100.0,52.7,1.0,,,98.0,Off T,,,,,,,0.033247408,,93.0,Normal,,,,,,3.8,,,,,,,,,,,,,,,,,0,,,,,,,,,,,,,,
fbbcbd30-78e7-4627-9714-bdf463a6c12e,3818,2,00:42:15.283000,87,15,138,2.376645,3869151,16,Shot,779,Argentina,3,From Free Kick,779,Argentina,,11456.0,Lautaro Javier Martínez,24.0,Left Center Forward,,,,,,,120.0,30.0,40.0,Right Foot,87.0,Open Play,108.3,52.3,,,,98.0,Off T,,,,,,,0.051439364,98baf8ef-8291-478a-98d1-937af0f7d8c4,93.0,Normal,True,,,,,0.2,,,,,,,,,,,,,,,,,0,,,,,,,,,,,,,,
e48ce4af-0f98-4004-b235-e115cefa6bac,3854,2,00:43:11.394000,88,11,140,0.659907,3869151,16,Shot,779,Argentina,6,From Counter,779,Argentina,,11456.0,Lautaro Javier Martínez,24.0,Left Center Forward,,,,,,,120.0,45.1,40.0,Right Foot,87.0,Open Play,107.6,31.9,,,,98.0,Off T,,,,,,,0.24890411,73bf0740-8e3a-495b-b4b9-d5e4f74b755a,93.0,Normal,True,,,,,5.4,,,,,,,,,,,,,,,,,0,,,,,,,,,,,,,,
8779a120-92be-4bef-b143-a0e91aa68bfb,3936,2,00:47:10.356000,92,10,148,0.13627,3869151,16,Shot,779,Argentina,4,From Throw In,779,Argentina,,11456.0,Lautaro Javier Martínez,24.0,Left Center Forward,,,,,,,114.1,35.9,38.0,Left Foot,87.0,Open Play,109.1,31.8,,,,100.0,Saved,,,,,,,0.37209997,f8959629-84ac-4161-b6c2-eae7d2737fb5,93.0,Normal,,,,,,0.5,,,,,,,,,,,,,,,,,0,,,,,,,,,,,,,,
36dc8c71-010d-4cfb-8427-774a6e556620,3978,2,00:47:50.627000,92,50,150,0.71693,3869151,16,Shot,779,Argentina,1,Regular Play,779,Argentina,,5503.0,Lionel Andrés Messi Cuccittini,22.0,Right Center Forward,,,,,,,120.0,36.5,38.0,Left Foot,87.0,Open Play,104.6,52.2,,,,98.0,Off T,,,,,,,0.055600196,632f9b43-2028-4c3e-b7e2-80c11217fc58,93.0,Normal,,,,,,4.0,,,,,,,,,,,,,,,,,0,,,,,,,,,,,,,,
1ec1a0e0-f57f-4390-879a-872cdc7be137,4012,2,00:48:43.050000,93,43,152,0.348384,3869151,16,Shot,779,Argentina,1,Regular Play,779,Argentina,,28268.0,Exequiel Alejandro Palacios,15.0,Left Center Midfield,,,,,,,107.3,47.9,40.0,Right Foot,87.0,Open Play,103.6,50.1,,,,96.0,Blocked,,,,,,,0.046685893,,93.0,Normal,,,,,,,,,,,,,,,,,,,,,,,0,,,,,,,,,,,,,,
015c52d6-b1c1-45c2-b450-75238519b983,4026,2,00:48:54.984000,93,54,152,0.136651,3869151,16,Shot,779,Argentina,1,Regular Play,779,Argentina,,5503.0,Lionel Andrés Messi Cuccittini,22.0,Right Center Forward,,,,,,,103.5,39.9,38.0,Left Foot,87.0,Open Play,102.2,40.0,1.0,,,96.0,Blocked,,,,,,,0.032042325,e9b875ce-1696-486c-ae9a-31c5b059969a,93.0,Normal,,,,,,,,,,,,,,,,,,,,,,,0,,,,,,,,,,,,,,
6c7be4e1-edc2-4255-951e-1b21ee426a72,4035,2,00:48:59.498000,93,59,152,0.151796,3869151,16,Shot,779,Argentina,1,Regular Play,779,Argentina,,11456.0,Lautaro Javier Martínez,24.0,Left Center Forward,,,,,,,119.1,36.6,38.0,Left Foot,87.0,Open Play,108.3,30.8,,,,100.0,Saved,,,,,,,0.076142184,6436c3df-cb37-4f06-9c76-3db2c4fbdbff,93.0,Normal,,,,,,0.2,,,,,,,,,,,,,,,,,0,True,,,,,,,,,,,,,
9fddcb1c-e704-48ad-a1e4-1bd6318e9cd0,4039,2,00:49:00.772000,94,0,152,2.218924,3869151,16,Shot,779,Argentina,1,Regular Play,779,Argentina,,5503.0,Lionel Andrés Messi Cuccittini,22.0,Right Center Forward,,,,,,,120.0,53.8,38.0,Left Foot,87.0,Open Play,106.4,37.0,,,,101.0,Wayward,,1.0,,,,,0.110446885,,91.0,Half Volley,True,,,,,,,,,,,,,,,,,,,,,,0,,,,,,,,,,,,,,
e0cbd7b9-8daf-45c3-8d36-967f5ff74080,4140,2,00:51:36.167000,96,36,155,0.706326,3869151,16,Shot,792,Australia,1,Regular Play,792,Australia,,227697.0,Garang Kuol,24.0,Left Center Forward,,,,,,,115.7,46.4,40.0,Right Foot,87.0,Open Play,113.1,49.4,,,,100.0,Saved,,,,,,,0.23394231,64b2a104-f0bf-4c01-91c2-6258e40bdf6e,93.0,Normal,,,,,,1.2,,,,,,,,,,,,,,,,,0,,,,,,,,,,,,,,
318b1124-3eb5-4315-a2a7-754510010b58,99,1,00:02:29.010000,2,29,8,0.410769,3857257,16,Shot,792,Australia,4,From Throw In,792,Australia,,33477.0,Riley McGree,22.0,Right Center Forward,,,,,,,102.9,44.5,38.0,Left Foot,87.0,Open Play,94.6,46.6,,,,96.0,Blocked,,,,,,,0.038979717,0faf438e-1fe0-448b-b909-1e49652a6385,93.0,Normal,,,,,,,,,,,,,,,,,,,,,,,0,,,,,,,,,,,,,,
752418ff-5b38-47af-8789-2bac6b37f2c0,358,1,00:10:00.344000,10,0,22,0.094992,3857257,16,Shot,776,Denmark,7,From Goal Kick,776,Denmark,,27569.0,Jesper Lindstrøm,21.0,Left Wing,,,,,,,111.1,43.6,40.0,Right Foot,87.0,Open Play,110.1,43.9,,,,96.0,Blocked,,,,,,,0.09599891,0f08dcbb-7a34-4ec3-9770-0ed6a8b196ad,93.0,Normal,True,,,,,,,,,,,,,,,,,,,,,,0,,,,,,,,,,,,,,
c25f3865-4473-42f0-b560-850327da9bb4,408,1,00:10:52.742000,10,52,22,0.427876,3857257,16,Shot,776,Denmark,7,From Goal Kick,776,Denmark,,18722.0,Mathias Jensen,13.0,Right Center Midfield,,,,,,,117.7,45.4,40.0,Right Foot,87.0,Open Play,112.7,56.3,,,,100.0,Saved,,,,,,,0.019605601,c79fd5c5-4825-4c1b-a99e-61795fc14a34,93.0,Normal,,,,,,2.4,,,,,,,,,True,,,,,,,,0,,,,,,,,,,,,,,
fb570e5f-0394-47f2-9c29-a58517851764,483,1,00:13:33.376000,13,33,25,0.680154,3857257,16,Shot,776,Denmark,4,From Throw In,776,Denmark,,17042.0,Andreas Skov Olsen,17.0,Right Wing,,,,,,,120.0,45.1,40.0,Right Foot,87.0,Open Play,104.7,50.7,,,,98.0,Off T,,,,,,,0.10059545,5c6a9158-a882-4312-8430-8f604dcdd992,93.0,Normal,,,,,,5.0,,,,,,,,,,,,,,,,,0,,,,,,,,,,,,,,
00b789c7-1a36-4662-a2f1-b472ccdf2ede,768,1,00:21:44.138000,21,44,44,0.90947,3857257,16,Shot,792,Australia,3,From Free Kick,792,Australia,,33477.0,Riley McGree,22.0,Right Center Forward,,,,,,,117.5,42.9,38.0,Left Foot,87.0,Open Play,101.3,59.0,,,,100.0,Saved,,,,,,,0.010740947,f2af55f4-f5cb-4a76-8932-ecc090ce5828,91.0,Half Volley,,,,,,2.3,,,,,,,,,,,,,,,,,0,,,,,,,,,,,,,,
eb7fd912-361c-4595-88e5-9bef43366a49,890,1,00:24:07.245000,24,7,48,0.665379,3857257,16,Shot,776,Denmark,4,From Throw In,776,Denmark,,17042.0,Andreas Skov Olsen,17.0,Right Wing,,,,,,,116.4,44.4,40.0,Right Foot,87.0,Open Play,109.6,50.5,,,,100.0,Saved,,,,,,,0.09373255,265f6512-d398-44a7-a98a-8c708e80662f,93.0,Normal,True,,,,,0.4,,,,,,,,,,,,,,,,,0,,,,,,,,,,,,,,
d754e83d-c506-416d-a19e-c4b51f01f771,1076,1,00:28:36.731000,28,36,58,0.755119,3857257,16,Shot,776,Denmark,1,Regular Play,776,Denmark,,3043.0,Christian Dannemann Eriksen,15.0,Left Center Midfield,,,,,,,120.0,33.5,40.0,Right Foot,87.0,Open Play,102.9,25.6,,,,98.0,Off T,,,,,,,0.035615563,,93.0,Normal,,,,,,0.2,,,,,,,,,,,,,,,,,0,,,,,,,,,,,,,,
2674ed36-ccdb-41a5-bb67-9af548cd9fcc,1209,1,00:31:33.094000,31,33,65,1.151534,3857257,16,Shot,792,Australia,4,From Throw In,792,Australia,,33492.0,Mitchell Thomas Duke,24.0,Left Center Forward,,,,,,,118.4,41.7,37.0,Head,87.0,Open Play,102.5,36.7,,,,100.0,Saved,,,,,,,0.037495814,a818b4d6-733e-4ee0-9122-979921fa4582,93.0,Normal,,,,,,1.8,,,,,,,,,,,,,,,,,0,,,,,,,,,,,,,,
1a45230e-3810-4d1d-ac49-c700f4de76ef,1622,1,00:40:57.335000,40,57,83,1.110221,3857257,16,Shot,792,Australia,4,From Throw In,792,Australia,,33492.0,Mitchell Thomas Duke,24.0,Left Center Forward,,,,,,,119.0,37.3,40.0,Right Foot,87.0,Open Play,98.3,20.9,,,,100.0,Saved,,,,,,,0.010397313,802dbbc3-3c5e-4b00-9ab8-f5f41078212d,93.0,Normal,,,,,,0.5,,,,,,,,,,,,,,,,,0,,,,,,,,,,,,,,
812b08bf-8adb-4c5c-9d28-0da5e8990fcd,1876,2,00:01:10.173000,46,10,100,0.51478,3857257,16,Shot,792,Australia,2,From Corner,792,Australia,,5479.0,Aziz Eraltay Behich,6.0,Left Back,,,,,,,111.5,39.6,40.0,Right Foot,87.0,Open Play,100.2,34.1,,,,96.0,Blocked,,,,,,,0.049681988,,91.0,Half Volley,True,,,,,,,,,,,,,,,,,,,,,,0,,,,,,,,,,,,,,
0ae4e2c7-07a3-4dc5-986c-ef18f62e62ce,1937,2,00:02:47.281000,47,47,104,1.096425,3857257,16,Shot,792,Australia,1,Regular Play,792,Australia,,5490.0,Jackson Irvine,19.0,Center Attacking Midfield,,,,,,,120.0,42.8,38.0,Left Foot,87.0,Open Play,109.6,30.8,,,,98.0,Off T,,,,,,,0.17342122,3a4d7ff5-5250-4d8e-8315-e214769c9b3c,91.0,Half Volley,True,,,,,5.6,,,,,,,,,,,,,,,,,0,,,,,,,,,,,,,,
af7b07ad-4bd3-483e-b8fd-bcf7015bca7d,2115,2,00:06:59.596000,51,59,111,0.094442,3857257,16,Shot,776,Denmark,4,From Throw In,776,Denmark,,17042.0,Andreas Skov Olsen,17.0,Right Wing,,,,,,,108.6,51.2,38.0,Left Foot,87.0,Open Play,107.2,52.9,,,,96.0,Blocked,,,,,,,0.046983063,80b63990-c364-444a-9381-423780ab5d8c,93.0,Normal,,,,,,,,,,,,,,,,,,,,,,,0,,,,,,,,,,,,,,
6c01e572-4150-44b0-9d2d-b98541158edf,2410,2,00:14:56.951000,59,56,123,1.015606,3857257,16,Shot,792,Australia,6,From Counter,792,Australia,,5481.0,Mathew Leckie,17.0,Right Wing,,,,,,,120.0,43.5,38.0,Left Foot,87.0,Open Play,105.7,31.5,,,,97.0,Goal,,,,,,,0.11353828,fcbfef6f-49a8-4770-acd0-c1e508ad339a,93.0,Normal,,,,,,0.2,,,,,,,,,,,,,,,,,1,,,,,,,,,,,,,,
0e486fbf-7dd6-4973-9ea8-8e4f2f944670,2673,2,00:23:04.632000,68,4,133,0.244203,3857257,16,Shot,776,Denmark,4,From Throw In,776,Denmark,,17042.0,Andreas Skov Olsen,17.0,Right Wing,,,,,,,107.1,46.3,38.0,Left Foot,87.0,Open Play,103.1,49.3,1.0,,,96.0,Blocked,,,,,,,0.070518844,36b93666-c499-4860-b651-e885f65fa2ee,93.0,Normal,,,,,,,,,,,,,,,,,,,,,,,0,,,,,,,,,,,,,,
ac8fae90-e8de-4d6b-9c0a-bc3548f6362c,2679,2,00:23:39.623000,68,39,134,0.328788,3857257,16,Shot,776,Denmark,2,From Corner,776,Denmark,,8247.0,Joachim Andersen,3.0,Right Center Back,,,,,,,120.0,47.1,37.0,Head,87.0,Open Play,113.9,52.3,1.0,,,98.0,Off T,True,,,,,,0.020115681,887dec45-0ba0-4f7d-9801-70a2ed2d5ce8,93.0,Normal,,,,,,5.8,,,,,,,,,,,,,,,,,0,,,,,,,,,,,,,,
68d27c8f-0ae6-4c1b-bce3-c9e2b529193d,2909,2,00:31:24.134000,76,24,146,0.124383,3857257,16,Shot,776,Denmark,1,Regular Play,776,Denmark,,24547.0,Alexander Hartmann Bah,2.0,Right Back,,,,,,,101.1,53.5,40.0,Right Foot,87.0,Open Play,99.4,54.5,,,,96.0,Blocked,,,,,,,0.019515881,c5784c98-d57a-4a1d-9826-2beed865e63f,91.0,Half Volley,True,,,,,,,,,,,,,,,,,,,,,,0,,,,,,,,,,,,,,
570e3c6c-0f7f-4e71-8648-5fccf82c2dfd,2913,2,00:31:25.068000,76,25,146,1.349463,3857257,16,Shot,776,Denmark,1,Regular Play,776,Denmark,,6302.0,Kasper Dolberg,24.0,Left Center Forward,,,,,,,116.8,38.4,38.0,Left Foot,87.0,Open Play,105.2,39.6,,,,100.0,Saved,,,,,,,0.049264465,,89.0,Backheel,True,,,,,1.2,,,,,,,,,,,,,,,,,0,,,,,,,,,,,,,,
8c1f20e1-e71e-4c91-a0a0-17c790d93a68,3096,2,00:36:19.417000,81,19,154,0.178419,3857257,16,Shot,776,Denmark,1,Regular Play,776,Denmark,,27569.0,Jesper Lindstrøm,16.0,Left Midfield,,,,,,,103.5,38.7,40.0,Right Foot,87.0,Open Play,97.5,38.2,,,,96.0,Blocked,,,,,,,0.048889678,66faaab4-ef95-4ed8-a79f-b311de39d15b,93.0,Normal,,,,,,,,,,,,,,,,,,,,,,,0,,,,,,,,,,,,,,
102abc6a-3bd1-4414-a272-22ca02f46b69,3221,2,00:39:55.480000,84,55,162,0.163072,3857257,16,Shot,792,Australia,6,From Counter,792,Australia,,33488.0,Keanu Baccus,17.0,Right Wing,,,,,,,100.3,46.8,40.0,Right Foot,87.0,Open Play,97.7,47.5,,,,96.0,Blocked,,,,,,,0.035468098,6d785297-fb65-4953-a270-701a2e9335d2,93.0,Normal,,,,,,,,,,,,,,,,,,,,,,,0,,,,,,,,,,,,,,
b0746354-fb11-4c00-916e-2ffe9303599d,3346,2,00:42:30.679000,87,30,164,0.528103,3857257,16,Shot,776,Denmark,1,Regular Play,776,Denmark,,24547.0,Alexander Hartmann Bah,2.0,Right Back,,,,,,,120.0,46.5,40.0,Right Foot,87.0,Open Play,108.6,57.0,,,,98.0,Off T,,,,,,,0.03670106,,93.0,Normal,True,,,,,2.6,,,,,,,,,,,,,,,,,0,,,,,,,,,,,,,,
3a1509ee-760a-4695-8f34-4fc753ad490c,3563,2,00:49:11.869000,94,11,175,0.320118,3857257,16,Shot,776,Denmark,6,From Counter,776,Denmark,,6302.0,Kasper Dolberg,24.0,Left Center Forward,,,,,,,118.4,35.2,40.0,Right Foot,87.0,Open Play,117.6,33.5,,,,100.0,Saved,,,,,,,0.08217044,7e6c32f7-b4ea-4b65-b38c-a2c0bf29902c,89.0,Backheel,True,,,,,1.2,,,,,,,,,,,,,,,,,0,,,,,,,,,,,,,,
be058790-7bca-4529-9f34-9c75a304f84c,3578,2,00:49:59.320000,94,59,177,0.702278,3857257,16,Shot,776,Denmark,2,From Corner,776,Denmark,,5732.0,Andreas Evald Cornelius,22.0,Right Center Forward,,,,,,,120.0,41.0,37.0,Head,87.0,Open Play,116.6,51.6,,,,98.0,Off T,,,,,,,0.017447446,676ccaf8-9bc0-4203-b079-22b8456cce08,93.0,Normal,,,,,,3.5,,,,,,,,,,,,,,,,,0,,,,,,,,,,,,,,
e51adb42-5138-49bc-a974-06f3acd44e75,535,1,00:12:53.811000,12,53,30,1.332265,3857258,16,Shot,781,Brazil,2,From Corner,781,Brazil,,4320.0,Neymar da Silva Santos Junior,19.0,Center Attacking Midfield,,,,,,,119.7,38.7,40.0,Right Foot,61.0,Corner,119.2,0.7,,,,100.0,Saved,,,,,,,0.00018,,93.0,Normal,,,,,,2.4,,,,,,,,,True,,,,,,,,0,,,,,,,,,,,,,,
092b9d73-6f23-477b-8896-81d04cff79a6,850,1,00:20:06.595000,20,6,45,0.495812,3857258,16,Shot,781,Brazil,1,Regular Play,781,Brazil,,4320.0,Neymar da Silva Santos Junior,19.0,Center Attacking Midfield,,,,,,,104.9,34.5,40.0,Right Foot,87.0,Open Play,91.6,29.2,,,,96.0,Blocked,,,,,,,0.020173745,1428993e-b9ba-4e5b-973b-d663792eac84,93.0,Normal,,,,,,,,,,,,,,,,,,,,,,,0,,,,,,,,,,,,,,
7546be82-8c03-46fd-ad21-e78f97a07c29,900,1,00:20:51.885000,20,51,45,1.134041,3857258,16,Shot,781,Brazil,1,Regular Play,781,Brazil,,5539.0,Carlos Henrique Casimiro,11.0,Left Defensive Midfield,,,,,,,117.8,39.9,40.0,Right Foot,87.0,Open Play,84.3,34.2,,,,100.0,Saved,,,,,,,0.0075366697,3987f338-472f-4026-b504-a63b0b36921f,93.0,Normal,,,,,,1.7,,,,,,,,,,,,,,,,,0,,,,,,,,,,,,,,
ca5a4b92-e0fa-4c47-acc1-94fbe0c3ebb0,1429,1,00:34:07.088000,34,7,68,0.634475,3857258,16,Shot,781,Brazil,1,Regular Play,781,Brazil,,10595.0,Raphael Dias Belloli,17.0,Right Wing,,,,,,,117.7,41.9,38.0,Left Foot,87.0,Open Play,105.3,49.2,1.0,,,100.0,Saved,,,,,,,0.119197816,62bdb938-93d2-4969-af99-612172a5ba6e,91.0,Half Volley,,,,,,0.5,,,,,,,,,,,,,,,,,0,,,,,,,,,,,,,,
7cc374f5-fc9a-489c-b979-570d30860a11,1492,1,00:36:12.628000,36,12,74,1.12423,3857258,16,Shot,786,Serbia,1,Regular Play,786,Serbia,,7993.0,Filip Mladenović,8.0,Left Wing Back,,,,,,,120.0,33.6,37.0,Head,87.0,Open Play,113.6,28.9,1.0,,,98.0,Off T,True,,,,,,0.026318645,29195d7f-b7d5-42cf-8fc6-4150cb3e39b9,93.0,Normal,,,,,,4.0,,,,,,,,,,,,,,,,,0,,,,,,,,,,,,,,
f367d83e-88ae-454c-bf87-ff854c6e880d,1737,1,00:40:38.076000,40,38,80,0.6,3857258,16,Shot,781,Brazil,1,Regular Play,781,Brazil,,18395.0,Vinícius José Paixão de Oliveira Júnior,21.0,Left Wing,,,,,,,120.0,34.3,40.0,Right Foot,87.0,Open Play,113.2,27.0,,,,98.0,Off T,,,,,,,0.09814694,,91.0,Half Volley,,,,,,1.5,,,,,,,,,True,,,,,,,,0,,,,,,,,,,,,,,
28548766-29be-4f89-a4d2-58bf9870a804,1950,2,00:00:35.564000,45,35,91,0.087213,3857258,16,Shot,781,Brazil,1,Regular Play,781,Brazil,,10595.0,Raphael Dias Belloli,17.0,Right Wing,,,,,,,108.8,45.7,38.0,Left Foot,87.0,Open Play,105.9,47.3,,,,100.0,Saved,,,,,,,0.4224228,,93.0,Normal,,,,,,0.5,,,,,,,,,,,,,,,,,0,,,,,,,,,,,,,,
92a70706-793b-481f-abf9-ff009588364d,2094,2,00:04:57.770000,49,57,97,0.41687,3857258,16,Shot,781,Brazil,3,From Free Kick,781,Brazil,,4320.0,Neymar da Silva Santos Junior,19.0,Center Attacking Midfield,,,,,,,107.6,32.5,40.0,Right Foot,62.0,Free Kick,99.1,27.0,,,,96.0,Blocked,,,,,,,0.06281959,,93.0,Normal,,,,,,,,,,,,,,,,,,,,,,,0,,,,,,,,,,,,,,
efebf998-5ec2-4fc9-938c-be4ce4ff60f2,2099,2,00:05:21.710000,50,21,98,0.052504,3857258,16,Shot,781,Brazil,2,From Corner,781,Brazil,,3295.0,Thiago Emiliano da Silva,5.0,Left Center Back,,,,,,,113.7,34.7,37.0,Head,87.0,Open Play,113.1,34.1,,,,96.0,Blocked,,,,,,,0.06673048,55b56c97-6622-4065-84c6-4abec73a64c0,93.0,Normal,,,,,,,,,,,,,,,,,,,,,,,0,,,,,,,,,,,,,,
acf2f09c-043c-48bc-8e4d-d7ddc04b74ec,2105,2,00:05:23.195000,50,23,98,0.248267,3857258,16,Shot,781,Brazil,2,From Corner,781,Brazil,,3280.0,Richarlison de Andrade,23.0,Center Forward,,,,,,,116.6,31.1,40.0,Right Foot,87.0,Open Play,115.8,29.3,,,,96.0,Blocked,,,,,,,0.0399856,,91.0,Half Volley,,,,,,,,,,,,,,,,,,,,,,,0,,,,,,,,,,,,,,
b0f71167-a2f9-4057-ba83-bc31b18835c2,2190,2,00:08:16.433000,53,16,103,1.208916,3857258,16,Shot,781,Brazil,1,Regular Play,781,Brazil,,3063.0,Danilo Luiz da Silva,2.0,Right Back,,,,,,,108.0,39.9,40.0,Right Foot,87.0,Open Play,95.9,54.2,,,,101.0,Wayward,,,,,,,0.016877638,,95.0,Volley,True,,,,,,,,,,,,,,,,,,,,,,0,,,,,,,,,,,,,,
57c6b4b1-e427-4374-b93e-0af3b1a75a4c,2278,2,00:09:39.880000,54,39,104,0.777709,3857258,16,Shot,781,Brazil,4,From Throw In,781,Brazil,,4320.0,Neymar da Silva Santos Junior,19.0,Center Attacking Midfield,,,,,,,120.0,34.3,38.0,Left Foot,87.0,Open Play,107.5,38.9,,,,98.0,Off T,,,,,,,0.11246919,befde202-8bd5-44eb-8f80-2789e24b2185,91.0,Half Volley,True,,,,,2.7,,,,,,,,,,,,,,,,,0,,,,,,,,,,,,,,
9cde5a33-b4a9-4bbe-8ea2-76d7ef1badfc,2387,2,00:14:25.040000,59,25,112,1.02301,3857258,16,Shot,781,Brazil,3,From Free Kick,781,Brazil,,6945.0,Alex Sandro Lobo Silva,6.0,Left Back,,,,,,,120.0,36.1,38.0,Left Foot,87.0,Open Play,88.0,32.0,,,,99.0,Post,,,,,,,0.021819543,29dbea06-5813-49e3-80a9-28d292be5534,93.0,Normal,,,,,,0.7,,,,,,,,,,,,,,,,,0,,,,,,,,,,,,,,
3c39ef38-538e-4e10-af3d-768e0ed2dcd3,2395,2,00:14:36.361000,59,36,112,1.600118,3857258,16,Shot,781,Brazil,3,From Free Kick,781,Brazil,,18395.0,Vinícius José Paixão de Oliveira Júnior,21.0,Left Wing,,,,,,,120.0,49.0,40.0,Right Foot,87.0,Open Play,105.0,20.1,,,,98.0,Off T,,,,,,,0.009459062,,93.0,Normal,,,,,,4.0,,,,,,,,,,,,,,,,,0,,,,,,,,,,,,,,
2fc45c11-a73c-4817-af40-463aab7436f6,2512,2,00:16:57.028000,61,57,115,0.451433,3857258,16,Shot,781,Brazil,1,Regular Play,781,Brazil,,18395.0,Vinícius José Paixão de Oliveira Júnior,21.0,Left Wing,,,,,,,118.8,39.3,40.0,Right Foot,87.0,Open Play,110.0,26.9,,,,100.0,Saved,,,,,,,0.07986015,e2005d7e-558a-4091-95b6-1298854e7690,93.0,Normal,True,,,,,0.2,,,,,,,,,,,,,,,,,0,,,,,,,,,,,,,,
68934afc-100d-4812-b7fe-c67fda03630e,2515,2,00:16:58.119000,61,58,115,0.575926,3857258,16,Shot,781,Brazil,1,Regular Play,781,Brazil,,3280.0,Richarlison de Andrade,23.0,Center Forward,,,,,,,120.0,41.7,40.0,Right Foot,87.0,Open Play,114.5,41.8,,,,97.0,Goal,,,,,,,0.568145,,95.0,Volley,True,,,,,0.2,,,,,,,,,,,,,,,,,1,,,,,,,,,,,,,,
7447c2e1-59db-49fe-920f-5afc4391c39f,2640,2,00:21:46.341000,66,46,122,0.502477,3857258,16,Shot,781,Brazil,1,Regular Play,781,Brazil,,18395.0,Vinícius José Paixão de Oliveira Júnior,21.0,Left Wing,,,,,,,120.0,29.1,38.0,Left Foot,87.0,Open Play,109.1,28.2,,,,98.0,Off T,,,,,,,0.14253756,,93.0,Normal,,,,,,3.7,,,,,,,,,,,,,,,,,0,,,,,,,,,,,,,,
f66d659d-5db3-4aea-9094-5002e7dbebb7,2686,2,00:23:34.128000,68,34,124,0.697565,3857258,16,Shot,786,Serbia,2,From Corner,786,Serbia,,27719.0,Strahinja Pavlović,5.0,Left Center Back,,,,,,,120.0,42.7,37.0,Head,87.0,Open Play,111.8,38.5,1.0,,,98.0,Off T,True,,,,,,0.098937765,2a6fc6b8-c80a-4ee4-9088-c3f2a2e1ae1b,93.0,Normal,,,,,,4.5,,,,,,,,,,,,,,,,,0,,,,,,,,,,,,,,
688ff909-c4de-4082-8d84-0aa37c1105b4,2715,2,00:24:54.279000,69,54,127,0.950129,3857258,16,Shot,786,Serbia,2,From Corner,786,Serbia,,7145.0,Darko Lazović,7.0,Right Wing Back,,,,,,,120.0,48.9,40.0,Right Foot,87.0,Open Play,95.6,50.9,,,,98.0,Off T,,,,,,,0.018288644,,91.0,Half Volley,True,,,,,5.3,,,,,,,,,,,,,,,,,0,,,,,,,,,,,,,,
f32f451c-8cf3-466b-ae81-a17f6111ab98,2790,2,00:27:54.741000,72,54,133,0.72754,3857258,16,Shot,781,Brazil,4,From Throw In,781,Brazil,,3280.0,Richarlison de Andrade,23.0,Center Forward,,,,,,,120.0,37.0,40.0,Right Foot,87.0,Open Play,107.1,39.6,,,,97.0,Goal,,,,,,,0.07569885,41a702df-0e38-48c9-8524-14d1d92f4b18,95.0,Volley,,,,,,0.9,,,,,,,,,,,,,,,,,1,,,,,,,,,,,,,,
ced60082-1f48-48d6-9398-4f1d05993843,2886,2,00:31:48.401000,76,48,138,0.11998,3857258,16,Shot,781,Brazil,1,Regular Play,781,Brazil,,5539.0,Carlos Henrique Casimiro,11.0,Left Defensive Midfield,,,,,,,87.2,31.4,40.0,Right Foot,87.0,Open Play,86.3,31.2,1.0,,,96.0,Blocked,,,,,,,0.010592449,,93.0,Normal,True,,,,,,,,,,,,,,,,,,,,,,0,,,,,,,,,,,,,,
d3542794-660e-4d1f-a9ab-2e36aaf1b7a0,3014,2,00:35:52.306000,80,52,143,1.048684,3857258,16,Shot,781,Brazil,1,Regular Play,781,Brazil,,5539.0,Carlos Henrique Casimiro,11.0,Left Defensive Midfield,,,,,,,120.0,43.1,40.0,Right Foot,87.0,Open Play,98.1,35.2,,,,99.0,Post,,,,,,,0.06218912,2c123a52-f9c1-409c-860f-51799fd5db30,93.0,Normal,True,,,,,2.8,,,,,,,,,,,,,,,,,0,,,,,,,,,,,,,,
4780ef6a-c5b0-4ed1-912e-829dd87523ad,3063,2,00:36:32.701000,81,32,143,0.763501,3857258,16,Shot,781,Brazil,1,Regular Play,781,Brazil,,25104.0,Rodrygo Silva de Goes,19.0,Center Attacking Midfield,,,,,,,117.4,40.1,40.0,Right Foot,87.0,Open Play,98.8,27.3,,,,100.0,Saved,,,,,,,0.03669105,66241458-5698-4046-aa68-a2ed023d80bb,93.0,Normal,True,,,,,0.5,,,,,,,,,,,,,,,,,0,,,,,,,,,,,,,,
e3a44182-23f4-4163-b36c-372a82466969,3115,2,00:37:32.531000,82,32,145,0.584935,3857258,16,Shot,781,Brazil,1,Regular Play,781,Brazil,,9904.0,Frederico Rodrigues Santos,9.0,Right Defensive Midfield,,,,,,,113.3,39.4,38.0,Left Foot,87.0,Open Play,95.6,43.5,,,,100.0,Saved,,,,,,,0.088970646,ca561558-d7d4-46b3-8217-545154a2a06d,93.0,Normal,,,,,,0.9,,,,,,,,,,,,,,,,,0,,,,,,,,,,,,,,
43d2379a-8f8d-438a-9a6b-e6b71031b2de,3169,2,00:39:22.378000,84,22,148,0.304146,3857258,16,Shot,781,Brazil,7,From Goal Kick,786,Serbia,,5603.0,Nikola Milenković,3.0,Right Center Back,,,,,,,106.1,53.2,40.0,Right Foot,87.0,Open Play,99.3,59.6,,,,96.0,Blocked,,,,,,,0.011090157,,93.0,Normal,,,,,,,,,,,,,,,,,,,,,,,0,,,,,,,,,,,,,,
a80ce031-0884-4242-b6f4-6a98d6986ddb,3250,2,00:41:07.452000,86,7,150,0.91746,3857258,16,Shot,781,Brazil,1,Regular Play,781,Brazil,,25104.0,Rodrygo Silva de Goes,19.0,Center Attacking Midfield,,,,,,,120.0,43.2,40.0,Right Foot,87.0,Open Play,101.5,30.6,,,,98.0,Off T,,,,,,,0.051727816,93a99d50-1947-4e2d-a6e8-ecf9928ffaa8,93.0,Normal,,,,,,5.9,,,,,,,,,,,,,,,,,0,,,,,,,,,,,,,,
923a721a-ae1a-44c7-8971-547e071e8948,3292,2,00:42:49.651000,87,49,152,1.208378,3857258,16,Shot,781,Brazil,1,Regular Play,781,Brazil,,25363.0,Antony Matheus dos Santos,17.0,Right Wing,,,,,,,120.0,35.7,38.0,Left Foot,87.0,Open Play,99.4,59.1,,,,98.0,Off T,,,,,,,0.009657804,71b6efad-1da1-42aa-b1ce-6be75110fe9b,93.0,Normal,,,,,,5.7,,,,,,,,,,,,,,,,,0,,,,,,,,,,,,,,
6cc62a4d-3b8e-4ede-aea2-39ba41fa58e0,3652,2,00:52:03.968000,97,3,170,0.246862,3857258,16,Shot,786,Serbia,3,From Free Kick,786,Serbia,,5833.0,Nemanja Radonjić,8.0,Left Wing Back,,,,,,,99.7,25.5,40.0,Right Foot,87.0,Open Play,93.8,21.5,1.0,,,96.0,Blocked,,,,,,,0.008691933,1eddde25-00c6-4b1a-99a7-eaee8fb9b8dc,93.0,Normal,,,,,,,,,,,,,,,,,,,,,,,0,,,,,,,,,,,,,,
80c4d7fe-0116-4a32-8bd1-d0a5b25c92f5,226,1,00:05:35.148000,5,35,15,0.037121,3857288,16,Shot,792,Australia,3,From Free Kick,792,Australia,,28370.0,Fran Karačić,2.0,Right Back,,,,,,,91.8,41.1,40.0,Right Foot,87.0,Open Play,90.9,41.2,1.0,,,96.0,Blocked,,,,,,,0.015131147,,95.0,Volley,True,,,,,,,,,,,,,,,,,,,,,,0,,,,,,,,,,,,,,
a6e6ba63-713b-4818-877b-c68c596a4828,816,1,00:20:20.141000,20,20,43,1.158633,3857288,16,Shot,777,Tunisia,4,From Throw In,777,Tunisia,,9236.0,Mohamed Dräger,7.0,Right Wing Back,,,,,,,120.0,40.4,40.0,Right Foot,87.0,Open Play,92.0,42.5,,,,98.0,Off T,,,,,,,0.029703999,aba37eb8-55cf-4b3e-8721-f4823f2dfe46,93.0,Normal,,,,,,4.9,,,,,,,,,,,,,,,,,0,,,,,,,,,,,,,,
9acf82e6-81b3-4f91-968f-024463cca298,856,1,00:22:50.680000,22,50,47,1.104271,3857288,16,Shot,792,Australia,4,From Throw In,792,Australia,,33492.0,Mitchell Thomas Duke,22.0,Right Center Forward,,,,,,,120.0,43.6,37.0,Head,87.0,Open Play,110.1,32.5,,,,97.0,Goal,,,,,,,0.04459479,,93.0,Normal,,,,,,0.4,,,,,,,,,,,,,,,,,1,,,,,,,,,,,,,,
3c840fe1-f196-4050-80bc-a8a6ff2ba02a,879,1,00:26:06.836000,26,6,50,0.095529,3857288,16,Shot,792,Australia,3,From Free Kick,792,Australia,,33492.0,Mitchell Thomas Duke,22.0,Right Center Forward,,,,,,,111.4,34.8,37.0,Head,87.0,Open Play,110.7,34.3,,,,96.0,Blocked,,,,,,,0.03948435,e8fbdb1a-018a-4bec-908c-eeb68d7dd0b9,93.0,Normal,,,,,,,,,,,,,,,,,,,,,,,0,,,,,,,,,,,,,,
5dcb4d82-7944-4872-83f3-6b274d8f26b2,1073,1,00:33:45.687000,33,45,64,0.629841,3857288,16,Shot,792,Australia,2,From Corner,792,Australia,,5490.0,Jackson Irvine,9.0,Right Defensive Midfield,,,,,,,120.0,47.2,40.0,Right Foot,87.0,Open Play,114.3,48.2,,,,98.0,Off T,,,,,,,0.07543106,1f4050ad-2853-4b4e-96a2-a230c18cace5,89.0,Backheel,True,,,,,0.3,,,,,,,,,,,,,,,,,0,,,,,,,,,,,,,,
160eb8c3-7fbc-41db-809f-0b9071f10c68,1226,1,00:37:17.370000,37,17,72,0.257117,3857288,16,Shot,777,Tunisia,6,From Counter,777,Tunisia,,23910.0,Youssef Msakni,20.0,Left Attacking Midfield,,,,,,,105.9,52.9,40.0,Right Foot,87.0,Open Play,102.8,54.8,,,,96.0,Blocked,,,,,,,0.031703874,453e9523-0bdc-45bc-8f10-6a1f31e57718,93.0,Normal,,,,,,,,,,,,,,,,,,,,,,,0,,,,,,,,,,,,,,
aae18f45-f89b-49c9-a2a0-142b802d5c59,1276,1,00:40:06.989000,40,6,76,0.299246,3857288,16,Shot,777,Tunisia,4,From Throw In,777,Tunisia,,9236.0,Mohamed Dräger,7.0,Right Wing Back,,,,,,,114.8,44.3,40.0,Right Foot,87.0,Open Play,109.2,48.4,,,,96.0,Blocked,,,,,,,0.21984866,9f3cc268-ecb7-459e-bac4-a08ff5989b2f,93.0,Normal,True,,,,,,,,,,,,,,,,,,,,,,0,,,,,,,,,,,,,,
49130d77-3496-41b2-b5c0-855d3f197d7d,1333,1,00:43:04.352000,43,4,81,0.864072,3857288,16,Shot,792,Australia,3,From Free Kick,792,Australia,,33492.0,Mitchell Thomas Duke,22.0,Right Center Forward,,,,,,,117.2,39.4,37.0,Head,87.0,Open Play,104.9,40.6,1.0,,,100.0,Saved,True,,,,,,0.040856346,6da15c86-4f92-4403-acd1-0bd92e8cf855,93.0,Normal,,,,,,1.0,,,,,,,,,,,,,,,,,0,,,,,,,,,,,,,,
1146ccdf-7a18-4edb-af66-dc85645a90c2,1371,1,00:43:38.367000,43,38,83,0.124913,3857288,16,Shot,792,Australia,1,Regular Play,792,Australia,,28370.0,Fran Karačić,2.0,Right Back,,,,,,,109.0,51.9,38.0,Left Foot,87.0,Open Play,106.4,54.9,,,,96.0,Blocked,,,,,,,0.035070673,,91.0,Half Volley,True,,,,,,,,,,,,,,,,,,,,,,0,,,,,,,,,,,,,,
39ed37fb-f84e-4837-a487-eca044e01163,1395,1,00:45:44.013000,45,44,85,2.472547,3857288,16,Shot,792,Australia,2,From Corner,792,Australia,,28370.0,Fran Karačić,2.0,Right Back,,,,,,,120.0,18.8,40.0,Right Foot,87.0,Open Play,87.2,52.2,,,,101.0,Wayward,,1.0,,,,,0.0052714557,,95.0,Volley,True,,,,,,,,,,,,,,,,,,,,,,0,,,,,,,,,,,,,,
c1a70365-5ed5-497e-b133-f287066126a1,1468,1,00:47:16.781000,47,16,88,0.399224,3857288,16,Shot,777,Tunisia,4,From Throw In,777,Tunisia,,23910.0,Youssef Msakni,20.0,Left Attacking Midfield,,,,,,,120.0,45.2,40.0,Right Foot,87.0,Open Play,111.0,45.5,,,,98.0,Off T,,,,,,,0.23484555,959dd135-b394-4cf9-ad85-3a86f4320adf,93.0,Normal,True,,,,,1.2,,,,,,,,,,,,,,,,,0,,,,,,,,,,,,,,
8aa0fcc9-cdaa-47ab-b593-ec0343ad1843,2012,2,00:11:17.564000,56,17,111,0.473073,3857288,16,Shot,792,Australia,4,From Throw In,792,Australia,,33492.0,Mitchell Thomas Duke,22.0,Right Center Forward,,,,,,,115.1,1.2,37.0,Head,87.0,Open Play,107.3,39.8,,,,101.0,Wayward,,,,,,,0.06400663,93539d62-07bb-4d50-bba0-c37df0b64ae6,93.0,Normal,,,,,,,,,,,,,,,,,,,,,,,0,,,,,,,,,,,,,,
bafebc5f-4ae9-4de7-8d7a-35d51be103ab,2174,2,00:15:25.959000,60,25,119,1.165965,3857288,16,Shot,777,Tunisia,4,From Throw In,777,Tunisia,,5650.0,Ferjani Sassi,13.0,Right Center Midfield,,,,,,,120.0,47.8,40.0,Right Foot,87.0,Open Play,91.2,52.7,,,,98.0,Off T,,,,,,,0.020219443,b59ee195-1d61-4bad-bb2a-626e5ac1c2e1,93.0,Normal,,,,,,4.2,,,,,,,,,,,,,,,,,0,,,,,,,,,,,,,,
14545118-82f0-4b64-b0a1-c0e1e51154f0,2351,2,00:20:18.701000,65,18,133,0.273131,3857288,16,Shot,777,Tunisia,1,Regular Play,777,Tunisia,,23910.0,Youssef Msakni,21.0,Left Wing,,,,,,,105.8,34.1,40.0,Right Foot,87.0,Open Play,101.8,31.8,,,,96.0,Blocked,,,,,,,0.058604978,a5b1fb1c-1598-4a2b-bf08-ba829755fc49,93.0,Normal,True,,,,,,,,,,,,,,,,,,,,,,0,,,,,,,,,,,,,,
ad2caade-93ae-4fc8-bc21-a1142c2107d7,2622,2,00:26:22.732000,71,22,142,0.500791,3857288,16,Shot,777,Tunisia,1,Regular Play,777,Tunisia,,23910.0,Youssef Msakni,21.0,Left Wing,,,,,,,117.5,36.2,38.0,Left Foot,87.0,Open Play,108.1,25.0,,,,100.0,Saved,,,,,,,0.026706748,b8aaf06f-13f3-402a-a5e6-d79f989d265c,93.0,Normal,True,,,,,1.2,,,,,,,,,,,,,,,,,0,,,,,,,,,,,,,,
d730c8b5-b5cc-4c4e-abc5-01e19adf9c13,2645,2,00:26:50.614000,71,50,142,0.945685,3857288,16,Shot,777,Tunisia,1,Regular Play,777,Tunisia,,23910.0,Youssef Msakni,21.0,Left Wing,,,,,,,116.7,41.3,40.0,Right Foot,87.0,Open Play,95.6,42.2,,,,100.0,Saved,,,,,,,0.048467197,0b8694dc-b0db-44b8-8d1b-18e9347f9403,93.0,Normal,,,,,,1.1,,,,,,,,,,,,,,,,,0,,,,,,,,,,,,,,
0eda6921-f9f9-4022-a826-2580bc49d877,2657,2,00:28:15.649000,73,15,145,0.980509,3857288,16,Shot,792,Australia,4,From Throw In,792,Australia,,3281.0,Aaron Mooy,11.0,Left Defensive Midfield,,,,,,,120.0,43.7,40.0,Right Foot,87.0,Open Play,95.6,44.1,,,,98.0,Off T,,,,,,,0.039191317,afc01b89-059c-431a-ba05-36858ee1199a,91.0,Half Volley,True,,,,,3.4,,,,,,,,,,,,,,,,,0,,,,,,,,,,,,,,
14f00f94-3634-430d-8ed2-e689083efd28,2683,2,00:29:06.124000,74,6,147,1.764605,3857288,16,Shot,777,Tunisia,4,From Throw In,777,Tunisia,,23910.0,Youssef Msakni,21.0,Left Wing,,,,,,,120.0,35.2,37.0,Head,87.0,Open Play,110.1,38.0,1.0,,,98.0,Off T,True,,,,,,0.10262261,,93.0,Normal,,,,,,5.5,,,,,,,,,,,,,,,,,0,,,,,,,,,,,,,,
61cf7eac-d6b7-4e16-a12b-bb40a6b3d717,2918,2,00:38:13.170000,83,13,164,1.20112,3857288,16,Shot,777,Tunisia,4,From Throw In,777,Tunisia,,32450.0,Montassar Omar Talbi,5.0,Left Center Back,,,,,,,118.2,40.0,40.0,Right Foot,87.0,Open Play,89.6,34.9,,,,100.0,Saved,,,,,,,0.012159805,,95.0,Volley,True,,,,,1.3,,,,,,,,,,,,,,,,,0,,,,,,,,,,,,,,
55360232-7d1d-45da-a838-f0804c83a6c3,2975,2,00:40:32.804000,85,32,170,0.068568,3857288,16,Shot,777,Tunisia,6,From Counter,777,Tunisia,,128793.0,Taha Yassine Khenissi,23.0,Center Forward,,,,,,,99.2,54.1,40.0,Right Foot,87.0,Open Play,98.4,54.6,,,,96.0,Blocked,,,,,,,0.012915949,,93.0,Normal,,,,,,,,,,,,,,,,,,,,,,,0,,,,,,,,,,,,,,
48b1fc83-3650-48c6-9961-d637e88cb905,3046,2,00:41:36.453000,86,36,174,0.3057,3857288,16,Shot,777,Tunisia,1,Regular Play,777,Tunisia,,3557.0,Naïm Sliti,17.0,Right Wing,,,,,,,111.5,45.5,38.0,Left Foot,87.0,Open Play,109.8,47.4,,,,96.0,Blocked,,,,,,,0.1403044,274f8ea8-5801-4015-bfa5-3bf742f4fbf5,93.0,Normal,,,,,,,,,,,,,,,,,,,,,,,0,,,,,,,,,,,,,,
d7978250-dde0-4c0e-8d55-da044c7b4620,3074,2,00:42:48.904000,87,48,176,0.576221,3857288,16,Shot,777,Tunisia,1,Regular Play,777,Tunisia,,3196.0,Wahbi Khazri,19.0,Center Attacking Midfield,,,,,,,116.7,43.7,38.0,Left Foot,87.0,Open Play,109.9,49.4,,,,100.0,Saved,,,,,,,0.09264534,d89aabc0-2b51-4150-bfdf-d29fbdf81274,93.0,Normal,True,,,,,0.8,,,,,,,,,,,,,,,,,0,,,,,,,,,,,,,,
432729bb-2800-41e7-a98a-89662baf21c1,3215,2,00:46:46.165000,91,46,183,0.149533,3857288,16,Shot,777,Tunisia,1,Regular Play,777,Tunisia,,3196.0,Wahbi Khazri,19.0,Center Attacking Midfield,,,,,,,109.2,25.2,40.0,Right Foot,87.0,Open Play,108.4,24.1,,,,96.0,Blocked,,,,,,,0.021421792,,93.0,Normal,,,,,,,,,,,,,,,,,,,,,,,0,,,,,,,,,,,,,,
d61a5bc5-cdf0-47a7-ad8b-1453b3315a82,123,1,00:02:43.237000,2,43,7,0.55751,3857267,16,Shot,787,Senegal,7,From Goal Kick,787,Senegal,,3436.0,Idrissa Gana Gueye,19.0,Center Attacking Midfield,,,,,,,120.0,45.0,40.0,Right Foot,87.0,Open Play,106.9,45.7,,,,98.0,Off T,,,,,,,0.21271749,2e88f2aa-ed5f-496e-8186-a64c0abf0245,93.0,Normal,,,,,,1.5,,,,,,,,,,,,,,,,,0,,,,,,,,,,,,,,
26b97ae4-3213-4621-9403-327bd8d869db,301,1,00:07:47.808000,7,47,16,0.802989,3857267,16,Shot,787,Senegal,3,From Free Kick,787,Senegal,,20611.0,Boulaye Dia,23.0,Center Forward,,,,,,,120.0,33.3,40.0,Right Foot,87.0,Open Play,109.3,51.9,,,,98.0,Off T,,,,,,,0.16839646,9c7f8a90-4f4f-49f9-bd11-61f3c93d6410,93.0,Normal,True,,,,,0.2,,,,,,,,,,,,,,,,,0,,,,,,,,,,,,,,
48487024-2b14-4521-a46b-508418babbad,330,1,00:09:51.513000,9,51,18,0.537046,3857267,16,Shot,3565,Ecuador,3,From Free Kick,3565,Ecuador,,28559.0,Enner Remberto Valencia Lastra,21.0,Left Wing,,,,,,,104.7,40.3,40.0,Right Foot,62.0,Free Kick,86.9,40.9,,,,96.0,Blocked,,,,,,,0.021615954,,93.0,Normal,,,,,,,,,,,,,,,,,,,,,,,0,,,,,,,,,,,,,,
9f9cc1fe-f26f-416d-a2bc-c965c1b2aed0,338,1,00:09:58.540000,9,58,18,0.432044,3857267,16,Shot,3565,Ecuador,3,From Free Kick,3565,Ecuador,,28559.0,Enner Remberto Valencia Lastra,21.0,Left Wing,,,,,,,106.4,39.9,40.0,Right Foot,87.0,Open Play,95.9,37.7,,,,96.0,Blocked,,,,,,,0.02803523,,91.0,Half Volley,True,,,,,,,,,,,,,,,,,,,,,,0,,,,,,,,,,,,,,
e3788f0f-b869-4e30-b752-70b1062457ba,361,1,00:10:52.348000,10,52,20,0.251587,3857267,16,Shot,787,Senegal,2,From Corner,787,Senegal,,2941.0,Ismaïla Sarr,21.0,Left Wing,,,,,,,104.2,40.6,40.0,Right Foot,87.0,Open Play,99.2,40.2,,,,96.0,Blocked,,,,,,,0.042373266,,91.0,Half Volley,,,,,,,,,,,,,,,,,,,,,,,0,,,,,,,,,,,,,,
9c6d9302-1de8-4a97-ac5c-52153023503d,412,1,00:11:53.354000,11,53,20,1.355073,3857267,16,Shot,787,Senegal,2,From Corner,787,Senegal,,80484.0,Iliman Ndiaye,17.0,Right Wing,,,,,,,120.0,33.7,38.0,Left Foot,87.0,Open Play,99.7,52.9,,,,98.0,Off T,,,,,,,0.02889044,,93.0,Normal,,,,,,3.1,,,,,,,,,,,,,,,,,0,,,,,,,,,,,,,,
c319aceb-f6cd-40e3-8431-557a2619a822,718,1,00:23:37.541000,23,37,38,0.056715,3857267,16,Shot,787,Senegal,1,Regular Play,787,Senegal,,2941.0,Ismaïla Sarr,21.0,Left Wing,,,,,,,104.8,26.2,40.0,Right Foot,87.0,Open Play,104.1,25.5,,,,96.0,Blocked,,,,,,,0.023828069,fef77b65-e874-468c-b9a8-d0041493b847,93.0,Normal,,,,,,,,,,,,,,,,,,,,,,,0,,,,,,,,,,,,,,
04b3da1e-5e65-4060-8945-664a3fe004ee,725,1,00:24:20.572000,24,20,39,0.384675,3857267,16,Shot,787,Senegal,2,From Corner,787,Senegal,,21026.0,Pape Gueye,11.0,Left Defensive Midfield,,,,,,,105.8,39.5,38.0,Left Foot,87.0,Open Play,93.0,36.3,,,,96.0,Blocked,,,,,,,0.025696881,,93.0,Normal,,,,,,,,,,,,,,,,,,,,,,,0,,,,,,,,,,,,,,
d68c0771-3315-4ef2-8c10-82157b6eeb7e,735,1,00:24:27.593000,24,27,39,0.8286,3857267,16,Shot,787,Senegal,2,From Corner,787,Senegal,,8553.0,Abdou Diallo,5.0,Left Center Back,,,,,,,118.5,44.7,37.0,Head,87.0,Open Play,107.9,41.9,,,,101.0,Wayward,,,,,,,0.035411544,8e78e783-1a50-49d2-b860-f627da2d2a4e,93.0,Normal,,,,,,,,,,,,,,,,,,,,,,,0,,,,,,,,,,,,,,
5f66b1e6-4264-46d4-bf52-ec9e834b12c6,1167,1,00:36:31.419000,36,31,62,1.373818,3857267,16,Shot,787,Senegal,3,From Free Kick,787,Senegal,,31751.0,Pathé Ismaël Ciss,9.0,Right Defensive Midfield,,,,,,,120.0,41.1,37.0,Head,87.0,Open Play,108.1,33.6,,,,98.0,Off T,,,,,,,0.03057826,d57462a2-afc5-4b12-92d5-4dd127c635ab,93.0,Normal,,,,,,4.4,,,,,,,,,,,,,,,,,0,,,,,,,,,,,,,,
8c2f9c1f-2c84-4d2d-9794-9b87829ede8a,1333,1,00:46:31.843000,46,31,74,0.032998,3857267,16,Shot,787,Senegal,1,Regular Play,787,Senegal,,80484.0,Iliman Ndiaye,17.0,Right Wing,,,,,,,108.0,46.2,38.0,Left Foot,87.0,Open Play,107.3,46.7,,,,96.0,Blocked,,,,,,,0.04522632,,91.0,Half Volley,,,,,,,,,,,,,,,,,,,,,,,0,,,,,,,,,,,,,,
f357068e-101e-47d5-9cab-b46abeab6fd2,1522,2,00:03:26.400000,48,26,87,0.914913,3857267,16,Shot,3565,Ecuador,4,From Throw In,3565,Ecuador,,36148.0,José Adoni Cifuentes Charcopa,9.0,Right Defensive Midfield,,,,,,,117.7,42.5,40.0,Right Foot,87.0,Open Play,93.8,51.3,,,,100.0,Saved,,,,,,,0.025271386,122fa403-248f-432b-b2d3-a447062ac9a3,93.0,Normal,,,,,,0.2,,,,,,,,,,,,,,,,,0,,,,,,,,,,,,,,
5783c86d-02e9-4d3c-89e8-0b1ea00d2aca,1851,2,00:11:59.594000,56,59,106,1.202971,3857267,16,Shot,3565,Ecuador,1,Regular Play,3565,Ecuador,,34396.0,Michael Steveen Estrada Martínez,22.0,Right Center Forward,,,,,,,120.0,31.1,37.0,Head,87.0,Open Play,106.7,38.8,,,,98.0,Off T,,,,,,,0.042533338,,93.0,Normal,,,,,,0.7,,,,,,,,,,,,,,,,,0,,,,,,,,,,,,,,
d7dc9e6e-e833-4bca-abe0-16efd35baa2d,2109,2,00:21:57.934000,66,57,126,0.359115,3857267,16,Shot,3565,Ecuador,2,From Corner,3565,Ecuador,,30111.0,Felix Eduardo Torres Caicedo,3.0,Right Center Back,,,,,,,117.0,36.2,37.0,Head,87.0,Open Play,113.7,42.7,,,,101.0,Wayward,,,,,,,0.15397952,523f7ed6-150d-47f1-90cb-2ddd449e80d7,93.0,Normal,,,,,,,,,,,,,,,,,,,,,,,0,,,,,,,,,,,,,,
fe08733c-664e-444f-9053-4753f4d98076,2112,2,00:21:58.414000,66,58,126,0.458531,3857267,16,Shot,3565,Ecuador,2,From Corner,3565,Ecuador,,37726.0,Moisés Isaac Caicedo Corozo,11.0,Left Defensive Midfield,,,,,,,120.0,36.9,40.0,Right Foot,87.0,Open Play,117.2,35.6,,,,97.0,Goal,,,,,,,0.5894187,,95.0,Volley,True,,,,,0.1,,,,,,,,,,,,,,,,True,1,,,,,,,,,,,,,,
7f414cf8-690c-4ce8-bdb4-7de35ddbd88b,2136,2,00:24:30.328000,69,30,128,0.608483,3857267,16,Shot,787,Senegal,3,From Free Kick,787,Senegal,,5675.0,Kalidou Koulibaly,3.0,Right Center Back,,,,,,,120.0,38.2,40.0,Right Foot,87.0,Open Play,114.3,46.0,,,,97.0,Goal,,,,,,,0.23427999,,95.0,Volley,True,,,,,1.3,,,,,,,,,,,,,,,,,1,,,,,,,,,,,,,,
4791bb90-e837-4f48-90e2-efede0479473,2232,2,00:30:48.439000,75,48,133,0.694391,3857267,16,Shot,3565,Ecuador,4,From Throw In,3565,Ecuador,,31152.0,Gonzalo Jordy Plata Jiménez,12.0,Right Midfield,,,,,,,117.9,40.6,38.0,Left Foot,87.0,Open Play,107.0,42.8,,,,100.0,Saved,,,,,,,0.058988493,68345e41-8ef0-4bb1-8aeb-0386932fa5d8,91.0,Half Volley,,,,,,0.5,,,,,,,,,,,,,,,,,0,,,,,,,,,,,,,,
2bf8682f-e1ab-414c-8bc1-6980dc46c81c,2466,2,00:36:53.717000,81,53,144,0.758655,3857267,16,Shot,787,Senegal,4,From Throw In,787,Senegal,,20611.0,Boulaye Dia,17.0,Right Wing,,,,,,,120.0,45.1,40.0,Right Foot,87.0,Open Play,101.3,54.6,,,,98.0,Off T,,,,,,,0.04455093,1b845b1b-8c1e-4ad9-8d63-4064b857dcbc,93.0,Normal,True,,,,,1.6,,,,,,,,,,,,,,,,,0,,,,,,,,,,,,,True,
5bfc0320-add5-41f5-8498-58bdb69b0879,2612,2,00:42:46.907000,87,46,155,0.757377,3857267,16,Shot,787,Senegal,3,From Free Kick,787,Senegal,,21026.0,Pape Gueye,11.0,Left Defensive Midfield,,,,,,,116.1,44.0,40.0,Right Foot,87.0,Open Play,102.6,54.8,,,,100.0,Saved,,,,,,,0.03201506,,93.0,Normal,,,,,,0.9,,,,,,,,,,,,,,,,,0,,,,,,,,,,,,,,
2e8b83d3-8d70-4882-b24e-efe516fa2d28,2673,2,00:43:59.948000,88,59,158,1.540094,3857267,16,Shot,3565,Ecuador,4,From Throw In,3565,Ecuador,,40211.0,Jeremy Leonel Sarmiento Morante,16.0,Left Midfield,,,,,,,117.3,40.5,37.0,Head,87.0,Open Play,105.3,32.1,,,,100.0,Saved,,,,,,,0.02928531,fc360d1f-beed-4a7b-8ca6-e6e7e46b3da1,93.0,Normal,,,,,,1.9,,,,,,,,,,,,,,,,,0,,,,,,,,,,,,,,
965bcc85-5bae-4710-8ca7-9203417c49df,2770,2,00:48:53.651000,93,53,171,1.999,3857267,16,Shot,3565,Ecuador,4,From Throw In,3565,Ecuador,,51969.0,Jackson Gabriel Porozo Vernaza,2.0,Right Back,,,,,,,120.0,51.5,37.0,Head,87.0,Open Play,105.9,34.3,,,,98.0,Off T,,,,,,,0.052534856,5932e57c-347e-42a6-92b0-4b8a6b9d1f49,93.0,Normal,,,,,,0.7,,,,,,,,,,,,,,,,,0,,,,,,,,,,,,,,
5628fb42-180e-4756-8655-b0bffc7ba8f0,389,1,00:12:38.924000,12,38,29,1.0495,3857287,16,Shot,783,Uruguay,4,From Throw In,783,Uruguay,,5255.0,Matías Vecino Falero,15.0,Left Center Midfield,,,,,,,117.3,36.7,37.0,Head,87.0,Open Play,109.5,28.6,,,,100.0,Saved,,,,,,,0.052239094,633f1bae-fbc8-4b69-8226-f2166b088989,93.0,Normal,,,,,,0.5,,,,,,,,,,,,,,,,,0,,,,,,,,,,,,,,
9a92c82b-99ac-46b4-be65-45a79d4650ed,677,1,00:18:45.979000,18,45,36,0.886212,3857287,16,Shot,783,Uruguay,7,From Goal Kick,783,Uruguay,,6773.0,Federico Santiago Valverde Dipetta,13.0,Right Center Midfield,,,,,,,120.0,43.8,38.0,Left Foot,87.0,Open Play,103.9,35.4,1.0,,,98.0,Off T,,,,,,,0.05187739,0f6541f3-12b6-4ff4-864b-0eef17f24759,91.0,Half Volley,,,,,,3.9,,,,,,,,,,,,,,,,,0,,,,,,,,,,,,,,
ded873ac-89f3-4ae4-9b4f-96f0ce726233,1214,1,00:33:36.133000,33,36,58,0.238528,3857287,16,Shot,791,South Korea,4,From Throw In,791,South Korea,,29966.0,Ui-Jo Hwang,23.0,Center Forward,,,,,,,120.0,38.2,40.0,Right Foot,87.0,Open Play,108.9,42.7,,,,98.0,Off T,,,,,,,0.323128,09cb11de-dc60-4a04-a08e-476893efa229,93.0,Normal,True,,,,,4.2,,,,,,,,,,,,,,,,,0,,,,,,,,,,,,,,
57bb672a-cc1c-485e-9daf-ec52fd44a58a,1398,1,00:38:40.481000,38,40,65,0.913769,3857287,16,Shot,791,South Korea,4,From Throw In,791,South Korea,,23763.0,In-Beom Hwang,9.0,Right Defensive Midfield,,,,,,,120.0,36.5,40.0,Right Foot,87.0,Open Play,89.7,57.6,,,,98.0,Off T,,,,,,,0.007071261,a1efd974-a31d-4242-a365-7b54a3d6348c,93.0,Normal,,,,,,4.3,,,,,,,,,,,,,,,,,0,,,,,,,,,,,,,,
5d9a7dee-a394-45bd-a788-6791bcb46e98,1583,1,00:42:50.814000,42,50,71,0.633348,3857287,16,Shot,783,Uruguay,2,From Corner,783,Uruguay,,5249.0,Diego Roberto Godín Leal,3.0,Right Center Back,,,,,,,120.0,36.0,37.0,Head,87.0,Open Play,110.0,40.4,1.0,,,99.0,Post,True,,,,,,0.054689027,d183b7b5-0a0b-4a79-b0e5-aeda205aef4c,93.0,Normal,,,,,,1.0,,,,,,,,,,,,,,,,,0,,,,,,,,,,,,,,
5a203b40-fbdc-43d6-aaaf-39d78a9a2626,1671,1,00:45:10.044000,45,10,73,2.055432,3857287,16,Shot,783,Uruguay,3,From Free Kick,783,Uruguay,,5259.0,José María Giménez de Vargas,5.0,Left Center Back,,,,,,,120.0,50.1,37.0,Head,87.0,Open Play,103.5,35.9,,,,98.0,Off T,,,,,,,0.046385217,589d3f2f-3541-4e68-abf0-4f66474f54da,93.0,Normal,,,,,,1.3,,,,,,,,,,,,,,,,,0,,,,,,,,,,,,,,
b1309c1c-2272-43ac-a0a6-c9f358d70c18,1953,2,00:07:07.415000,52,7,86,0.640167,3857287,16,Shot,791,South Korea,2,From Corner,791,South Korea,,43565.0,Min Jae Kim,3.0,Right Center Back,,,,,,,116.9,38.6,70.0,Other,87.0,Open Play,111.5,46.1,,,,101.0,Wayward,,,,,,,0.046898182,6d932de5-f38f-4cfd-83dd-6899ef9139a0,93.0,Normal,,,,,,,,,,,,,,,,,,,,,,,0,,,,,,,,,,,,,,
f9af0c77-987d-4a7e-9e86-a8474d6cc36a,2020,2,00:09:21.287000,54,21,89,0.063826,3857287,16,Shot,783,Uruguay,3,From Free Kick,783,Uruguay,,5260.0,Rodrigo Bentancur Colmán,10.0,Center Defensive Midfield,,,,,,,103.9,38.5,40.0,Right Foot,87.0,Open Play,101.3,38.3,,,,96.0,Blocked,,,,,,,0.052523207,c3ee18f8-fd28-4386-b606-1b19035983da,93.0,Normal,,,,,,,,,,,,,,,,,,,,,,,0,,,,,,,,,,,,,,
9d6785c3-3d7a-4124-83c6-700dcd524042,2455,2,00:23:09.043000,68,9,113,3.482943,3857287,16,Shot,783,Uruguay,1,Regular Play,783,Uruguay,,6773.0,Federico Santiago Valverde Dipetta,9.0,Right Defensive Midfield,,,,,,,109.0,78.9,40.0,Right Foot,87.0,Open Play,90.5,27.4,,,,101.0,Wayward,,,,,,,0.014167523,,91.0,Half Volley,True,,,,,,,,,,,,,,,,,,,,,,0,,,,,,,,,,,,,,
637d7f05-74eb-4c8d-8217-53a8f5495e80,2478,2,00:23:37.124000,68,37,114,0.123126,3857287,16,Shot,783,Uruguay,4,From Throw In,783,Uruguay,,4319.0,Edinson Roberto Cavani Gómez,22.0,Right Center Forward,,,,,,,107.6,47.0,40.0,Right Foot,87.0,Open Play,106.6,47.5,,,,96.0,Blocked,,,,,,,0.03804607,3ed7e4ae-4491-4e0c-bfbc-e777d6cac3c9,93.0,Normal,,,,,,,,,,,,,,,,,,,,,,,0,,,,,,,,,,,,,,
108530c5-bc45-44f6-a676-961004913a8c,2735,2,00:29:42.438000,74,42,118,0.053274,3857287,16,Shot,791,South Korea,7,From Goal Kick,791,South Korea,,22740.0,Kang-In Lee,17.0,Right Wing,,,,,,,95.6,53.5,38.0,Left Foot,87.0,Open Play,94.5,54.2,,,,96.0,Blocked,,,,,,,0.023162797,bea03ddf-d9dd-4c81-a43b-bb40527cb71b,93.0,Normal,,,,,,,,,,,,,,,,,,,,,,,0,,,,,,,,,,,,,,
70853b88-685a-4922-98d8-b3ba00afab40,2811,2,00:31:51.289000,76,51,121,0.701119,3857287,16,Shot,791,South Korea,4,From Throw In,791,South Korea,,40542.0,Gue-Sung Cho,23.0,Center Forward,,,,,,,120.0,46.6,38.0,Left Foot,87.0,Open Play,93.4,42.0,,,,98.0,Off T,,,,,,,0.036145955,8318bdb5-a95a-44eb-a7eb-32cdcffc9b1a,91.0,Half Volley,,,,,,0.8,,,,,,,,,,,,,,,,,0,,,,,,,,,,,,,,
35c7d57e-4ece-4607-acd1-6fc535aca1e8,2961,2,00:35:43.870000,80,43,128,0.702777,3857287,16,Shot,783,Uruguay,1,Regular Play,783,Uruguay,,32478.0,Darwin Gabriel Núñez Ribeiro,24.0,Left Center Forward,,,,,,,120.0,46.3,40.0,Right Foot,87.0,Open Play,100.6,28.3,,,,98.0,Off T,,,,,,,0.028178101,776d2acc-e52a-4feb-8e01-5f9779d0ab2f,93.0,Normal,,,,,,0.9,,,,,,,,,,,,,,,,,0,,,,,,,,,,,,,,
52fadd3f-9f6a-4697-a1e2-4c86fb7c27c4,3149,2,00:41:56.518000,86,56,136,1.233002,3857287,16,Shot,783,Uruguay,1,Regular Play,783,Uruguay,,4319.0,Edinson Roberto Cavani Gómez,22.0,Right Center Forward,,,,,,,120.0,33.7,37.0,Head,87.0,Open Play,110.5,39.7,,,,98.0,Off T,,,,,,,0.06689449,ee1939e0-4656-43f6-8dbf-f44fec9decaf,93.0,Normal,,,,,,2.1,,,,,,,,,,,,,,,,,0,,,,,,,,,,,,,,
b43973c6-dec2-486a-97e0-d932042e7295,3205,2,00:43:58.667000,88,58,140,1.056971,3857287,16,Shot,783,Uruguay,1,Regular Play,783,Uruguay,,6773.0,Federico Santiago Valverde Dipetta,9.0,Right Defensive Midfield,,,,,,,119.9,36.1,40.0,Right Foot,87.0,Open Play,95.7,22.6,,,,99.0,Post,,1.0,,,,,0.012294213,,93.0,Normal,,,,,,2.7,,,,,,,,,,,,,,,,,0,,,,,,,,,,,,,,
c2770548-8c9d-474a-8cd7-6114ce4f76e1,3219,2,00:44:54.647000,89,54,141,0.250517,3857287,16,Shot,791,South Korea,7,From Goal Kick,791,South Korea,,3083.0,Heung-Min Son,21.0,Left Wing,,,,,,,120.0,46.1,38.0,Left Foot,87.0,Open Play,93.8,36.6,,,,98.0,Off T,,,,,,,0.0335565,e7d10dea-f188-40c1-be90-e8f2a5ab09c2,93.0,Normal,,,,,,1.0,,,,,,,,,,,,,,,,,0,,,,,,,,,,,,,,
0ada1c14-4a75-4b1b-98b2-bd91c1f22dbd,3330,2,00:48:06.493000,93,6,147,0.514855,3857287,16,Shot,791,South Korea,4,From Throw In,791,South Korea,,23763.0,In-Beom Hwang,19.0,Center Attacking Midfield,,,,,,,120.0,31.4,38.0,Left Foot,87.0,Open Play,94.9,26.7,,,,98.0,Off T,,,,,,,0.023029828,8ee38ae8-0795-4539-8f11-faea686ba5c4,93.0,Normal,,,,,,4.5,,,,,,,,,,,,,,,,,0,,,,,,,,,,,,,,
dd62c1c2-00a9-4b33-a516-6094ca80e218,189,1,00:03:59.509000,3,59,7,0.443873,3869486,16,Shot,780,Portugal,3,From Free Kick,780,Portugal,,12041.0,João Félix Sequeira,21.0,Left Wing,,,,,,,118.1,42.9,37.0,Head,87.0,Open Play,106.8,44.2,,,,100.0,Saved,,,,,,,0.0989785,e0cf5d6b-dc3f-46db-9013-bcadd11e0869,90.0,Diving Header,,,,,,1.1,,,,,,,,,,,,,,,,,0,,,,,,,,,,,,,,
9f344f5d-4d72-4cf2-8eac-ed7c83a87f65,222,1,00:05:56.389000,5,56,11,0.828557,3869486,16,Shot,788,Morocco,2,From Corner,788,Morocco,,6301.0,Youssef En-Nesyri,23.0,Center Forward,,,,,,,120.0,38.1,37.0,Head,87.0,Open Play,112.7,39.4,,,,98.0,Off T,,,,,,,0.117904566,8709a54e-44b2-4bca-912c-0eb0725a37fc,93.0,Normal,,,,,,4.4,,,,,,,,,,,,,,,,,0,,,,,,,,,,,,,,
acc5950a-c4d0-4ca7-8f0d-61a7de6ac0e8,520,1,00:12:26.687000,12,26,19,0.535739,3869486,16,Shot,780,Portugal,3,From Free Kick,780,Portugal,,5209.0,Raphaël Adelino José Guerreiro,6.0,Left Back,,,,,,,114.0,34.9,38.0,Left Foot,87.0,Open Play,105.6,23.6,,,,96.0,Blocked,,,,,,,0.019215545,,95.0,Volley,True,,,,,,,,,,,,,,,,,,,,,,0,,,,,,,,,,,,,,
9cf778f8-eb3d-4bc5-ab35-0f3a147db977,740,1,00:17:49.502000,17,49,29,1.039925,3869486,16,Shot,788,Morocco,1,Regular Play,788,Morocco,,5237.0,Hakim Ziyech,12.0,Right Midfield,,,,,,,120.0,47.8,38.0,Left Foot,87.0,Open Play,96.1,60.9,,,,98.0,Off T,,,,,,,0.008206696,4b01d552-e0c3-4340-9d51-ed4495cf67c2,93.0,Normal,,,,,,0.2,,,,,,,,,,,,,,,,,0,,,,,,,,,,,,,,
9e674fd1-9541-42e1-921f-a8ccbed1d7c6,961,1,00:25:21.480000,25,21,42,1.096902,3869486,16,Shot,788,Morocco,3,From Free Kick,788,Morocco,,6301.0,Youssef En-Nesyri,23.0,Center Forward,,,,,,,120.0,48.7,37.0,Head,87.0,Open Play,106.7,39.8,,,,98.0,Off T,,,,,,,0.043849364,6e5c5b88-e712-4436-94f3-9f96489078de,93.0,Normal,,,,,,2.2,,,,,,,,,,,,,,,,,0,,,,,,,,,,,,,,
646d8725-6259-4863-92b3-0ea602d4bdd4,1156,1,00:30:09.748000,30,9,49,0.18265,3869486,16,Shot,780,Portugal,1,Regular Play,780,Portugal,,12041.0,João Félix Sequeira,21.0,Left Wing,,,,,,,104.5,29.9,40.0,Right Foot,87.0,Open Play,100.9,27.7,,,,96.0,Blocked,,,,,,,0.027014187,,91.0,Half Volley,,,,,,,,,,,,,,,,,,,,,,,0,,,,,,,,,,,,,,
971e3e9c-a536-4987-be86-fed114271c3e,1265,1,00:34:02.700000,34,2,56,0.69424,3869486,16,Shot,788,Morocco,1,Regular Play,788,Morocco,,23774.0,Selim Amallah,15.0,Left Center Midfield,,,,,,,120.0,37.0,38.0,Left Foot,87.0,Open Play,108.7,31.3,,,,98.0,Off T,,,,,,,0.06053267,70a7b7ae-c12c-4362-9858-8dea820f4b6d,91.0,Half Volley,True,,,,,6.4,,,,,,,,,,,,,,,,,0,,,,,,,,,,,,,,
9000f0f2-73ed-4a71-917d-2d525af7ba80,1284,1,00:34:56.095000,34,56,58,1.012198,3869486,16,Shot,788,Morocco,1,Regular Play,788,Morocco,,3625.0,Sofiane Boufal,16.0,Left Midfield,,,,,,,117.3,38.6,40.0,Right Foot,87.0,Open Play,97.0,27.8,,,,100.0,Saved,,,,,,,0.03503226,3195a3ba-cf7f-46d2-935d-f7f165c24410,93.0,Normal,,,,,,0.5,,,,,,,,,,,,,,,,,0,,,,,,,,,,,,,,
60fd64f6-2fc4-4e42-8df5-c9e199fa7690,1437,1,00:38:46.411000,38,46,72,0.446655,3869486,16,Shot,780,Portugal,3,From Free Kick,780,Portugal,,12041.0,João Félix Sequeira,21.0,Left Wing,,,,,,,120.0,36.8,40.0,Right Foot,87.0,Open Play,102.2,35.4,,,,98.0,Off T,,,,,,,0.060545366,e6caf4a8-10e6-4fef-8ddd-25ea23f385aa,91.0,Half Volley,True,,,,,6.4,,,,,,,,,,,,,,,,,0,,,,,,,,,,,,,,
b5cf82d9-5c1a-49ac-af0d-2fada2d6f0e5,1517,1,00:41:36.286000,41,36,76,0.58303,3869486,16,Shot,788,Morocco,3,From Free Kick,788,Morocco,,6301.0,Youssef En-Nesyri,23.0,Center Forward,,,,,,,120.0,42.7,37.0,Head,87.0,Open Play,112.6,39.7,1.0,,,97.0,Goal,True,,,,,,0.20030825,3f854ce6-f91a-400f-8347-aa7290bd9b5e,93.0,Normal,,,,,,2.3,,,,,,,,,,,,,,,,,1,,,,,,,,,,,,,,
7c951da3-8d74-432e-8fd4-2a6807a7ff24,1573,1,00:44:23.205000,44,23,79,1.285842,3869486,16,Shot,780,Portugal,4,From Throw In,780,Portugal,,5204.0,Bruno Miguel Borges Fernandes,17.0,Right Wing,,,,,,,120.0,39.1,40.0,Right Foot,87.0,Open Play,108.0,62.3,,,,99.0,Post,,,,,,,0.0067060287,714548c1-bfc0-4ece-8f80-563886374bcd,91.0,Half Volley,True,,,,,2.8,,,,,,,,,,,,,,,,,0,,,,,,,,,,,,,,
1b7f0b8c-83a1-4f81-a6d2-469a14a2beda,1684,1,00:46:58.590000,46,58,84,0.510457,3869486,16,Shot,788,Morocco,6,From Counter,788,Morocco,,31295.0,Yahia Attiyat allah,6.0,Left Back,,,,,,,120.0,35.0,38.0,Left Foot,87.0,Open Play,107.6,26.3,,,,98.0,Off T,,,,,,,0.082217455,28d14f6c-574f-4e0f-8047-ec21d20994dc,93.0,Normal,True,,,,,1.6,,,,,,,,,,,,,,,,,0,,,,,,,,,,,,,,
3b8ce4f0-d61d-4dda-9c67-8c240bdbbc47,2046,2,00:10:00.245000,55,0,101,1.334524,3869486,16,Shot,788,Morocco,1,Regular Play,788,Morocco,,46258.0,Azzedine Ounahi,13.0,Right Center Midfield,,,,,,,120.0,48.3,40.0,Right Foot,87.0,Open Play,93.4,44.2,,,,98.0,Off T,,,,,,,0.032880384,63a549a2-fad9-4fa9-9b10-01cbbfd79cc1,93.0,Normal,True,,,,,6.1,,,,,,,,,,,,,,,,,0,,,,,,,,,,,,,,
4d09313e-118e-459a-9ee8-01dc7a56f08f,2076,2,00:12:28.465000,57,28,102,0.792392,3869486,16,Shot,780,Portugal,7,From Goal Kick,780,Portugal,,38803.0,Gonçalo Matias Ramos,19.0,Center Attacking Midfield,,,,,,,120.0,46.8,37.0,Head,87.0,Open Play,108.7,40.0,,,,98.0,Off T,,,,,,,0.10594022,9d1fb33c-db31-43cb-852f-b7d43b8ab8d9,93.0,Normal,,,,,,1.6,,,,,,,,,,,,,,,,,0,,,,,,,,,,,,,,
13d33a38-98fb-4bd9-8a7f-c77928e25cba,2186,2,00:15:14.514000,60,14,109,0.082237,3869486,16,Shot,780,Portugal,1,Regular Play,780,Portugal,,12041.0,João Félix Sequeira,21.0,Left Wing,,,,,,,110.4,29.7,37.0,Head,87.0,Open Play,109.7,29.4,1.0,,,96.0,Blocked,True,,,,,,0.026895314,8a0dd714-45c1-43bb-a5ad-347ebb2e09d4,93.0,Normal,,,,,,,,,,,,,,,,,,,,,,,0,,,,,,,,,,,,,,
8fd3af63-509c-463b-88d2-fa1c6eabb793,2296,2,00:18:04.711000,63,4,114,0.718617,3869486,16,Shot,780,Portugal,4,From Throw In,780,Portugal,,5204.0,Bruno Miguel Borges Fernandes,17.0,Right Wing,,,,,,,120.0,37.5,40.0,Right Foot,87.0,Open Play,101.0,35.5,1.0,,,98.0,Off T,,,,,,,0.057325892,d1dcfa23-95cb-4a70-b404-2034fac06ec9,93.0,Normal,,,,,,3.4,,,,,,,,,,,,,,,,,0,,,,,,,,,,,,,,
66863928-254c-403c-8dc7-ffbd0b98fce5,2536,2,00:25:44.431000,70,44,126,1.062713,3869486,16,Shot,780,Portugal,3,From Free Kick,780,Portugal,,3193.0,Bernardo Mota Veiga de Carvalho e Silva,11.0,Left Defensive Midfield,,,,,,,114.5,55.7,40.0,Right Foot,87.0,Open Play,109.8,35.9,,,,101.0,Wayward,,,,,,,0.10927713,311f3536-1ff7-4b03-afa4-eb17da36ab75,93.0,Normal,True,,,,,,,,,,,,,,,,,,,,,,0,,,,,,,,,,,,,,
d3101e93-d011-401a-af9c-5a1c560c72ec,2942,2,00:36:59.390000,81,59,148,0.767556,3869486,16,Shot,780,Portugal,1,Regular Play,780,Portugal,,12041.0,João Félix Sequeira,19.0,Center Attacking Midfield,,,,,,,117.4,40.8,38.0,Left Foot,87.0,Open Play,102.0,57.1,,,,100.0,Saved,,,,,,,0.025960794,bbcfa5e2-3495-40b3-8988-e3df274aff61,93.0,Normal,True,,,,,2.3,,,,,,,,,,,,,,,,,0,,,,,,,,,,,,,,
d4278a80-ee3d-4ef1-9255-cf9dc4ce1580,3199,2,00:45:24.641000,90,24,164,0.462799,3869486,16,Shot,780,Portugal,3,From Free Kick,780,Portugal,,5207.0,Cristiano Ronaldo dos Santos Aveiro,23.0,Center Forward,,,,,,,113.4,46.4,40.0,Right Foot,87.0,Open Play,101.8,53.7,1.0,,,100.0,Saved,,,,,,,0.05699573,a22b4897-8e1d-4e5e-97e8-62c8a919788e,93.0,Normal,True,,,,,0.5,,,,,,,,,,,,,,,,,0,,,,,,,,,,,,,,
69bc4e3c-2854-42c1-89ba-e159f7515567,3309,2,00:50:20.233000,95,20,173,0.381056,3869486,16,Shot,780,Portugal,1,Regular Play,788,Morocco,,21736.0,Zakaria Aboukhlal,23.0,Center Forward,,,,,,,106.0,44.3,40.0,Right Foot,87.0,Open Play,101.1,45.9,,,,100.0,Saved,,,,,,,0.39109123,,92.0,Lob,,,,,,1.4,,,,,,,,,True,,,,,,,,0,,,,,,,,,,,,,,
d7d80857-d613-45c5-8c49-59d19af73f1d,3360,2,00:51:40.404000,96,40,176,0.369331,3869486,16,Shot,780,Portugal,4,From Throw In,780,Portugal,,20016.0,Kléper Laveran Lima Ferreira,3.0,Right Center Back,,,,,,,120.0,45.2,37.0,Head,87.0,Open Play,114.1,44.5,1.0,,,98.0,Off T,True,,,,,,0.14926605,1a4a571d-dc17-4c8f-8662-3bde1f4b2c32,93.0,Normal,,,,,,1.4,,,,,,,,,,,,,,,,,0,,,,,,,,,,,,,,
616b0bce-d5cc-4417-98c4-b831cfbe9a4d,60,1,00:01:09.177000,1,9,4,0.943258,3857260,16,Shot,794,Mexico,4,From Throw In,794,Mexico,,28825.0,Luis Gerardo Chávez Magallón,11.0,Left Defensive Midfield,,,,,,,120.0,46.6,38.0,Left Foot,87.0,Open Play,91.7,51.5,,,,98.0,Off T,,,,,,,0.021919996,5c4862bb-519e-4b50-8051-aeaf24c3cadb,93.0,Normal,True,,,,,0.3,,,,,,,,,,,,,,,,,0,,,,,,,,,,,,,,
9dd15d0d-0ff7-4b3a-a352-dbfc2bd33ced,105,1,00:02:08.874000,2,8,6,1.394869,3857260,16,Shot,799,Saudi Arabia,4,From Throw In,799,Saudi Arabia,,51469.0,Saleh Khalid Al Shehri,22.0,Right Center Forward,,,,,,,117.0,41.5,38.0,Left Foot,87.0,Open Play,92.9,41.7,,,,100.0,Saved,,,,,,,0.02182735,,95.0,Volley,,,,,,1.8,,,,,,,,,,,,,,,,,0,,,,,,,,,,,,,,
51808f65-639f-4dbd-bd51-3b8dde23358a,123,1,00:02:37.368000,2,37,8,0.223298,3857260,16,Shot,794,Mexico,8,From Keeper,794,Mexico,,26301.0,Ernesto Alexis Vega Rojas,21.0,Left Wing,,,,,,,105.0,39.5,40.0,Right Foot,87.0,Open Play,101.6,38.9,,,,100.0,Saved,,,,,,,0.3665275,7d78cff0-03a7-41e0-8bb6-4186d15c981a,93.0,Normal,True,,,,,0.6,,,,,,,,,,,,,,,,,0,,,,,,,,,,,,,,
03393099-8769-4c00-a967-28016d84004c,261,1,00:07:41.427000,7,41,15,1.177359,3857260,16,Shot,799,Saudi Arabia,7,From Goal Kick,799,Saudi Arabia,,5713.0,Mohammed Kanoo,24.0,Left Center Forward,,,,,,,120.0,36.8,40.0,Right Foot,87.0,Open Play,113.0,54.1,,,,98.0,Off T,,,,,,,0.047937077,8dc0eafe-8e05-4750-911d-238df6d3b753,91.0,Half Volley,,,,,,6.8,,,,,,,,,True,,,,,,,,0,,,,,,,,,,,,,,
7486f25f-0e69-48b8-b2db-b2dc4b1d4e4f,394,1,00:12:58.267000,12,58,24,0.947584,3857260,16,Shot,799,Saudi Arabia,3,From Free Kick,799,Saudi Arabia,,5713.0,Mohammed Kanoo,24.0,Left Center Forward,,,,,,,120.0,37.0,40.0,Right Foot,62.0,Free Kick,96.3,33.5,,,,98.0,Off T,,,,,,,0.073429175,,93.0,Normal,,,,,,3.4,,,,,,,,,,,,,,,,,0,,,,,,,,,,,,,,
095adc8d-612d-445a-9a9a-33100ece166c,674,1,00:22:21.645000,22,21,39,0.992747,3857260,16,Shot,794,Mexico,1,Regular Play,794,Mexico,,28825.0,Luis Gerardo Chávez Magallón,11.0,Left Defensive Midfield,,,,,,,118.5,39.2,38.0,Left Foot,87.0,Open Play,92.7,40.4,,,,100.0,Saved,,,,,,,0.01981399,,95.0,Volley,True,,,,,0.9,,,,,,,,,,,,,,,,,0,,,,,,,,,,,,,,
22eb252a-6f77-44e7-bfc6-c588e4d70047,775,1,00:24:27.949000,24,27,44,0.843091,3857260,16,Shot,794,Mexico,3,From Free Kick,794,Mexico,,26280.0,Orbelín Pineda Alvarado,19.0,Center Attacking Midfield,,,,,,,118.6,38.8,40.0,Right Foot,87.0,Open Play,104.0,44.6,,,,100.0,Saved,,,,,,,0.0489465,,93.0,Normal,True,,,,,0.7,,,,,,,,,,,,,,,,,0,,,,,,,,,,,,,,
ab1e8f1e-1ba7-43b8-9ec8-d4cef015196f,850,1,00:26:25.870000,26,25,49,0.095752,3857260,16,Shot,794,Mexico,1,Regular Play,794,Mexico,,26280.0,Orbelín Pineda Alvarado,19.0,Center Attacking Midfield,,,,,,,116.0,35.9,37.0,Head,87.0,Open Play,115.8,34.5,,,,101.0,Wayward,,,,,,,0.30787364,2a27874d-b8d5-4754-a53c-3cf1aebb576a,90.0,Diving Header,,,,,,,,,,,,,,,,,,,,,,,0,,,,,,,,,,,,,,
1ff25ece-af3b-4ddc-9f6a-2dfa451f2457,1037,1,00:34:17.847000,34,17,65,0.115001,3857260,16,Shot,794,Mexico,3,From Free Kick,794,Mexico,,28825.0,Luis Gerardo Chávez Magallón,11.0,Left Defensive Midfield,,,,,,,93.2,30.6,38.0,Left Foot,87.0,Open Play,89.6,28.9,,,,96.0,Blocked,,,,,,,0.016814427,,93.0,Normal,,,,,,,,,,,,,,,,,,,,,,,0,,,,,,,,,,,,,,
c9efc2ae-9415-4450-b2f9-8d2129cfbbfb,1042,1,00:35:08.433000,35,8,66,0.513332,3857260,16,Shot,794,Mexico,2,From Corner,794,Mexico,,5576.0,Jesús Daniel Gallardo Vasconcelos,6.0,Left Back,,,,,,,120.0,48.2,40.0,Right Foot,87.0,Open Play,106.8,43.3,,,,98.0,Off T,,,,,,,0.06430086,b5104e25-196e-49f6-a737-d93907d57e21,91.0,Half Volley,True,,,,,6.4,,,,,,,,,,,,,,,,,0,,,,,,,,,,,,,,
130647bc-a86f-4957-8a47-b1bed49ccc23,1165,1,00:40:28.912000,40,28,75,0.503665,3857260,16,Shot,794,Mexico,3,From Free Kick,794,Mexico,,28825.0,Luis Gerardo Chávez Magallón,11.0,Left Defensive Midfield,,,,,,,102.0,44.6,38.0,Left Foot,62.0,Free Kick,84.6,49.2,,,,96.0,Blocked,,,,,,,0.0066389865,,93.0,Normal,,,,,,,,,,,,,,,,,,,,,,,0,,,,,,,,,,,,,,
ba1c3a07-2b3e-4cc0-8855-35916883577f,1183,1,00:40:39.201000,40,39,75,0.135638,3857260,16,Shot,794,Mexico,3,From Free Kick,794,Mexico,,26280.0,Orbelín Pineda Alvarado,19.0,Center Attacking Midfield,,,,,,,105.7,44.0,38.0,Left Foot,87.0,Open Play,102.0,45.2,,,,96.0,Blocked,,,,,,,0.062194254,01ece86f-d298-4c5d-be99-d4a0ed455504,93.0,Normal,,,,,,,,,,,,,,,,,,,,,,,0,,,,,,,,,,,,,,
5d1252dc-6973-4d50-92d7-96e24270ba67,1305,1,00:44:07.777000,44,7,83,0.102625,3857260,16,Shot,794,Mexico,3,From Free Kick,794,Mexico,,26301.0,Ernesto Alexis Vega Rojas,21.0,Left Wing,,,,,,,107.9,30.9,40.0,Right Foot,87.0,Open Play,106.1,29.3,,,,96.0,Blocked,,,,,,,0.04950449,7e95acaa-0a92-425f-b46b-4ea8a090d42d,93.0,Normal,,,,,,,,,,,,,,,,,,,,,,,0,,,,,,,,,,,,,,
b9e33c42-7a2d-4523-a949-4458dca9e994,1314,1,00:44:16.517000,44,16,83,0.490337,3857260,16,Shot,794,Mexico,3,From Free Kick,794,Mexico,,28825.0,Luis Gerardo Chávez Magallón,11.0,Left Defensive Midfield,,,,,,,106.0,36.7,38.0,Left Foot,87.0,Open Play,92.9,30.0,,,,96.0,Blocked,,,,,,,0.015146091,,91.0,Half Volley,,,,,,,,,,,,,,,,,,,,,,,0,,,,,,,,,,,,,,
c51da087-962c-49bd-ba82-dae979275207,1519,1,00:50:12.299000,50,12,97,1.073943,3857260,16,Shot,799,Saudi Arabia,1,Regular Play,799,Saudi Arabia,,51096.0,Ali Al Hassan,9.0,Right Defensive Midfield,,,,,,,120.0,31.7,37.0,Head,87.0,Open Play,110.1,45.6,,,,98.0,Off T,,,,,,,0.10154356,5a95d62e-1228-4bb7-aac5-bbcc06284072,90.0,Diving Header,,,,,,1.4,,,,,,,,,,,,,,,,,0,,,,,,,,,,,,,,
20a35c76-24ef-4b8c-ac38-e769dff6c717,1618,2,00:01:12.311000,46,12,105,1.058262,3857260,16,Shot,794,Mexico,1,Regular Play,794,Mexico,,28825.0,Luis Gerardo Chávez Magallón,11.0,Left Defensive Midfield,,,,,,,117.9,37.5,38.0,Left Foot,87.0,Open Play,85.5,41.2,,,,100.0,Saved,,,,,,,0.018109906,aa55c3d5-50dd-46a6-8e04-ad566871f222,93.0,Normal,,,,,,0.8,,,,,,,,,,,,,,,,,0,,,,,,,,,,,,,,
9795941f-ce89-44a3-a415-72d00a9f647f,1622,2,00:01:17.725000,46,17,105,0.120075,3857260,16,Shot,794,Mexico,1,Regular Play,794,Mexico,,5571.0,Hirving Rodrigo Lozano Bahena,21.0,Left Wing,,,,,,,104.0,20.7,40.0,Right Foot,87.0,Open Play,102.7,19.2,,,,96.0,Blocked,,,,,,,0.0068189544,,93.0,Normal,,,,,,,,,,,,,,,,,,,,,,,0,,,,,,,,,,,,,,
22c0ff6e-ca12-495e-a6d9-cf1bb00e53a9,1629,2,00:01:52.433000,46,52,106,0.607294,3857260,16,Shot,794,Mexico,2,From Corner,794,Mexico,,26400.0,Henry Josué Martín Mex,23.0,Center Forward,,,,,,,120.0,41.0,38.0,Left Foot,87.0,Open Play,116.7,40.2,,,,97.0,Goal,,,,,,,0.28809994,92a837f6-7b1f-44f6-bebf-efdf9114ac22,95.0,Volley,True,,,,,0.8,,,,,,,,,,,,,,,,,1,,,,,,,,,,,,,,
9be85ecf-e236-4acb-b8a7-2ab06dfce27c,1668,2,00:04:14.460000,49,14,108,0.670349,3857260,16,Shot,799,Saudi Arabia,3,From Free Kick,799,Saudi Arabia,,57620.0,Sultan Abdullah Salim Al Ghannam,7.0,Right Wing Back,,,,,,,120.0,45.8,40.0,Right Foot,87.0,Open Play,115.8,46.7,,,,98.0,Off T,,,,,,,0.21450256,,95.0,Volley,True,,,,,2.8,,,,,,,,,,,,,,,,,0,,,,,,,,,,,,,,
2243dac2-e1c3-47a3-87b7-5b398c68cf07,1717,2,00:06:56.829000,51,56,114,1.173501,3857260,16,Shot,794,Mexico,3,From Free Kick,794,Mexico,,28825.0,Luis Gerardo Chávez Magallón,11.0,Left Defensive Midfield,,,,,,,120.0,43.2,38.0,Left Foot,62.0,Free Kick,86.7,41.3,,,,97.0,Goal,,,,,,,0.024289701,,93.0,Normal,,,,,,2.0,,,,,,,,,,,,,,,,,1,,,,,,,,,,,,,,
96b42342-137b-42fb-9b1b-c65116b5f82b,1807,2,00:09:05.836000,54,5,116,0.862609,3857260,16,Shot,799,Saudi Arabia,4,From Throw In,799,Saudi Arabia,,57620.0,Sultan Abdullah Salim Al Ghannam,7.0,Right Wing Back,,,,,,,120.0,45.6,37.0,Head,87.0,Open Play,114.8,52.4,,,,98.0,Off T,,,,,,,0.030311959,751c2b6e-9547-4744-8975-5f89f248a578,93.0,Normal,,,,,,3.8,,,,,,,,,True,,,,,,,,0,,,,,,,,,,,,,,
8ecf26a1-e5ac-4d39-83cd-fac7b2180cc7,1913,2,00:13:56.710000,58,56,124,0.561729,3857260,16,Shot,794,Mexico,2,From Corner,794,Mexico,,26400.0,Henry Josué Martín Mex,23.0,Center Forward,,,,,,,116.9,55.8,37.0,Head,87.0,Open Play,112.0,40.0,1.0,,,101.0,Wayward,True,,,,,,0.09122391,39aa82cc-ac9a-4601-b29c-753d35affbff,93.0,Normal,,,,,,,,,,,,,,,,,,,,,,,0,,,,,,,,,,,,,,
3032ab92-3280-4112-a204-1c261c9fcb94,1971,2,00:16:53.036000,61,53,129,0.980682,3857260,16,Shot,799,Saudi Arabia,3,From Free Kick,799,Saudi Arabia,,51094.0,Abdulelah Al Amri,3.0,Right Center Back,,,,,,,120.0,40.1,37.0,Head,87.0,Open Play,109.1,45.1,,,,98.0,Off T,,,,,,,0.037819926,b1c239cf-ba6d-49e2-bd23-3a8e23c0aacf,93.0,Normal,,,,,,4.5,,,,,,,,,,,,,,,,,0,,,,,,,,,,,,,,
869d6aa5-aea8-41cd-9ea1-df338f224d12,2124,2,00:21:01.486000,66,1,136,0.894077,3857260,16,Shot,794,Mexico,6,From Counter,794,Mexico,,5571.0,Hirving Rodrigo Lozano Bahena,21.0,Left Wing,,,,,,,118.3,36.4,40.0,Right Foot,87.0,Open Play,97.5,31.3,,,,100.0,Saved,,,,,,,0.05300886,15f55512-74fd-4243-b1fe-ed0ea270da4c,93.0,Normal,,,,,,0.3,,,,,,,,,,,,,,,,,0,,,,,,,,,,,,,,
bf5afa36-dd18-41bf-8a1d-55c33ba25080,2132,2,00:21:25.854000,66,25,138,0.013741,3857260,16,Shot,799,Saudi Arabia,8,From Keeper,799,Saudi Arabia,,51099.0,Firas Tariq Nasser Al Albirakan,23.0,Center Forward,,,,,,,102.3,26.1,38.0,Left Foot,87.0,Open Play,101.4,25.4,,,,96.0,Blocked,,,,,,,0.013105479,f9bbffc7-be51-4c01-b532-559e7d5b5379,91.0,Half Volley,True,,,,,,,,,,,,,,,,,,,,,,0,,,,,,,,,,,,,,
d4989c31-a99c-4b7a-923f-e4d99d9cd5f5,2205,2,00:24:31.439000,69,31,144,0.584176,3857260,16,Shot,794,Mexico,3,From Free Kick,794,Mexico,,26400.0,Henry Josué Martín Mex,23.0,Center Forward,,,,,,,120.0,37.9,38.0,Left Foot,87.0,Open Play,108.8,34.9,,,,98.0,Off T,,,,,,,0.22500646,5fb7fd8f-bb8a-4b60-801b-6bf378e6e54f,95.0,Volley,True,,,,,4.2,,,,,,,,,,,,,,,,,0,,,,,,,,,,,,,,
0cfe0a06-b98d-41fb-bef1-59897be64d13,2230,2,00:27:03.027000,72,3,149,1.059774,3857260,16,Shot,794,Mexico,3,From Free Kick,794,Mexico,,28825.0,Luis Gerardo Chávez Magallón,11.0,Left Defensive Midfield,,,,,,,118.2,37.5,38.0,Left Foot,62.0,Free Kick,87.3,40.5,,,,100.0,Saved,,,,,,,0.027150616,,93.0,Normal,,,,,,2.1,,,,,,,,,,,,,,,,,0,,,,,,,,,,,,,,
f15011a0-0b1c-4fb9-b9ee-34fb7c2dae92,2327,2,00:30:39.426000,75,39,156,1.016068,3857260,16,Shot,794,Mexico,3,From Free Kick,794,Mexico,,26280.0,Orbelín Pineda Alvarado,19.0,Center Attacking Midfield,,,,,,,120.0,45.9,40.0,Right Foot,87.0,Open Play,100.5,32.9,,,,98.0,Off T,,,,,,,0.08600338,b6c816d5-cae1-4b4b-b1da-5ac56c72da6a,93.0,Normal,,,,,,0.3,,,,,,,,,,,,,,,,,0,,,,,,,,,,,,,,
e71b9a71-7816-4177-8508-43ae8e9d3c3e,2349,2,00:32:12.924000,77,12,158,0.181083,3857260,16,Shot,794,Mexico,6,From Counter,794,Mexico,,15452.0,Carlos Uriel Antuna Romero,17.0,Right Wing,,,,,,,111.0,36.5,40.0,Right Foot,87.0,Open Play,109.4,35.9,,,,96.0,Blocked,,,,,,,0.26870292,15bb11da-f8af-4687-8a09-29d4cd11b428,93.0,Normal,True,,,,,,,,,,,,,,,,,,,,,,0,,,,,,,,,,,,,,
1a46cbf8-c9bc-4843-b51c-0ee17fd7550d,2390,2,00:32:46.623000,77,46,158,0.229239,3857260,16,Shot,794,Mexico,1,Regular Play,794,Mexico,,5567.0,Edson Omar Álvarez Velázquez,9.0,Right Defensive Midfield,,,,,,,118.7,42.4,40.0,Right Foot,87.0,Open Play,85.8,42.8,,,,100.0,Saved,,,,,,,0.013687578,,91.0,Half Volley,,,,,,2.0,,,,,,,,,,,,,,,,,0,True,,,,,,,,,,,,,
dc08ca78-5b25-46f2-aa36-6ff048f91962,2480,2,00:35:00.352000,80,0,164,1.38626,3857260,16,Shot,799,Saudi Arabia,4,From Throw In,799,Saudi Arabia,,5187.0,Salem Mohammed Al Dawsari,21.0,Left Wing,,,,,,,120.0,43.6,40.0,Right Foot,87.0,Open Play,89.2,40.3,,,,98.0,Off T,,,,,,,0.019886926,16df2f88-4f2a-4413-afe0-bf86d26f7fa9,93.0,Normal,,,,,,6.0,,,,,,,,,,,,,,,,,0,,,,,,,,,,,,,,
985881d4-d210-4854-81c2-591279f9cb21,2498,2,00:37:14.457000,82,14,166,0.15831,3857260,16,Shot,794,Mexico,3,From Free Kick,794,Mexico,,28825.0,Luis Gerardo Chávez Magallón,11.0,Left Defensive Midfield,,,,,,,107.6,43.3,38.0,Left Foot,87.0,Open Play,101.0,46.0,,,,96.0,Blocked,,,,,,,0.057560198,21f73003-cc5f-4064-8c1c-8a57efea0823,93.0,Normal,True,,,,,,,,,,,,,,,,,,,,,,0,,,,,,,,,,,,,,
689017e8-2675-49f0-88fe-5ee9a6a7f5a6,2684,2,00:43:12.635000,88,12,178,0.173602,3857260,16,Shot,794,Mexico,6,From Counter,794,Mexico,,26318.0,Rogelio Gabriel Funes Mori,24.0,Left Center Forward,,,,,,,103.1,38.0,40.0,Right Foot,87.0,Open Play,98.8,37.4,,,,96.0,Blocked,,,,,,,0.06664524,d8aae994-4e47-4b17-b81f-7cd5ac0ba1b7,93.0,Normal,True,,,,,,,,,,,,,,,,,,,,,,0,,,,,,,,,,,,,,
ad9940c8-30cc-47f4-b706-e2d09b1d78eb,2735,2,00:46:25,91,25,184,0.932504,3857260,16,Shot,794,Mexico,3,From Free Kick,794,Mexico,,5571.0,Hirving Rodrigo Lozano Bahena,16.0,Left Midfield,,,,,,,118.9,41.7,40.0,Right Foot,62.0,Free Kick,92.9,31.8,,,,100.0,Saved,,,,,,,0.05359905,,93.0,Normal,,,,,,1.4,,,,,,,,,,,,,,,,,0,,,,,,,,,,,,,,
658c3cfe-5c38-47b7-8ec5-b5d9ea44f27d,2782,2,00:48:10.675000,93,10,188,0.926243,3857260,16,Shot,794,Mexico,3,From Free Kick,794,Mexico,,5571.0,Hirving Rodrigo Lozano Bahena,16.0,Left Midfield,,,,,,,120.0,48.3,40.0,Right Foot,87.0,Open Play,101.9,28.3,,,,98.0,Off T,,,,,,,0.06253588,,93.0,Normal,,,,,,5.5,,,,,,,,,,,,,,,,,0,,,,,,,,,,,,,,
1d0a8857-a8ba-461f-9e98-de32270f52c7,2833,2,00:49:40.645000,94,40,192,0.526869,3857260,16,Shot,799,Saudi Arabia,1,Regular Play,799,Saudi Arabia,,5187.0,Salem Mohammed Al Dawsari,21.0,Left Wing,,,,,,,120.0,42.6,40.0,Right Foot,87.0,Open Play,110.9,45.2,,,,97.0,Goal,,,,,,,0.51574713,3d8db911-44c3-4154-b2e6-3f8e97cb851b,93.0,Normal,,,,,,1.0,,,,,,,,,True,,,,,,,,1,,,,,,,,,,,,,,
cc1e60c8-7b5a-4615-8e9f-b4e9a2df5c5c,121,1,00:04:02.647000,4,2,11,0.32074,3857264,16,Shot,789,Poland,4,From Throw In,789,Poland,,11737.0,Krystian Bielik,9.0,Right Defensive Midfield,,,,,,,107.7,39.4,38.0,Left Foot,87.0,Open Play,100.7,41.3,,,,96.0,Blocked,,,,,,,0.061495427,909f1aaa-f2b7-49a9-84f6-37b6692f4773,93.0,Normal,True,,,,,,,,,,,,,,,,,,,,,,0,,,,,,,,,,,,,,
e84b2adc-a5c5-467d-9e62-bfb5ab86943d,264,1,00:06:30.623000,6,30,14,1.202208,3857264,16,Shot,779,Argentina,1,Regular Play,779,Argentina,,5503.0,Lionel Andrés Messi Cuccittini,23.0,Center Forward,,,,,,,116.7,37.9,40.0,Right Foot,87.0,Open Play,99.0,37.7,,,,100.0,Saved,,,,,,,0.050872557,,93.0,Normal,,,,,,0.2,,,,,,,,,,,,,,,,,0,,,,,,,,,,,,,,
00eb4001-cfd4-4f22-afb6-97c51d5de77a,357,1,00:08:53.181000,8,53,20,0.393427,3857264,16,Shot,779,Argentina,1,Regular Play,779,Argentina,,2995.0,Ángel Fabián Di María Hernández,17.0,Right Wing,,,,,,,103.7,41.2,38.0,Left Foot,87.0,Open Play,94.3,40.5,,,,96.0,Blocked,,,,,,,0.034158513,a1bc409c-7bcd-41cf-9e34-c519d805c6e6,93.0,Normal,,,,,,,,,,,,,,,,,,,,,,,0,,,,,,,,,,,,,,
732e9df5-bb7b-4708-bf2e-0d1e2cbd521f,393,1,00:09:53.690000,9,53,22,0.416757,3857264,16,Shot,779,Argentina,1,Regular Play,779,Argentina,,5503.0,Lionel Andrés Messi Cuccittini,23.0,Center Forward,,,,,,,118.9,35.9,38.0,Left Foot,87.0,Open Play,111.7,25.8,,,,100.0,Saved,,,,,,,0.053250678,459e01cf-9af0-484a-adf1-1b1f682b93be,93.0,Normal,,,,,,1.0,,,,,,,,,,,,,,,,,0,,,,,,,,,,,,,,
6403c129-bef8-44e0-aff0-bca5706954d7,652,1,00:16:09.229000,16,9,33,0.708711,3857264,16,Shot,779,Argentina,4,From Throw In,779,Argentina,,19597.0,Marcos Javier Acuña,6.0,Left Back,,,,,,,120.0,43.3,40.0,Right Foot,87.0,Open Play,107.0,27.9,,,,98.0,Off T,,,,,,,0.05141401,cdc5f0ff-94c2-4f2f-b94b-a7da69cdd1c4,91.0,Half Volley,,,,,,5.2,,,,,,,,,,,,,,,,,0,,,,,,,,,,,,,,
f9738d78-8285-4130-97be-720dbb5e0cc1,829,1,00:21:36.739000,21,36,42,0.404606,3857264,16,Shot,789,Poland,2,From Corner,789,Poland,,3034.0,Kamil Glik,3.0,Right Center Back,,,,,,,115.9,46.6,40.0,Right Foot,87.0,Open Play,105.9,43.5,,,,101.0,Wayward,,,,,,,0.06557972,61840975-449e-4008-8fbf-15eb5bc0fd60,89.0,Backheel,True,,,,,,,,,,,,,,,,,,,,,,0,,,,,,,,,,,,,,
20451d34-d1ee-433b-b247-a21b1f214d9c,1123,1,00:27:54.802000,27,54,53,0.451744,3857264,16,Shot,779,Argentina,1,Regular Play,779,Argentina,,29560.0,Julián Álvarez,21.0,Left Wing,,,,,,,114.7,41.0,40.0,Right Foot,87.0,Open Play,110.8,47.7,,,,96.0,Blocked,,,,,,,0.1493578,ab7a1295-ea40-46dd-9f3e-0fef7a21fffe,93.0,Normal,True,,,,,,,,,,,,,,,,,,,,,,0,,,,,,,,,,,,,,
2683f1ce-b2e0-4790-a27b-a63ad2743594,1129,1,00:27:59.007000,27,59,53,1.132635,3857264,16,Shot,779,Argentina,1,Regular Play,779,Argentina,,19597.0,Marcos Javier Acuña,6.0,Left Back,,,,,,,120.0,46.0,38.0,Left Foot,87.0,Open Play,102.9,22.5,,,,98.0,Off T,,,,,,,0.024708062,,93.0,Normal,,,,,,1.0,,,,,,,,,,,,,,,,,0,,,,,,,,,,,,,,
530b01f6-fd0d-4c7d-96c6-2d4443005a6d,1298,1,00:32:17.089000,32,17,57,1.464773,3857264,16,Shot,779,Argentina,2,From Corner,779,Argentina,,2995.0,Ángel Fabián Di María Hernández,17.0,Right Wing,,,,,,,119.5,40.7,38.0,Left Foot,61.0,Corner,119.6,79.2,,,,100.0,Saved,,,,,,,0.00018,,93.0,Normal,,,,,,2.3,,,,,,,,,True,,,,,,,,0,,,,,,,,,,,,,,
995af604-9298-401b-9c5e-5507dac7b0e0,1380,1,00:34:23.440000,34,23,59,1.443065,3857264,16,Shot,779,Argentina,2,From Corner,779,Argentina,,38718.0,Enzo Fernandez,10.0,Center Defensive Midfield,,,,,,,120.0,44.7,40.0,Right Foot,87.0,Open Play,91.6,39.7,,,,98.0,Off T,,,,,,,0.024548035,6aa4e6e3-ac3a-494a-9379-276abe2ecb9f,93.0,Normal,,,,,,4.1,,,,,,,,,,,,,,,,,0,,,,,,,,,,,,,,
ce3c5309-f67c-45f6-9ff3-354a958dc5f7,1409,1,00:35:10.181000,35,10,61,0.321314,3857264,16,Shot,779,Argentina,1,Regular Play,779,Argentina,,29560.0,Julián Álvarez,21.0,Left Wing,,,,,,,114.2,32.0,38.0,Left Foot,87.0,Open Play,110.4,27.6,,,,100.0,Saved,,,,,,,0.19083758,9c403745-2a03-4f56-a620-6e1c8cbbf3a9,93.0,Normal,,,,,,1.0,,,,,,,,,True,,,,,,,,0,,,,,,,,,,,,,,
8b91032f-be4a-447e-82c2-11e12d18aeaa,1579,1,00:42:09.057000,42,9,67,0.74845,3857264,16,Shot,779,Argentina,1,Regular Play,779,Argentina,,29560.0,Julián Álvarez,21.0,Left Wing,,,,,,,118.4,38.6,40.0,Right Foot,87.0,Open Play,102.4,27.0,,,,100.0,Saved,,,,,,,0.03720347,eaeab839-7da4-41a7-9d37-5e40325b1ae9,93.0,Normal,,,,,,1.6,,,,,,,,,,,,,,,,,0,,,,,,,,,,,,,,
79ac9bb8-7580-4f2f-86e4-03ddd04bc6a1,1583,1,00:42:10.203000,42,10,67,0.792838,3857264,16,Shot,779,Argentina,1,Regular Play,779,Argentina,,7797.0,Rodrigo Javier De Paul,13.0,Right Center Midfield,,,,,,,117.8,39.5,70.0,Other,87.0,Open Play,112.2,40.3,,,,100.0,Saved,,,,,,,0.3152717,,93.0,Normal,,,,,,1.3,,,,,,,,,,,,,,,,,0,,,,,,,,,,,,,,
35801dfe-a2f0-4877-aaba-a022e4a8d356,1614,1,00:43:16.273000,43,16,71,0.820098,3857264,16,Shot,779,Argentina,1,Regular Play,779,Argentina,,2995.0,Ángel Fabián Di María Hernández,17.0,Right Wing,,,,,,,118.8,43.6,38.0,Left Foot,87.0,Open Play,106.7,58.4,,,,100.0,Saved,,,,,,,0.010134568,041b7db6-25af-466c-9fe3-5225d777770b,93.0,Normal,,,,,,0.2,,,,,,,,,,,,,,,,,0,,,,,,,,,,,,,,
7a106f3b-d45b-4e5a-b272-eab6712a7aa9,1865,2,00:00:53.623000,45,53,81,1.220919,3857264,16,Shot,779,Argentina,9,From Kick Off,779,Argentina,,27886.0,Alexis Mac Allister,15.0,Left Center Midfield,,,,,,,119.9,35.8,40.0,Right Foot,87.0,Open Play,106.0,46.7,,,,97.0,Goal,,,,,,,0.107545994,e9611ea1-a3da-4770-96bb-ebba56703658,93.0,Normal,True,,,,,0.2,,,,,,,,,,,,,,,,,1,,,,,,,,,,,,,,
12475fe7-5f96-4551-8b24-4099dcb63911,1902,2,00:04:00.099000,49,0,84,0.617398,3857264,16,Shot,789,Poland,3,From Free Kick,789,Poland,,3034.0,Kamil Glik,3.0,Right Center Back,,,,,,,120.0,34.0,37.0,Head,87.0,Open Play,108.8,43.5,1.0,,,98.0,Off T,True,,,,,,0.04381306,f6329614-9761-4493-8827-b12d25fd1649,93.0,Normal,,,,,,1.4,,,,,,,,,,,,,,,,,0,,,,,,,,,,,,,,
04959693-8bcc-4b30-84df-f926adc8e114,2022,2,00:07:13.308000,52,13,89,0.112165,3857264,16,Shot,789,Poland,3,From Free Kick,789,Poland,,28453.0,Michał Skóraś,12.0,Right Midfield,,,,,,,102.3,56.0,38.0,Left Foot,87.0,Open Play,101.1,56.9,,,,96.0,Blocked,,,,,,,0.026707038,48617a74-30b6-40ac-98d7-9b8a53f15976,93.0,Normal,,,,,,,,,,,,,,,,,,,,,,,0,,,,,,,,,,,,,,
4e1e525e-379b-4e7e-ade8-5e5e7d25775b,2049,2,00:07:42.030000,52,42,90,0.96032,3857264,16,Shot,779,Argentina,1,Regular Play,779,Argentina,,5503.0,Lionel Andrés Messi Cuccittini,23.0,Center Forward,,,,,,,120.0,26.1,38.0,Left Foot,87.0,Open Play,105.8,28.4,,,,101.0,Wayward,,1.0,,,,,0.06119443,1df1041a-c9dc-493f-ba02-9ffd78295bbf,93.0,Normal,,,,,,,,,,,,,,,,,,,,,,,0,,,,,,,,,,,,,,
30d12bdd-f6fe-4a11-aa23-0d06df56b410,2231,2,00:10:41.149000,55,41,92,0.386574,3857264,16,Shot,779,Argentina,1,Regular Play,779,Argentina,,5503.0,Lionel Andrés Messi Cuccittini,23.0,Center Forward,,,,,,,109.4,44.3,38.0,Left Foot,87.0,Open Play,109.4,50.7,1.0,,,101.0,Wayward,,,,,,,0.058334265,bbdc6cc2-c67a-4ab9-a846-351a49f2f991,93.0,Normal,,,,,,,,,,,,,,,,,,,,,,,0,,,,,,,,,,,,,,
0d3c66d5-64b8-4fd7-8955-ad27a86d6ec1,2235,2,00:10:42.632000,55,42,92,0.18861,3857264,16,Shot,779,Argentina,1,Regular Play,779,Argentina,,29560.0,Julián Álvarez,21.0,Left Wing,,,,,,,110.4,41.4,38.0,Left Foot,87.0,Open Play,107.7,41.5,,,,96.0,Blocked,,,,,,,0.15200824,,93.0,Normal,,,,,,,,,,,,,,,,,,,,,,,0,,,,,,,,,,,,,,
7c0f9533-8699-4dff-b7e1-afcdc7dbe87e,2481,2,00:15:38.683000,60,38,98,0.630013,3857264,16,Shot,779,Argentina,4,From Throw In,779,Argentina,,27886.0,Alexis Mac Allister,21.0,Left Wing,,,,,,,118.0,42.0,38.0,Left Foot,87.0,Open Play,106.0,46.0,,,,100.0,Saved,,,,,,,0.13009955,0290b859-b023-4669-a15a-64873497b9f9,93.0,Normal,True,,,,,0.3,,,,,,,,,,,,,,,,,0,,,,,,,,,,,,,,
13ac6bf1-8ac2-4f2c-a084-f02bfe5e953f,2596,2,00:18:23.127000,63,23,104,0.060154,3857264,16,Shot,779,Argentina,6,From Counter,779,Argentina,,5503.0,Lionel Andrés Messi Cuccittini,17.0,Right Wing,,,,,,,108.1,26.7,38.0,Left Foot,87.0,Open Play,107.2,25.9,,,,96.0,Blocked,,,,,,,0.023947677,,93.0,Normal,,,,,,,,,,,,,,,,,,,,,,,0,,,,,,,,,,,,,,
9cd13a7d-13be-4553-a2e1-b4bab349e413,2777,2,00:21:57.855000,66,57,107,0.794204,3857264,16,Shot,779,Argentina,3,From Free Kick,779,Argentina,,29560.0,Julián Álvarez,23.0,Center Forward,,,,,,,120.0,43.3,40.0,Right Foot,87.0,Open Play,106.0,33.5,,,,97.0,Goal,,,,,,,0.10054177,552c1b8a-ba6b-4eee-9135-3f63b1878ad4,93.0,Normal,,,,,,2.2,,,,,,,,,,,,,,,,,1,,,,,,,,,,,,,,
f75ddc65-a309-4ace-8d33-b1d6e87f86a0,2940,2,00:25:36.404000,70,36,109,0.600784,3857264,16,Shot,779,Argentina,1,Regular Play,779,Argentina,,5503.0,Lionel Andrés Messi Cuccittini,17.0,Right Wing,,,,,,,117.4,38.7,38.0,Left Foot,87.0,Open Play,106.5,35.1,,,,100.0,Saved,,,,,,,0.13232325,8325751d-d03c-43f9-aa17-4dbfa49f953d,93.0,Normal,True,,,,,0.3,,,,,,,,,,,,,,,,,0,,,,,,,,,,,,,,
b4da499b-ab6d-417f-8525-ff3d2be5a8d0,3020,2,00:27:44.313000,72,44,113,0.489826,3857264,16,Shot,779,Argentina,4,From Throw In,779,Argentina,,29560.0,Julián Álvarez,23.0,Center Forward,,,,,,,120.0,44.7,40.0,Right Foot,87.0,Open Play,106.1,52.6,,,,98.0,Off T,,,,,,,0.18145993,28255a9f-47be-49d6-892b-1e016fe9d672,93.0,Normal,,,,,,2.2,,,,,,,,,True,,,,,,,,0,,,,,,,,,,,,,,
325be693-18e2-4620-81c8-81ea1752639e,3551,2,00:40:02.834000,85,2,123,1.199822,3857264,16,Shot,789,Poland,3,From Free Kick,779,Argentina,,11456.0,Lautaro Javier Martínez,23.0,Center Forward,,,,,,,120.0,32.9,40.0,Right Foot,87.0,Open Play,109.4,52.2,,,,98.0,Off T,,,,,,,0.17955275,,93.0,Normal,,,,,,0.2,,,,,,,,,True,,,,,,,,0,,,,,,,,,,,,,,
4a3d578a-c71a-4102-8e73-00bbcfce4ca0,3894,2,00:46:58.369000,91,58,128,0.239999,3857264,16,Shot,779,Argentina,4,From Throw In,779,Argentina,,5507.0,Nicolás Alejandro Tagliafico,8.0,Left Wing Back,,,,,,,111.3,33.0,38.0,Left Foot,87.0,Open Play,108.2,30.2,,,,100.0,Saved,,,,,,,0.22421487,698c5fe2-ac11-4905-8bea-696038d2b34c,92.0,Lob,True,,,,,1.3,,,,,,,,,,,,,,,,,0,,,,,,,,,,,,,,
7ae9c5f3-5dab-42f3-96d4-08afbfc9ec73,313,1,00:09:14.193000,9,14,12,1.436874,3857289,16,Shot,794,Mexico,3,From Free Kick,794,Mexico,,26368.0,César Jasib Montes Castro,4.0,Center Back,,,,,,,120.0,49.2,38.0,Left Foot,87.0,Open Play,107.6,38.6,1.0,,,98.0,Off T,,,,,,,0.0988946,cd8c0872-6ec7-447e-9723-3fa1af2fc1e3,95.0,Volley,True,,,,,0.8,,,,,,,,,,,,,,,,,0,,,,,,,,,,,,,,
38bd31c7-218f-4373-a732-7b05947ebadb,1322,1,00:39:59.322000,39,59,62,0.697638,3857289,16,Shot,779,Argentina,2,From Corner,779,Argentina,,11456.0,Lautaro Javier Martínez,24.0,Left Center Forward,,,,,,,120.0,47.9,37.0,Head,87.0,Open Play,112.7,39.5,1.0,,,98.0,Off T,True,,,,,,0.13799548,51bd8057-2968-47f1-bb2a-9efd3a2a9ceb,93.0,Normal,,,,,,3.8,,,,,,,,,,,,,,,,,0,,,,,,,,,,,,,,
386194e2-f332-4e3d-8962-7fddd86558c6,1370,1,00:44:17.092000,44,17,68,0.932314,3857289,16,Shot,794,Mexico,3,From Free Kick,794,Mexico,,26301.0,Ernesto Alexis Vega Rojas,24.0,Left Center Forward,,,,,,,118.3,37.2,40.0,Right Foot,62.0,Free Kick,92.4,35.8,,,,100.0,Saved,,,,,,,0.05948228,,93.0,Normal,,,,,,1.6,,,,,,,,,,,,,,,,,0,,,,,,,,,,,,,,
b92a7d35-3e47-48f3-925c-abb6989e7cc6,1562,1,00:49:14.376000,49,14,80,1.13492,3857289,16,Shot,794,Mexico,4,From Throw In,794,Mexico,,26301.0,Ernesto Alexis Vega Rojas,24.0,Left Center Forward,,,,,,,120.0,44.9,40.0,Right Foot,87.0,Open Play,92.8,23.0,,,,98.0,Off T,,,,,,,0.0077116457,,91.0,Half Volley,,,,,,5.2,,,,,,,,,,,,,,,,,0,,,,,,,,,,,,,,
ec065036-3267-4763-ba54-8754d13eed39,1737,2,00:02:14.636000,47,14,88,0.090971,3857289,16,Shot,794,Mexico,3,From Free Kick,794,Mexico,,5571.0,Hirving Rodrigo Lozano Bahena,24.0,Left Center Forward,,,,,,,95.0,36.9,40.0,Right Foot,87.0,Open Play,93.5,36.8,,,,96.0,Blocked,,,,,,,0.040303126,39e607e5-9754-4b4f-a33f-13de55734feb,93.0,Normal,,,,,,,,,,,,,,,,,,,,,,,0,,,,,,,,,,,,,,
ea768ca3-bacd-4f68-98d2-15b40db162f8,1869,2,00:05:59.164000,50,59,90,1.108429,3857289,16,Shot,779,Argentina,3,From Free Kick,779,Argentina,,5503.0,Lionel Andrés Messi Cuccittini,22.0,Right Center Forward,,,,,,,120.0,41.6,38.0,Left Foot,62.0,Free Kick,94.8,41.9,,,,98.0,Off T,,,,,,,0.067327775,,93.0,Normal,,,,,,4.2,,,,,,,,,,,,,,,,,0,,,,,,,,,,,,,,
70e7f361-0036-4d20-a401-2e4afbd31e5a,2378,2,00:18:32.183000,63,32,105,1.125274,3857289,16,Shot,779,Argentina,7,From Goal Kick,779,Argentina,,5503.0,Lionel Andrés Messi Cuccittini,22.0,Right Center Forward,,,,,,,120.0,43.7,38.0,Left Foot,87.0,Open Play,94.9,37.4,,,,97.0,Goal,,,,,,,0.033919714,6064bc50-1844-4960-a345-f316d27eed67,93.0,Normal,,,,,,0.2,,,,,,,,,,,,,,,,,1,,,,,,,,,,,,,,
2e74ba6a-04dc-42e1-89f4-2370b22fb66c,2500,2,00:24:39.233000,69,39,112,0.846495,3857289,16,Shot,779,Argentina,4,From Throw In,779,Argentina,,29201.0,Nahuel Molina Lucero,7.0,Right Wing Back,,,,,,,120.0,43.7,40.0,Right Foot,87.0,Open Play,101.5,49.2,,,,98.0,Off T,,,,,,,0.050896797,2bc29ec9-74e3-4d80-b6fd-cf7269422c5f,91.0,Half Volley,True,,,,,4.5,,,,,,,,,,,,,,,,,0,,,,,,,,,,,,,,
459d3411-945a-436f-b6eb-f7701b89cff7,3073,2,00:41:39.636000,86,39,144,1.172862,3857289,16,Shot,779,Argentina,2,From Corner,779,Argentina,,38718.0,Enzo Fernandez,10.0,Center Defensive Midfield,,,,,,,120.0,43.1,40.0,Right Foot,87.0,Open Play,106.5,22.8,,,,97.0,Goal,,,,,,,0.035064373,b26f0bb6-e75c-466c-8cf7-851a9334cc51,93.0,Normal,,,,,,2.0,,,,,,,,,,,,,,,,,1,,,,,,,,,,,,,,
da4dd724-c729-4200-935c-84741b3d8d1b,183,1,00:04:56.223000,4,56,12,0.164009,3869254,16,Shot,773,Switzerland,1,Regular Play,773,Switzerland,,5545.0,Breel-Donald Embolo,22.0,Right Center Forward,,,,,,,107.7,30.2,38.0,Left Foot,87.0,Open Play,104.1,27.2,,,,96.0,Blocked,,,,,,,0.06137733,72706484-640c-4978-87bb-04e7d1311326,93.0,Normal,,,,,,,,,,,,,,,,,,,,,,,0,,,,,,,,,,,,,,
4702956b-c7d2-4b36-848c-4057f688bba0,754,1,00:16:43.605000,16,43,33,0.527886,3869254,16,Shot,780,Portugal,4,From Throw In,780,Portugal,,38803.0,Gonçalo Matias Ramos,23.0,Center Forward,,,,,,,120.0,36.4,38.0,Left Foot,87.0,Open Play,111.3,27.5,,,,97.0,Goal,,,,,,,0.10102074,cfb53e79-02dd-4c2a-859c-cbce3222c7b0,93.0,Normal,,,,,,2.4,,,,,,,,,,,,,,,,,1,,,,,,,,,,,,,,
3e9b1782-21f4-4684-a2b4-7fcb434e81d2,862,1,00:21:03.108000,21,3,38,0.734486,3869254,16,Shot,780,Portugal,3,From Free Kick,780,Portugal,,11184.0,Otávio Edmilson da Silva Monteiro,15.0,Left Center Midfield,,,,,,,118.0,38.6,40.0,Right Foot,87.0,Open Play,101.4,36.8,,,,100.0,Saved,,,,,,,0.032515083,f11ad30e-c767-4786-b45d-5ca90a01cd64,91.0,Half Volley,True,,,,,0.8,,,,,,,,,,,,,,,,,0,,,,,,,,,,,,,,
d3210de8-2efb-482c-b44b-f983e5cdf53b,903,1,00:21:54.174000,21,54,41,0.617896,3869254,16,Shot,780,Portugal,1,Regular Play,780,Portugal,,38803.0,Gonçalo Matias Ramos,23.0,Center Forward,,,,,,,116.8,38.0,40.0,Right Foot,87.0,Open Play,100.7,32.2,,,,100.0,Saved,,,,,,,0.072023906,,93.0,Normal,True,,,,,0.0,,,,,,,,,,,,,,,,,0,,,,,,,,,,,,,,
171eaf4b-d43f-41e0-bdcd-599702a496ec,1112,1,00:29:38.907000,29,38,55,1.203185,3869254,16,Shot,773,Switzerland,3,From Free Kick,773,Switzerland,,3533.0,Xherdan Shaqiri,24.0,Left Center Forward,,,,,,,118.9,43.9,38.0,Left Foot,62.0,Free Kick,87.2,46.1,,,,100.0,Saved,,,,,,,0.023890225,,93.0,Normal,,,,,,0.3,,,,,,,,,,,,,,,,,0,,,,,,,,,,,,,,
92f8ddc9-eb11-486b-b917-e6adc5ddcb84,1181,1,00:32:35.494000,32,35,58,0.517265,3869254,16,Shot,780,Portugal,2,From Corner,780,Portugal,,20016.0,Kléper Laveran Lima Ferreira,3.0,Right Center Back,,,,,,,120.0,38.9,37.0,Head,87.0,Open Play,114.3,40.0,1.0,,,97.0,Goal,True,,,,,,0.12779379,1b97f3ce-c6d7-4d54-9f2d-1491a6555071,93.0,Normal,,,,,,1.3,,,,,,,,,,,,,,,,,1,,,,,,,,,,,,,,
5ffa5b27-1e0e-410e-8950-32d831432910,1362,1,00:37:32.528000,37,32,63,0.147479,3869254,16,Shot,773,Switzerland,4,From Throw In,773,Switzerland,,6983.0,Remo Freuler,15.0,Left Center Midfield,,,,,,,116.9,43.1,37.0,Head,87.0,Open Play,115.9,44.0,,,,100.0,Saved,,,,,,,0.2948616,,93.0,Normal,,,,,,2.0,,,,,,,,,,,,,,,,,0,,,,,,,,,,,,,,
c46ab3f1-2c95-44e7-80d3-a63693f56e70,1367,1,00:37:36.927000,37,36,63,1.050304,3869254,16,Shot,773,Switzerland,4,From Throw In,773,Switzerland,,5537.0,Fabian Lukas Schär,4.0,Center Back,,,,,,,120.0,46.3,40.0,Right Foot,87.0,Open Play,99.9,53.7,,,,98.0,Off T,,,,,,,0.024413843,,95.0,Volley,,,,,,6.5,,,,,,,,,,,,,,,,,0,,,,,,,,,,,,,,
6e8ce1fe-2cc7-499d-a137-df556d0ce758,1531,1,00:42:11.076000,42,11,72,0.371844,3869254,16,Shot,780,Portugal,1,Regular Play,780,Portugal,,38803.0,Gonçalo Matias Ramos,23.0,Center Forward,,,,,,,115.1,39.1,38.0,Left Foot,87.0,Open Play,107.5,33.4,,,,100.0,Saved,,,,,,,0.31703457,36c903f6-a4e9-4625-9e63-4fac7ca6151f,93.0,Normal,True,,,,,0.0,,,,,,,,,,,,,,,,,0,,,,,,,,,,,,,,
73b29321-0a25-4f7f-b226-23cc581db422,1717,1,00:47:18.346000,47,18,77,0.916196,3869254,16,Shot,780,Portugal,2,From Corner,780,Portugal,,5209.0,Raphaël Adelino José Guerreiro,6.0,Left Back,,,,,,,120.0,37.2,38.0,Left Foot,87.0,Open Play,96.0,25.0,,,,98.0,Off T,,,,,,,0.021823613,a72c5191-278c-4a17-83b7-fce6528f0b5a,93.0,Normal,,,,,,5.0,,,,,,,,,,,,,,,,,0,,,,,,,,,,,,,,
4232fdf4-5a2b-47bf-ae3b-0f5fdeea3684,1873,2,00:03:11.062000,48,11,88,0.038164,3869254,16,Shot,780,Portugal,2,From Corner,780,Portugal,,38803.0,Gonçalo Matias Ramos,23.0,Center Forward,,,,,,,115.4,44.8,37.0,Head,87.0,Open Play,114.4,35.1,1.0,,,101.0,Wayward,True,,,,,,0.09938955,c953c4aa-70fb-4ce3-b0b3-bd3ef7b85411,93.0,Normal,,,,,,,,,,,,,,,,,,,,,,,0,,,,,,,,,,,,,,
37c91977-3d8e-42a7-8368-806c40c8e9fc,1969,2,00:05:05.635000,50,5,91,0.370436,3869254,16,Shot,780,Portugal,1,Regular Play,780,Portugal,,38803.0,Gonçalo Matias Ramos,23.0,Center Forward,,,,,,,120.0,42.9,38.0,Left Foot,87.0,Open Play,115.8,44.4,,,,97.0,Goal,,,,,,,0.5086819,,93.0,Normal,True,,,,,0.3,,,,,,,,,,,,,,,,,1,,,,,,,,,,,,,,
86b9f4b6-512c-426b-aa0a-9d2295994d50,2049,2,00:07:32.749000,52,32,93,0.136085,3869254,16,Shot,780,Portugal,6,From Counter,780,Portugal,,12041.0,João Félix Sequeira,21.0,Left Wing,,,,,,,107.4,29.9,38.0,Left Foot,87.0,Open Play,103.5,26.4,1.0,,,96.0,Blocked,,,,,,,0.043932665,7bef39fd-2d50-465a-80b1-2ce5d9d11c49,93.0,Normal,,,,,,,,,,,,,,,,,,,,,,,0,,,,,,,,,,,,,,
0fccbaee-00d4-4124-af20-9740849940b4,2055,2,00:08:20.373000,53,20,94,0.256914,3869254,16,Shot,780,Portugal,2,From Corner,780,Portugal,,20016.0,Kléper Laveran Lima Ferreira,3.0,Right Center Back,,,,,,,114.3,33.6,37.0,Head,87.0,Open Play,110.8,35.6,1.0,,,101.0,Wayward,True,,,,,,0.05800441,f21ffae7-cb65-4c08-ac34-76dbcf243318,93.0,Normal,,,,,,,,,,,,,,,,,,,,,,,0,,,,,,,,,,,,,,
4ed9fca8-dccc-4c44-ba66-76783239ad29,2103,2,00:09:55.715000,54,55,96,0.555432,3869254,16,Shot,780,Portugal,3,From Free Kick,780,Portugal,,5209.0,Raphaël Adelino José Guerreiro,6.0,Left Back,,,,,,,120.0,41.6,38.0,Left Foot,87.0,Open Play,110.9,32.4,1.0,,,97.0,Goal,,,,,,,0.35848966,0a7640ec-989c-4a8a-9cf0-abe067ea17cb,93.0,Normal,,,,,,2.2,,,,,,,,,,,,,,,,,1,,,,,,,,,,,,,,
2b86a444-5696-4c2d-ba7f-837ec9756684,2133,2,00:12:05.267000,57,5,98,0.451453,3869254,16,Shot,773,Switzerland,2,From Corner,773,Switzerland,,5549.0,Manuel Obafemi Akanji,3.0,Right Center Back,,,,,,,120.0,38.6,40.0,Right Foot,87.0,Open Play,118.7,35.4,,,,97.0,Goal,,,,,,,0.6688656,,95.0,Volley,True,,,,,0.4,,,,,,,,,,,,,,,,True,1,,,,,,,,,,,,,,
9cc86132-6a78-440a-b926-2926ddd6946f,2393,2,00:20:21.381000,65,21,114,1.825262,3869254,16,Shot,773,Switzerland,4,From Throw In,773,Switzerland,,3533.0,Xherdan Shaqiri,12.0,Right Midfield,,,,,,,120.0,9.6,38.0,Left Foot,87.0,Open Play,101.7,63.9,,,,101.0,Wayward,,1.0,,,,,0.007870479,e5fbda7a-8129-48f5-a710-66e599c9860b,93.0,Normal,,,,,,,,,,,,,,,,,,,,,,,0,,,,,,,,,,,,,,
ec8bd928-b9e8-44ae-b2a1-3e12b7d38a87,2412,2,00:21:12.335000,66,12,115,1.292875,3869254,16,Shot,780,Portugal,7,From Goal Kick,780,Portugal,,38803.0,Gonçalo Matias Ramos,23.0,Center Forward,,,,,,,120.0,37.0,40.0,Right Foot,87.0,Open Play,112.6,45.8,1.0,,,97.0,Goal,,,,,,,0.46699882,000602f3-78bc-4c58-a319-6503ecac9961,92.0,Lob,,,,,,0.4,,,,,,,,,True,,,,,,,,1,,,,,,,,,,,,,,
624cffee-e13c-4020-8af2-efcf3760783c,2567,2,00:25:10.116000,70,10,122,0.131723,3869254,16,Shot,773,Switzerland,4,From Throw In,773,Switzerland,,5538.0,Denis Lemi Zakaria Lako Lado,9.0,Right Defensive Midfield,,,,,,,100.4,37.0,40.0,Right Foot,87.0,Open Play,97.5,36.4,,,,96.0,Blocked,,,,,,,0.04188712,968ff34d-667d-4048-a997-9b7d1c568ea5,93.0,Normal,,,,,,,,,,,,,,,,,,,,,,,0,,,,,,,,,,,,,,
a05207c2-0497-47a5-8b62-242766a4266d,2696,2,00:30:51.669000,75,51,135,0.413902,3869254,16,Shot,780,Portugal,3,From Free Kick,780,Portugal,,5207.0,Cristiano Ronaldo dos Santos Aveiro,23.0,Center Forward,,,,,,,99.9,44.2,40.0,Right Foot,62.0,Free Kick,88.9,44.9,,,,96.0,Blocked,,,,,,,0.028790973,,93.0,Normal,,,,,,,,,,,,,,,,,,,,,,,0,,,,,,,,,,,,,,
8a9e1974-0ef0-4911-b167-4dd9d77bdc8d,2868,2,00:34:35.567000,79,35,141,0.066267,3869254,16,Shot,773,Switzerland,1,Regular Play,773,Switzerland,,5545.0,Breel-Donald Embolo,24.0,Left Center Forward,,,,,,,102.9,39.1,40.0,Right Foot,87.0,Open Play,102.1,39.2,1.0,,,96.0,Blocked,,,,,,,0.032889098,8eb9a47a-9cb2-4340-8f85-2e5ef2e07f37,94.0,Overhead Kick,,,,,,,,,,,,,,,,,,,,,,,0,,,,,,,,,,,,,,
47d48ad1-0bec-4db0-89fa-69f2064e2eee,2874,2,00:35:12.412000,80,12,142,0.709378,3869254,16,Shot,773,Switzerland,2,From Corner,773,Switzerland,,3500.0,Granit Xhaka,11.0,Left Defensive Midfield,,,,,,,120.0,37.6,37.0,Head,87.0,Open Play,113.2,34.5,1.0,,,98.0,Off T,True,,,,,,0.0836758,48d162b1-31b3-4a12-94ef-6352baf46b69,93.0,Normal,,,,,,4.9,,,,,,,,,,,,,,,,,0,,,,,,,,,,,,,,
5df2ae77-2cbb-4d69-8bb4-36c4f4d8aea5,3078,2,00:39:57.125000,84,57,149,0.039156,3869254,16,Shot,773,Switzerland,1,Regular Play,773,Switzerland,,29006.0,Noah Okafor,16.0,Left Midfield,,,,,,,108.9,23.7,40.0,Right Foot,87.0,Open Play,108.4,23.1,,,,96.0,Blocked,,,,,,,0.032096077,464a188c-a9fe-49a2-9261-20c3d925ffb1,93.0,Normal,,,,,,,,,,,,,,,,,,,,,,,0,,,,,,,,,,,,,,
b454f46a-01f5-4f67-9b6b-994573c64ca9,3348,2,00:46:12.750000,91,12,157,1.020614,3869254,16,Shot,780,Portugal,3,From Free Kick,780,Portugal,,18360.0,Rafael Alexandre Conceição Leão,17.0,Right Wing,,,,,,,120.0,42.5,40.0,Right Foot,87.0,Open Play,105.0,21.7,1.0,,,97.0,Goal,,,,,,,0.010257767,3b24528c-5743-4a92-8933-bc1bbf9e270b,93.0,Normal,,,,,,1.3,,,,,,,,,,,,,,,,,1,,,,,,,,,,,,,,
3d1a05c1-c580-458e-bbce-636412e359fb,3408,2,00:48:45.755000,93,45,162,0.1,3869254,16,Shot,780,Portugal,2,From Corner,780,Portugal,,5206.0,Rúben Santos Gato Alves Dias,5.0,Left Center Back,,,,,,,109.1,41.4,37.0,Head,87.0,Open Play,108.0,41.9,,,,96.0,Blocked,,,,,,,0.03750256,6ccd0420-020d-48cf-b928-624f90ec6350,93.0,Normal,,,,,,,,,,,,,,,,,,,,,,,0,,,,,,,,,,,,,,
eca22731-e62f-4c63-98c5-55f4f5357216,832,1,00:20:25.796000,20,25,38,0.49044,3869118,16,Shot,768,England,2,From Corner,768,England,,3244.0,John Stones,3.0,Right Center Back,,,,,,,120.0,46.5,70.0,Other,87.0,Open Play,113.5,45.4,,,,98.0,Off T,,,,,,,0.08366814,d07cf058-085e-42ce-a6cc-a785bba8cd33,93.0,Normal,,,,,,6.1,,,,,,,,,,,,,,,,,0,,,,,,,,,,,,,,
b1746c86-d6a4-4310-bdf8-bb5e795948c2,901,1,00:21:59.179000,21,59,42,0.168042,3869118,16,Shot,787,Senegal,1,Regular Play,787,Senegal,,20611.0,Boulaye Dia,23.0,Center Forward,,,,,,,109.4,42.5,40.0,Right Foot,87.0,Open Play,108.6,42.7,,,,96.0,Blocked,,,,,,,0.05336251,7c046c18-76c1-44db-80eb-e5f3cabff5eb,95.0,Volley,True,,,,,,,,,,,,,,,,,,,,,,0,,,,,,,,,,,,,,
aa2725c3-bc6b-4f5b-9865-2cd84124cb40,905,1,00:22:00.357000,22,0,42,0.473191,3869118,16,Shot,787,Senegal,1,Regular Play,787,Senegal,,2941.0,Ismaïla Sarr,21.0,Left Wing,,,,,,,120.0,42.3,40.0,Right Foot,87.0,Open Play,115.7,40.5,,,,98.0,Off T,,,,,,,0.629174,,91.0,Half Volley,True,,,,,5.5,,,,,,,,,,,,,,,,,0,,,,,,,,,,,,,,
21b0a72e-9edd-405b-a6aa-edf3c20ff8e3,1281,1,00:31:01.162000,31,1,49,0.288614,3869118,16,Shot,787,Senegal,3,From Free Kick,787,Senegal,,20611.0,Boulaye Dia,23.0,Center Forward,,,,,,,118.1,37.3,38.0,Left Foot,87.0,Open Play,112.8,28.9,,,,100.0,Saved,,,,,,,0.0358749,cf3792c3-a1af-4b08-9e30-23ee7eec6332,93.0,Normal,True,,,,,1.3,,,,,,,,,,,,,,,,,0,,,,,,,,,,,,,,
8dd1ce3c-8097-412a-9951-4939e15903f3,1516,1,00:38:00.756000,38,0,60,0.829394,3869118,16,Shot,768,England,7,From Goal Kick,768,England,,3532.0,Jordan Brian Henderson,13.0,Right Center Midfield,,,,,,,120.0,42.3,38.0,Left Foot,87.0,Open Play,107.6,38.0,,,,97.0,Goal,,,,,,,0.13174866,013e7531-156f-4234-8530-bbfb2d629efa,93.0,Normal,True,,,,,0.0,,,,,,,,,,,,,,,,,1,,,,,,,,,,,,,,
95d72a08-3916-4d54-85b4-e3777d7f9163,1537,1,00:40:39.888000,40,39,62,0.273937,3869118,16,Shot,768,England,7,From Goal Kick,768,England,,10955.0,Harry Kane,23.0,Center Forward,,,,,,,120.0,37.9,40.0,Right Foot,87.0,Open Play,110.0,39.3,,,,98.0,Off T,,,,,,,0.18422936,495939a9-da56-4155-bce7-b9731c804b0e,93.0,Normal,True,,,,,5.3,,,,,,,,,,,,,,,,,0,,,,,,,,,,,,,,
4d429090-9143-4daa-ac16-ed3c8963ad7b,1739,1,00:47:17.176000,47,17,73,0.967959,3869118,16,Shot,768,England,1,Regular Play,768,England,,10955.0,Harry Kane,23.0,Center Forward,,,,,,,120.0,39.2,40.0,Right Foot,87.0,Open Play,104.3,50.7,1.0,,,97.0,Goal,,,,,,,0.20664306,,93.0,Normal,,,,,,0.4,,,,,,,,,,,,,,,,,1,,,,,,,,,,,,,,
2c5975d3-1c82-4dd5-9645-651ae8eb5b8f,1975,2,00:04:10.377000,49,10,83,1.324742,3869118,16,Shot,787,Senegal,1,Regular Play,787,Senegal,,50498.0,Pape Matar Sarr,19.0,Center Attacking Midfield,,,,,,,120.0,48.8,38.0,Left Foot,87.0,Open Play,92.8,35.2,,,,98.0,Off T,,,,,,,0.018660808,,91.0,Half Volley,True,,,,,0.7,,,,,,,,,,,,,,,,,0,,,,,,,,,,,,,,
3ad6ec4f-2f39-41df-ade5-a91827872206,2164,2,00:08:40.897000,53,40,90,0.514353,3869118,16,Shot,768,England,1,Regular Play,768,England,,22084.0,Bukayo Saka,17.0,Right Wing,,,,,,,120.0,46.9,40.0,Right Foot,87.0,Open Play,107.7,53.4,,,,98.0,Off T,,,,,,,0.03518777,fb81008d-5a71-4d62-a649-80539519c9c0,93.0,Normal,,,,,,2.6,,,,,,,,,,,,,,,,,0,,,,,,,,,,,,,,
60b34d82-7a7b-4b3a-ba28-7ec704a0941a,2219,2,00:10:45.235000,55,45,93,0.859711,3869118,16,Shot,768,England,7,From Goal Kick,768,England,,10955.0,Harry Kane,23.0,Center Forward,,,,,,,117.0,37.7,40.0,Right Foot,87.0,Open Play,90.5,27.1,,,,100.0,Saved,,,,,,,0.015214441,e8b62f96-ea9d-4da5-8cfb-50a844d7c0e2,93.0,Normal,,,,,,0.2,,,,,,,,,,,,,,,,,0,,,,,,,,,,,,,,
541395bf-9398-4670-887e-e79c1a8ba223,2286,2,00:11:43.534000,56,43,96,0.996997,3869118,16,Shot,768,England,1,Regular Play,768,England,,22084.0,Bukayo Saka,17.0,Right Wing,,,,,,,120.0,41.0,38.0,Left Foot,87.0,Open Play,111.0,35.9,1.0,,,97.0,Goal,,,,,,,0.21738943,d8f31d46-a49c-42ae-9f6f-13914df7d68b,93.0,Normal,True,,,,,0.4,,,,,,,,,,,,,,,,,1,,,,,,,,,,,,,,
acf5fa91-3fee-4042-85a7-97dfc596d6d9,2670,2,00:23:25.317000,68,25,115,0.087019,3869118,16,Shot,787,Senegal,3,From Free Kick,787,Senegal,,50498.0,Pape Matar Sarr,19.0,Center Attacking Midfield,,,,,,,90.7,36.4,40.0,Right Foot,87.0,Open Play,89.0,36.2,,,,96.0,Blocked,,,,,,,0.013223637,77d5e8f1-d9fa-4083-a680-3839daa007f1,93.0,Normal,,,,,,,,,,,,,,,,,,,,,,,0,,,,,,,,,,,,,,
64294436-c0e0-4e75-a6de-abd93a212c4e,2814,2,00:28:18.517000,73,18,121,1.113429,3869118,16,Shot,787,Senegal,3,From Free Kick,787,Senegal,,50498.0,Pape Matar Sarr,9.0,Right Defensive Midfield,,,,,,,120.0,44.5,40.0,Right Foot,62.0,Free Kick,87.8,49.9,,,,98.0,Off T,,,,,,,0.021199826,,93.0,Normal,,,,,,0.9,,,,,,,,,,,,,,,,,0,,,,,,,,,,,,,,
f04052f9-712a-4992-a561-b3a46bb0d53b,3158,2,00:38:38.322000,83,38,137,0.760937,3869118,16,Shot,787,Senegal,1,Regular Play,787,Senegal,,2941.0,Ismaïla Sarr,21.0,Left Wing,,,,,,,120.0,37.9,37.0,Head,87.0,Open Play,111.6,39.3,,,,98.0,Off T,,,,,,,0.107544675,f67eb99f-dd83-4f8e-a237-c5e50b06637e,93.0,Normal,,,,,,5.4,,,,,,,,,,,,,,,,,0,,,,,,,,,,,,,,
1cf6fa6b-f9f5-46ae-af7f-af287afdfdcd,3253,2,00:41:12.785000,86,12,141,0.345308,3869118,16,Shot,787,Senegal,4,From Throw In,787,Senegal,,21026.0,Pape Gueye,19.0,Center Attacking Midfield,,,,,,,103.6,48.3,38.0,Left Foot,87.0,Open Play,96.7,52.4,,,,96.0,Blocked,,,,,,,0.027956013,a165970c-3c31-4524-9fc7-21b2fada558f,93.0,Normal,,,,,,,,,,,,,,,,,,,,,,,0,,,,,,,,,,,,,,
eea1e7de-b4fb-4e1a-81bf-43a79ad5d467,3367,2,00:43:51.159000,88,51,147,0.969461,3869118,16,Shot,787,Senegal,3,From Free Kick,787,Senegal,,50498.0,Pape Matar Sarr,9.0,Right Defensive Midfield,,,,,,,120.0,41.8,40.0,Right Foot,87.0,Open Play,93.1,38.3,,,,98.0,Off T,,,,,,,0.032847784,e31c28fa-d86e-42e3-99b5-94d3eb5090ad,93.0,Normal,True,,,,,6.7,,,,,,,,,,,,,,,,,0,,,,,,,,,,,,,,
9c16738b-cf6c-4669-a694-276a322ff6d8,3421,2,00:45:23.854000,90,23,148,0.460805,3869118,16,Shot,768,England,7,From Goal Kick,768,England,,3318.0,Marcus Rashford,17.0,Right Wing,,,,,,,120.0,44.5,40.0,Right Foot,87.0,Open Play,117.8,45.9,1.0,,,98.0,Off T,,,,,,,0.1459426,63b4d347-0f49-452b-822a-305bf5230101,91.0,Half Volley,True,,,,,1.6,,,,,,,,,,,,,,,,,0,,,,,,,,,,,,,,
8ea7d7fe-7f86-4c68-be76-1dbe52730c60,3458,2,00:47:22.889000,92,22,150,0.242428,3869118,16,Shot,787,Senegal,3,From Free Kick,787,Senegal,,88123.0,Cheikh Ahmadou Bamba Mbacke Dieng,17.0,Right Wing,,,,,,,102.5,51.1,40.0,Right Foot,62.0,Free Kick,94.0,54.7,,,,96.0,Blocked,,,,,,,0.03296228,,93.0,Normal,,,,,,,,,,,,,,,,,,,,,,,0,,,,,,,,,,,,,,
50d88cc2-208f-4272-9156-ea9f0049c8bc,775,1,00:15:52.400000,15,52,29,0.935009,3869519,16,Shot,785,Croatia,2,From Corner,785,Croatia,,3471.0,Dejan Lovren,3.0,Right Center Back,,,,,,,120.0,33.5,37.0,Head,87.0,Open Play,115.0,27.7,1.0,,,98.0,Off T,True,,,,,,0.014029023,9feebfd9-e719-4584-a026-bf09811e032c,93.0,Normal,,,,,,4.2,,,,,,,,,,,,,,,,,0,,,,,,,,,,,,,,
e0e3e4da-8a23-4e2c-b4d2-b7bef8feb9fe,1167,1,00:24:35.118000,24,35,45,1.145676,3869519,16,Shot,779,Argentina,4,From Throw In,779,Argentina,,38718.0,Enzo Fernandez,11.0,Left Defensive Midfield,,,,,,,118.5,42.9,40.0,Right Foot,87.0,Open Play,93.1,36.9,,,,100.0,Saved,,,,,,,0.027808638,50d85c7c-8a99-477d-b86c-283d59f947ca,93.0,Normal,,,,,,0.8,,,,,,,,,,,,,,,,,0,,,,,,,,,,,,,,
7c8c6f80-da85-4be8-a5cf-34f58c51a82e,1425,1,00:30:33.660000,30,33,52,1.630258,3869519,16,Shot,785,Croatia,4,From Throw In,785,Croatia,,5474.0,Ivan Perišić,21.0,Left Wing,,,,,,,120.0,38.9,40.0,Right Foot,87.0,Open Play,106.9,23.2,,,,98.0,Off T,,,,,,,0.034139045,b373047b-68cd-462c-844b-90e0be24c52b,92.0,Lob,,,,,,4.2,,,,,,,,,,,,,,,,,0,,,,,,,,,,,,,,
dcc38d2c-1610-4362-bb0c-2fd6aa28c5bf,1621,1,00:38:26.300000,38,26,61,0.326927,3869519,16,Shot,779,Argentina,6,From Counter,779,Argentina,,29560.0,Julián Álvarez,24.0,Left Center Forward,,,,,,,120.0,36.8,40.0,Right Foot,87.0,Open Play,112.7,37.4,,,,97.0,Goal,,,,,,,0.36172354,,95.0,Volley,,,,,,0.9,,,,,,,,,True,,,,,,,,1,,,,,,,,,,,,,,
0c16abd3-e136-40dd-8dd5-37d9587c4f41,1709,1,00:40:49.286000,40,49,63,0.385615,3869519,16,Shot,779,Argentina,1,Regular Play,779,Argentina,,7797.0,Rodrigo Javier De Paul,12.0,Right Midfield,,,,,,,104.4,47.3,40.0,Right Foot,87.0,Open Play,95.6,51.4,,,,96.0,Blocked,,,,,,,0.027667157,ffcd0724-9cf3-4e7e-98f7-c64fe2704225,93.0,Normal,,,,,,,,,,,,,,,,,,,,,,,0,,,,,,,,,,,,,,
bd13c135-d873-447b-9433-76e78e8f0bf4,1714,1,00:41:53.667000,41,53,64,0.540362,3869519,16,Shot,779,Argentina,2,From Corner,779,Argentina,,27886.0,Alexis Mac Allister,16.0,Left Midfield,,,,,,,118.3,38.2,37.0,Head,87.0,Open Play,113.5,32.8,,,,100.0,Saved,,,,,,,0.0684051,616bb2ef-95c6-4953-9393-9ed2a43453d0,93.0,Normal,,,,,,0.9,,,,,,,,,,,,,,,,,0,,,,,,,,,,,,,,
3ad82358-d787-4d98-b0e2-0e349b05e17b,1812,1,00:44:48.217000,44,48,69,0.298525,3869519,16,Shot,785,Croatia,4,From Throw In,785,Croatia,,5463.0,Luka Modrić,13.0,Right Center Midfield,,,,,,,101.4,43.9,40.0,Right Foot,87.0,Open Play,92.9,46.3,,,,96.0,Blocked,,,,,,,0.026162526,830f0179-c0ad-4817-8eff-210e5fb4264b,93.0,Normal,,,,,,,,,,,,,,,,,,,,,,,0,,,,,,,,,,,,,,
ac624dbe-5398-41b5-98c7-1fafe57fde8c,1823,1,00:44:53.730000,44,53,69,0.214249,3869519,16,Shot,785,Croatia,4,From Throw In,785,Croatia,,11603.0,Mario Pašalić,17.0,Right Wing,,,,,,,120.0,45.0,40.0,Right Foot,87.0,Open Play,119.4,45.8,,,,98.0,Off T,,,,,,,0.07864248,,91.0,Half Volley,True,,,,,2.4,,,,,,,,,,,,,,,,,0,,,,,,,,,,,,,,
c9b5444c-548d-4936-af96-3f376dc1cdc6,2108,2,00:03:26.051000,48,26,84,1.274215,3869519,16,Shot,779,Argentina,1,Regular Play,779,Argentina,,16308.0,Leandro Daniel Paredes,9.0,Right Defensive Midfield,,,,,,,117.6,40.9,40.0,Right Foot,87.0,Open Play,85.0,44.8,,,,100.0,Saved,,,,,,,0.014370957,0a96f174-48a0-4230-a59c-1f3741cff548,93.0,Normal,,,,,,1.0,,,,,,,,,,,,,,,,,0,,,,,,,,,,,,,,
a78187f3-3fb7-4c35-9d65-aef9e119c5b2,2542,2,00:12:05.543000,57,5,102,0.426667,3869519,16,Shot,779,Argentina,1,Regular Play,779,Argentina,,5503.0,Lionel Andrés Messi Cuccittini,22.0,Right Center Forward,,,,,,,117.5,34.5,38.0,Left Foot,87.0,Open Play,112.7,30.1,1.0,,,100.0,Saved,,,,,,,0.10581502,f8bbaba3-3593-4982-b955-a24e640ca694,93.0,Normal,,,,,,0.7,,,,,,,,,,,,,,,,,0,,,,,,,,,,,,,,
9129598e-2e12-425b-b2df-d1a8842360a9,2562,2,00:12:35.523000,57,35,104,0.118325,3869519,16,Shot,785,Croatia,3,From Free Kick,785,Croatia,,16527.0,Mislav Oršić,21.0,Left Wing,,,,,,,101.0,24.6,40.0,Right Foot,87.0,Open Play,98.4,22.8,,,,96.0,Blocked,,,,,,,0.021008598,33cdb932-2011-4b37-a7ae-277c1cbe2dd2,93.0,Normal,,,,,,,,,,,,,,,,,,,,,,,0,,,,,,,,,,,,,,
a45cedf5-7079-4551-b949-3c2fb3e87ced,2700,2,00:16:47.433000,61,47,111,0.184782,3869519,16,Shot,785,Croatia,3,From Free Kick,785,Croatia,,3471.0,Dejan Lovren,3.0,Right Center Back,,,,,,,113.3,40.4,37.0,Head,87.0,Open Play,112.7,40.1,1.0,,,96.0,Blocked,True,,,,,,0.09374543,8f51e908-c2dc-4e30-837b-05ceaa34a712,93.0,Normal,,,,,,,,,,,,,,,,,,,,,,,0,,,,,,,,,,,,,,
60dc7f46-0b61-4198-ae9d-c11c096367dc,2982,2,00:23:46.955000,68,46,127,0.554719,3869519,16,Shot,779,Argentina,4,From Throw In,779,Argentina,,29560.0,Julián Álvarez,24.0,Left Center Forward,,,,,,,120.0,40.3,40.0,Right Foot,87.0,Open Play,113.3,45.4,,,,97.0,Goal,,,,,,,0.33366448,345913c9-1bf5-4ce0-9868-9de9d4685289,93.0,Normal,True,,,,,0.1,,,,,,,,,,,,,,,,,1,,,,,,,,,,,,,,
a6005746-15eb-4174-8219-636c9527c20a,3007,2,00:27:14.346000,72,14,129,1.049396,3869519,16,Shot,785,Croatia,3,From Free Kick,785,Croatia,,5474.0,Ivan Perišić,6.0,Left Back,,,,,,,118.2,43.0,38.0,Left Foot,62.0,Free Kick,82.3,43.9,,,,100.0,Saved,,,,,,,0.00752127,,93.0,Normal,,,,,,0.2,,,,,,,,,,,,,,,,,0,,,,,,,,,,,,,,
0b6069ca-0918-46e8-a488-4352f631492c,3071,2,00:29:54.875000,74,54,134,1.22653,3869519,16,Shot,785,Croatia,4,From Throw In,785,Croatia,,5474.0,Ivan Perišić,6.0,Left Back,,,,,,,120.0,39.2,38.0,Left Foot,87.0,Open Play,85.8,21.3,,,,98.0,Off T,,,,,,,0.0058680973,8a13d1ae-1c99-40a3-87df-18f33f76ea55,93.0,Normal,,,,,,4.8,,,,,,,,,,,,,,,,,0,,,,,,,,,,,,,,
01404c8b-76a5-4187-907c-eef491c0f621,3206,2,00:32:39.976000,77,39,138,1.411106,3869519,16,Shot,785,Croatia,1,Regular Play,785,Croatia,,16527.0,Mislav Oršić,21.0,Left Wing,,,,,,,120.0,46.7,40.0,Right Foot,87.0,Open Play,108.0,21.9,,,,98.0,Off T,,,,,,,0.011610668,a51f5e0c-2b9a-4fd6-9df7-ecbd5081c6b4,93.0,Normal,,,,,,3.8,,,,,,,,,,,,,,,,,0,,,,,,,,,,,,,,
7eb91d56-2d0f-48ba-8df3-e418d4b13f34,3371,2,00:37:12.991000,82,12,145,0.7015,3869519,16,Shot,779,Argentina,3,From Free Kick,779,Argentina,,27886.0,Alexis Mac Allister,15.0,Left Center Midfield,,,,,,,120.0,44.6,40.0,Right Foot,87.0,Open Play,107.1,46.7,,,,98.0,Off T,,,,,,,0.14140838,01358aa6-0d99-4c84-93f7-9c30ddbcfda1,95.0,Volley,True,,,,,0.5,,,,,,,,,,,,,,,,,0,,,,,,,,,,,,,,
94203fde-cbb9-49b4-962f-3181068dd3c5,3552,2,00:43:23.843000,88,23,157,1.051285,3869519,16,Shot,785,Croatia,4,From Throw In,785,Croatia,,28914.0,Lovro Majer,9.0,Right Defensive Midfield,,,,,,,117.7,41.9,38.0,Left Foot,87.0,Open Play,96.0,35.4,,,,100.0,Saved,,,,,,,0.044770177,bd284836-929c-43a9-9edd-dc65ea8ac798,91.0,Half Volley,,,,,,0.4,,,,,,,,,,,,,,,,,0,,,,,,,,,,,,,,
eaa7a5c6-53c3-4da4-bc61-fea93e29c0d9,3721,2,00:47:51.315000,92,51,179,0.953431,3869519,16,Shot,785,Croatia,2,From Corner,785,Croatia,,3441.0,Nikola Vlašić,17.0,Right Wing,,,,,,,120.0,30.8,38.0,Left Foot,87.0,Open Play,103.6,52.3,,,,98.0,Off T,,,,,,,0.049129687,2b76f35c-5473-4575-8e21-d77e5b08f1b7,93.0,Normal,,,,,,4.1,,,,,,,,,,,,,,,,,0,,,,,,,,,,,,,,
3dabf30e-401c-49ad-8976-4b124b1b7a6c,3803,2,00:49:53.545000,94,53,184,1.062937,3869519,16,Shot,785,Croatia,1,Regular Play,785,Croatia,,3471.0,Dejan Lovren,3.0,Right Center Back,,,,,,,120.0,40.2,38.0,Left Foot,87.0,Open Play,89.3,36.5,,,,98.0,Off T,,,,,,,0.02342664,abd97391-309e-48da-9d31-04df3156da9b,93.0,Normal,,,,,,3.8,,,,,,,,,,,,,,,,,0,,,,,,,,,,,,,,
18d5acc3-d2c4-4a3f-b3de-3d8714000f03,156,1,00:03:17.247000,3,17,11,0.059151,3869354,16,Shot,768,England,1,Regular Play,768,England,,4354.0,Philip Foden,21.0,Left Wing,,,,,,,101.6,40.1,38.0,Left Foot,87.0,Open Play,100.2,40.0,,,,96.0,Blocked,,,,,,,0.022691524,472e0fc6-8712-4622-ad4e-0eab8a4e16f3,91.0,Half Volley,,,,,,,,,,,,,,,,,,,,,,,0,,,,,,,,,,,,,,
76a926ab-d769-4f19-97da-d7d329d90325,386,1,00:10:35.259000,10,35,22,0.868394,3869354,16,Shot,771,France,1,Regular Play,771,France,,3604.0,Olivier Giroud,23.0,Center Forward,,,,,,,118.2,40.1,37.0,Head,87.0,Open Play,110.3,38.2,,,,100.0,Saved,,,,,,,0.21537142,168bcc6d-9c20-406c-8e20-6d8a4548083f,90.0,Diving Header,,,,,,0.8,,,,,,,,,,,,,,,,,0,,,,,,,,,,,,,,
392c7c17-aff2-48c8-becc-d23b5bf60640,662,1,00:16:22.902000,16,22,44,1.14154,3869354,16,Shot,771,France,1,Regular Play,771,France,,10481.0,Aurélien Djani Tchouaméni,9.0,Right Defensive Midfield,,,,,,,120.0,36.5,40.0,Right Foot,87.0,Open Play,92.5,43.5,,,,97.0,Goal,,,,,,,0.027870113,d13170eb-a5a7-496d-88ad-0481fd6302d3,93.0,Normal,,,,,,0.8,,,,,,,,,,,,,,,,,1,,,,,,,,,,,,,,
7bc4f065-24a9-4401-ac37-90aedc8f7b86,702,1,00:20:08.041000,20,8,46,0.814754,3869354,16,Shot,768,England,3,From Free Kick,768,England,,3382.0,Luke Shaw,6.0,Left Back,,,,,,,118.5,41.3,38.0,Left Foot,62.0,Free Kick,98.0,53.2,,,,100.0,Saved,,,,,,,0.05589417,,93.0,Normal,,,,,,0.7,,,,,,,,,,,,,,,,,0,,,,,,,,,,,,,,
c60b4259-2ba3-4496-927f-331d9c2ec9d1,755,1,00:21:29.756000,21,29,53,0.12581,3869354,16,Shot,768,England,4,From Throw In,768,England,,10955.0,Harry Kane,23.0,Center Forward,,,,,,,114.4,50.3,40.0,Right Foot,87.0,Open Play,113.6,52.2,,,,100.0,Saved,,,,,,,0.07522586,7d5d47ac-2a87-4e48-88b5-1e97810c5d5c,93.0,Normal,True,,,,,0.4,,,,,,,,,,,,,,,,,0,,,,,,,,,,,,,,
7698af86-50b1-41d3-a751-88cbb32b875d,760,1,00:21:33.745000,21,33,53,0.039999,3869354,16,Shot,768,England,4,From Throw In,768,England,,30714.0,Jude Bellingham,15.0,Left Center Midfield,,,,,,,118.1,36.1,37.0,Head,87.0,Open Play,117.3,35.7,1.0,,,96.0,Blocked,True,,,,,,0.21807538,2767b72f-7d41-4b42-8bd1-eae79921c667,93.0,Normal,,,,,,,,,,,,,,,,,,,,,,,0,,,,,,,,,,,,,,
f7fdf23a-a5e9-4e7f-ba8d-40bc6379b9b0,1064,1,00:28:30.499000,28,30,61,0.968944,3869354,16,Shot,768,England,4,From Throw In,768,England,,10955.0,Harry Kane,23.0,Center Forward,,,,,,,119.6,43.2,40.0,Right Foot,87.0,Open Play,96.7,57.1,,,,100.0,Saved,,,,,,,0.018916143,d2e1acf4-9f55-4c2e-8e77-0a5ba09f7a8f,93.0,Normal,,,,,,2.0,,,,,,,,,,,,,,,,,0,,,,,,,,,,,,,,
b9ca208b-744a-482c-acbb-a25025ebb258,1415,1,00:38:45.724000,38,45,74,0.751028,3869354,16,Shot,771,France,3,From Free Kick,771,France,,3009.0,Kylian Mbappé Lottin,21.0,Left Wing,,,,,,,120.0,40.1,38.0,Left Foot,87.0,Open Play,107.9,32.9,,,,98.0,Off T,,,,,,,0.06798863,b97c60fe-ccaf-4240-b0f8-ea84e305afac,91.0,Half Volley,True,,,,,5.5,,,,,,,,,,,,,,,,,0,,,,,,,,,,,,,,
1005a0cd-efda-4b12-92a0-edec3f740581,1954,2,00:01:36.676000,46,36,92,0.713787,3869354,16,Shot,768,England,2,From Corner,768,England,,30714.0,Jude Bellingham,15.0,Left Center Midfield,,,,,,,118.5,42.0,40.0,Right Foot,87.0,Open Play,101.1,48.0,,,,100.0,Saved,,,,,,,0.046397094,85f55751-5540-4172-9414-6ee3fa55b33c,91.0,Half Volley,True,,,,,2.3,,,,,,,,,,,,,,,,,0,,,,,,,,,,,,,,
faf2becb-95e5-4cc5-b77e-208679268e05,1959,2,00:02:13.274000,47,13,93,0.384707,3869354,16,Shot,768,England,2,From Corner,768,England,,3336.0,Harry Maguire,5.0,Left Center Back,,,,,,,117.4,34.9,37.0,Head,87.0,Open Play,116.2,30.9,1.0,,,96.0,Blocked,True,,,,,,0.048588943,ef7f49bc-c22e-4525-ad8d-290778b51125,93.0,Normal,,,,,,,,,,,,,,,,,,,,,,,0,,,,,,,,,,,,,,
974d20e3-92b3-4061-9d97-e56ced377069,2111,2,00:06:01.219000,51,1,97,0.450466,3869354,16,Shot,768,England,3,From Free Kick,768,England,,3532.0,Jordan Brian Henderson,13.0,Right Center Midfield,,,,,,,113.2,45.5,40.0,Right Foot,87.0,Open Play,101.1,56.4,,,,96.0,Blocked,,,,,,,0.017202334,,91.0,Half Volley,True,,,,,,,,,,,,,,,,,,,,,,0,,,,,,,,,,,,,,
ec185754-71a2-488f-8471-b5f591b88c6e,2159,2,00:09:44.502000,54,44,101,0.620194,3869354,16,Shot,771,France,9,From Kick Off,771,France,,3026.0,Adrien Rabiot,11.0,Left Defensive Midfield,,,,,,,114.4,42.5,38.0,Left Foot,87.0,Open Play,95.6,43.2,,,,100.0,Saved,,,,,,,0.06667264,c854316c-85b4-47c9-9f2a-9809f879ecc4,91.0,Half Volley,True,,,,,0.4,,,,,,,,,,,,,,,,,0,,,,,,,,,,,,,,
0f19d3a0-282b-4673-9ecc-d23599dd565e,2364,2,00:14:35.823000,59,35,111,0.775735,3869354,16,Shot,768,England,1,Regular Play,768,England,,22084.0,Bukayo Saka,17.0,Right Wing,,,,,,,116.6,40.1,40.0,Right Foot,87.0,Open Play,103.2,47.6,1.0,,,100.0,Saved,,,,,,,0.07073746,a4158d7e-8299-4be2-8151-0569cea335bd,93.0,Normal,,,,,,0.2,,,,,,,,,,,,,,,,,0,,,,,,,,,,,,,,
9747c65f-740c-42bb-87a9-a309a35acf08,2381,2,00:15:08.598000,60,8,113,0.43921,3869354,16,Shot,771,France,8,From Keeper,771,France,,5477.0,Ousmane Dembélé,17.0,Right Wing,,,,,,,107.9,46.7,38.0,Left Foot,87.0,Open Play,99.5,53.8,,,,96.0,Blocked,,,,,,,0.030820057,e02a6db7-7add-4f0c-bfa7-2a64ae7e56a2,93.0,Normal,,,,,,,,,,,,,,,,,,,,,,,0,,,,,,,,,,,,,,
c53fbe0a-5479-4e5a-8637-6c83b7e68786,2420,2,00:16:06.460000,61,6,115,0.839383,3869354,16,Shot,768,England,1,Regular Play,768,England,,10955.0,Harry Kane,23.0,Center Forward,,,,,,,117.9,43.9,38.0,Left Foot,87.0,Open Play,99.1,53.8,,,,100.0,Saved,,,,,,,0.029508974,37d722ea-d61a-411c-81fd-1f7e486ce06a,93.0,Normal,,,,,,0.2,,,,,,,,,,,,,,,,,0,,,,,,,,,,,,,,
4bba88e2-fa9e-4890-ae65-0fbbd71e2932,2641,2,00:24:23.113000,69,23,136,0.879877,3869354,16,Shot,768,England,3,From Free Kick,768,England,,3336.0,Harry Maguire,5.0,Left Center Back,,,,,,,120.0,36.1,37.0,Head,87.0,Open Play,109.1,35.0,,,,99.0,Post,,1.0,,,,,0.07199757,5313afc1-f3cb-44a9-8ba0-0447b023d3d0,93.0,Normal,,,,,,0.7,,,,,,,,,,,,,,,,,0,,,,,,,,,,,,,,
e61a35ea-0d71-406b-8c76-afbc917d2053,2682,2,00:25:31.802000,70,31,140,0.08424,3869354,16,Shot,768,England,1,Regular Play,768,England,,3382.0,Luke Shaw,6.0,Left Back,,,,,,,108.8,22.3,38.0,Left Foot,87.0,Open Play,108.4,21.7,,,,96.0,Blocked,,,,,,,0.006951497,6d9c6048-2f08-402e-ae34-2521a9f69a9c,93.0,Normal,,,,,,,,,,,,,,,,,,,,,,,0,,,,,,,,,,,,,,
5d1c07dc-1575-42b8-9181-03137e531a0c,2797,2,00:29:53.038000,74,53,148,0.602144,3869354,16,Shot,771,France,1,Regular Play,771,France,,3604.0,Olivier Giroud,23.0,Center Forward,,,,,,,120.0,48.3,37.0,Head,87.0,Open Play,112.9,47.0,1.0,,,98.0,Off T,True,,,,,,0.075690374,d29df03b-ee48-4595-a434-96e8cb73fb9d,93.0,Normal,,,,,,3.0,,,,,,,,,True,,,,,,,,0,,,,,,,,,,,,,,
9f12f011-03e2-4c02-b566-28808c4dbaba,2857,2,00:31:23.496000,76,23,150,0.410396,3869354,16,Shot,771,France,1,Regular Play,771,France,,3604.0,Olivier Giroud,23.0,Center Forward,,,,,,,119.0,39.3,38.0,Left Foot,87.0,Open Play,111.3,40.5,,,,100.0,Saved,,,,,,,0.20829616,d1d9f0ca-be19-411a-ae64-3552dd224b3d,95.0,Volley,True,,,,,1.3,,,,,,,,,,,,,,,,,0,,,,,,,,,,,,,,
2effbf64-b445-4aa5-a87e-7ff2f38c90ee,2870,2,00:32:10.083000,77,10,151,0.328704,3869354,16,Shot,771,France,2,From Corner,771,France,,3604.0,Olivier Giroud,23.0,Center Forward,,,,,,,120.0,37.4,37.0,Head,87.0,Open Play,114.7,36.4,1.0,,,97.0,Goal,True,,,,,,0.14665264,a41efd98-9524-42f6-99c0-1caaeca64c35,93.0,Normal,,,,,,1.8,,,,,,,,,,,,,,,,,1,,,,,,,,,,,,,,
800fd9ae-eb95-4060-8058-645983307dfa,2994,2,00:43:00.335000,88,0,163,1.03097,3869354,16,Shot,768,England,1,Regular Play,768,England,,7843.0,Mason Mount,13.0,Right Center Midfield,,,,,,,120.0,45.0,40.0,Right Foot,87.0,Open Play,89.5,44.7,,,,98.0,Off T,,,,,,,0.024138648,8c2945fc-c1f8-4805-8b93-f8e8520d1255,93.0,Normal,,,,,,4.2,,,,,,,,,,,,,,,,,0,,,,,,,,,,,,,,
6887a63b-4883-47d6-b1b5-d978edfda31e,3236,2,00:55:05.738000,100,5,180,0.920319,3869354,16,Shot,768,England,3,From Free Kick,768,England,,3318.0,Marcus Rashford,21.0,Left Wing,,,,,,,120.0,43.4,40.0,Right Foot,62.0,Free Kick,97.5,34.1,,,,98.0,Off T,,,,,,,0.07922588,,93.0,Normal,,,,,,3.4,,,,,,,,,,,,,,,,,0,,,,,,,,,,,,,,
763a44ab-1e89-44d5-bf6f-ce1831d8823d,240,1,00:04:37.526000,4,37,6,0.200454,3869552,16,Shot,771,France,4,From Throw In,771,France,,3009.0,Kylian Mbappé Lottin,21.0,Left Wing,,,,,,,112.6,43.9,38.0,Left Foot,87.0,Open Play,108.5,47.3,1.0,,,96.0,Blocked,,,,,,,0.09459595,cc1d6bf7-24c3-41de-b0ea-66bf80aa7b4c,93.0,Normal,,,,,,,,,,,,,,,,,,,,,,,0,,,,,,,,,,,,,,
f4d06d6c-d7fb-41e4-b25e-1cb9a106f88b,244,1,00:04:40.089000,4,40,6,0.448327,3869552,16,Shot,771,France,4,From Throw In,771,France,,6704.0,Theo Bernard François Hernández,6.0,Left Back,,,,,,,120.0,38.9,38.0,Left Foot,87.0,Open Play,115.7,31.5,,,,97.0,Goal,,,,,,,0.0979349,,91.0,Half Volley,True,,,,,0.8,,,,,,,,,,,,,,,,,1,,,,,,,,,,,,,,
b4b2bbe9-bd6b-4445-b010-245913557fde,437,1,00:09:38.266000,9,38,13,0.976005,3869552,16,Shot,788,Morocco,1,Regular Play,788,Morocco,,46258.0,Azzedine Ounahi,11.0,Left Defensive Midfield,,,,,,,117.2,41.5,40.0,Right Foot,87.0,Open Play,95.5,26.2,,,,100.0,Saved,,,,,,,0.01924696,08f899e0-ae4d-48ca-82e1-f28c2bca276a,93.0,Normal,,,,,,0.8,,,,,,,,,,,,,,,,,0,,,,,,,,,,,,,,
b235bbd6-6653-40c2-83d3-296d8d5326ce,698,1,00:16:01.726000,16,1,22,0.374275,3869552,16,Shot,788,Morocco,1,Regular Play,788,Morocco,,5237.0,Hakim Ziyech,17.0,Right Wing,,,,,,,120.0,50.1,40.0,Right Foot,87.0,Open Play,106.4,54.6,,,,98.0,Off T,,,,,,,0.06111174,ae69ad92-c9e4-4bdd-8e7a-e8abb2f041e7,93.0,Normal,,,,,,0.2,,,,,,,,,,,,,,,,,0,,,,,,,,,,,,,,
5e15d155-92bc-4aa6-8a04-66314d372114,706,1,00:16:32.848000,16,32,23,0.596581,3869552,16,Shot,771,France,7,From Goal Kick,771,France,,3604.0,Olivier Giroud,23.0,Center Forward,,,,,,,120.0,36.2,38.0,Left Foot,87.0,Open Play,105.4,26.8,,,,99.0,Post,,1.0,,,,,0.09802507,42df2a79-a932-4289-b143-4843331fccec,93.0,Normal,,,,,,1.7,,,,,,,,,,,,,,,,,0,,,,,,,,,,,,,,
1c9d37cc-5b3a-4acc-9ef9-2ed4adad4eb7,1080,1,00:25:27.076000,25,27,36,0.100586,3869552,16,Shot,788,Morocco,4,From Throw In,788,Morocco,,5245.0,Achraf Hakimi Mouh,2.0,Right Back,,,,,,,99.4,51.7,40.0,Right Foot,87.0,Open Play,95.3,53.3,,,,96.0,Blocked,,,,,,,0.020597277,5aa35a4b-a9c4-4f13-81bd-a0f7638d1ac9,93.0,Normal,,,,,,,,,,,,,,,,,,,,,,,0,,,,,,,,,,,,,,
feec1a47-a09f-40a8-b376-83235a04f754,1276,1,00:32:23.432000,32,23,48,0.500272,3869552,16,Shot,771,France,1,Regular Play,771,France,,10481.0,Aurélien Djani Tchouaméni,9.0,Right Defensive Midfield,,,,,,,110.2,38.0,40.0,Right Foot,87.0,Open Play,96.0,32.9,,,,96.0,Blocked,,,,,,,0.040336993,cb1a19dc-3fbe-4858-9fbf-cd15037eaac3,93.0,Normal,True,,,,,,,,,,,,,,,,,,,,,,0,,,,,,,,,,,,,,
a07f2606-64d3-4c92-b6f4-adf7f1673d18,1303,1,00:34:05.976000,34,5,51,0.041832,3869552,16,Shot,771,France,2,From Corner,771,France,,3604.0,Olivier Giroud,23.0,Center Forward,,,,,,,112.6,44.2,37.0,Head,87.0,Open Play,111.9,44.5,1.0,,,96.0,Blocked,True,,,,,,0.060999498,65fa9b99-6b12-4a4b-8bc2-a2ba5c258388,93.0,Normal,,,,,,,,,,,,,,,,,,,,,,,0,,,,,,,,,,,,,,
7bae38bb-77db-4a42-af8f-687966177c19,1307,1,00:34:07.645000,34,7,51,0.71638,3869552,16,Shot,771,France,2,From Corner,771,France,,11990.0,Youssouf Fofana,11.0,Left Defensive Midfield,,,,,,,120.0,33.5,38.0,Left Foot,87.0,Open Play,104.3,46.5,,,,98.0,Off T,,,,,,,0.061363008,,91.0,Half Volley,True,,,,,6.3,,,,,,,,,,,,,,,,,0,,,,,,,,,,,,,,
dbfeff49-55fe-4d47-aa30-1cb0084570bd,1351,1,00:35:10.886000,35,10,53,0.570406,3869552,16,Shot,771,France,6,From Counter,771,France,,3009.0,Kylian Mbappé Lottin,21.0,Left Wing,,,,,,,115.9,38.1,40.0,Right Foot,87.0,Open Play,111.7,30.9,,,,96.0,Blocked,,,,,,,0.15100354,0aee59bd-6c88-4026-9410-754086c279cb,93.0,Normal,,,,,,,,,,,,,,,,,,,,,,,0,,,,,,,,,,,,,,
65cfdd1e-7a29-4830-8194-a0869a13510b,1356,1,00:35:14.756000,35,14,53,0.69937,3869552,16,Shot,771,France,6,From Counter,771,France,,3604.0,Olivier Giroud,23.0,Center Forward,,,,,,,120.0,35.0,38.0,Left Foot,87.0,Open Play,105.8,42.5,,,,98.0,Off T,,,,,,,0.2635025,ca5a87f4-f0c8-40b1-8ffd-8077b1bf15d3,93.0,Normal,True,,,,,1.6,,,,,,,,,,,,,,,,,0,,,,,,,,,,,,,,
f2b4da14-ccc5-47a3-b75f-2a3de3acc811,1517,1,00:39:33.678000,39,33,59,0.298608,3869552,16,Shot,771,France,2,From Corner,771,France,,5485.0,Raphaël Varane,3.0,Right Center Back,,,,,,,120.0,44.9,40.0,Right Foot,87.0,Open Play,113.7,47.9,,,,98.0,Off T,,,,,,,0.07554505,a1fdcc5e-b892-4a54-ac8d-fa50bd5709db,95.0,Volley,True,,,,,0.8,,,,,,,,,,,,,,,,,0,,,,,,,,,,,,,,
90d7ee1b-aa71-4292-ba17-0bcd15e6e03a,1664,1,00:43:53.387000,43,53,65,0.857176,3869552,16,Shot,788,Morocco,2,From Corner,788,Morocco,,7459.0,Jawad El Yamiq,5.0,Left Center Back,,,,,,,119.3,36.2,40.0,Right Foot,87.0,Open Play,107.2,33.9,,,,116.0,Saved to Post,,,,,,,0.06408756,,94.0,Overhead Kick,True,,,,,0.5,,,,,,,,,,,,,,,,,0,,,,,,,,,,,,,,
d6e456e8-96e3-48a2-9ff7-b6ad878a74de,1672,1,00:43:59.256000,43,59,65,0.885241,3869552,16,Shot,788,Morocco,2,From Corner,788,Morocco,,3625.0,Sofiane Boufal,21.0,Left Wing,,,,,,,120.0,31.4,40.0,Right Foot,87.0,Open Play,96.7,37.2,,,,98.0,Off T,,,,,,,0.035300843,44fb83c8-844a-4651-acf9-93fb30dc84ab,91.0,Half Volley,True,,,,,0.2,,,,,,,,,,,,,,,,,0,,,,,,,,,,,,,,
da101356-1fad-432f-8d79-c86a952bf48f,1841,2,00:01:56.305000,46,56,77,0.49991,3869552,16,Shot,771,France,4,From Throw In,771,France,,4445.0,Jules Koundé,2.0,Right Back,,,,,,,109.3,43.2,40.0,Right Foot,87.0,Open Play,94.0,50.6,1.0,,,96.0,Blocked,,,,,,,0.01766911,9d57c1bf-9586-4997-9ffe-a60dc91cac2a,91.0,Half Volley,,,,,,,,,,,,,,,,,,,,,,,0,,,,,,,,,,,,,,
7aaedea3-0cdf-4082-8ea9-efbb40703b91,2044,2,00:07:40.495000,52,40,84,0.099188,3869552,16,Shot,788,Morocco,4,From Throw In,788,Morocco,,31295.0,Yahia Attiyat allah,6.0,Left Back,,,,,,,110.4,53.5,40.0,Right Foot,87.0,Open Play,109.8,35.1,,,,101.0,Wayward,,,,,,,0.24936919,,91.0,Half Volley,True,,,,,,,,,,,,,,,,,,,,,,0,,,,,,,,,,,,,,
cb9682c8-3388-4616-b615-7568171b4fd3,2074,2,00:08:08.550000,53,8,84,0.747129,3869552,16,Shot,788,Morocco,4,From Throw In,788,Morocco,,5234.0,Sofyan Amrabat,10.0,Center Defensive Midfield,,,,,,,120.0,33.5,40.0,Right Foot,87.0,Open Play,92.5,36.0,,,,98.0,Off T,,,,,,,0.020691318,,93.0,Normal,,,,,,0.2,,,,,,,,,,,,,,,,,0,,,,,,,,,,,,,,
fab43625-d55e-46b5-b7d6-5fcf6079868f,2685,2,00:25:57.420000,70,57,113,0.603871,3869552,16,Shot,771,France,3,From Free Kick,771,France,,2972.0,Marcus Thuram,21.0,Left Wing,,,,,,,120.0,46.9,37.0,Head,87.0,Open Play,114.5,45.5,1.0,,,98.0,Off T,True,,,,,,0.115658596,91d7cab0-f655-45e3-b485-68837450b4a3,93.0,Normal,,,,,,1.8,,,,,,,,,,,,,,,,,0,,,,,,,,,,,,,,
49890194-c2bc-4ebc-8448-540dcc8c7427,2818,2,00:28:31.617000,73,31,119,0.31026,3869552,16,Shot,771,France,1,Regular Play,771,France,,11990.0,Youssouf Fofana,15.0,Left Center Midfield,,,,,,,120.0,35.0,38.0,Left Foot,87.0,Open Play,111.6,27.3,,,,98.0,Off T,,,,,,,0.040043775,5433ddc3-ea1f-4be9-95f6-d28b8130aed2,93.0,Normal,,,,,,2.1,,,,,,,,,,,,,,,,,0,,,,,,,,,,,,,,
7abc91eb-f3a4-42e0-b49f-70afcab2871c,3039,2,00:33:48.386000,78,48,126,0.07908,3869552,16,Shot,771,France,7,From Goal Kick,771,France,,3009.0,Kylian Mbappé Lottin,23.0,Center Forward,,,,,,,107.9,30.3,40.0,Right Foot,87.0,Open Play,107.2,29.8,1.0,,,96.0,Blocked,,,,,,,0.033641826,cc45286c-8134-4f2a-acb2-bac78681035d,93.0,Normal,,,,,,,,,,,,,,,,,,,,,,,0,,,,,,,,,,,,,,
0502086f-c98a-47b2-83c0-dfb26991cbb4,3043,2,00:33:49.922000,78,49,126,0.327022,3869552,16,Shot,771,France,7,From Goal Kick,771,France,,22097.0,Randal Kolo Muani,17.0,Right Wing,,,,,,,120.0,42.5,40.0,Right Foot,87.0,Open Play,115.6,43.8,,,,97.0,Goal,,,,,,,0.8521293,,93.0,Normal,True,,,,,0.4,,,,,,,,,,,,,,,,True,1,,,,,,,,,,,,,,
9f07925f-2297-4a73-87b4-4f90f4c588fa,3199,2,00:40:38.495000,85,38,133,0.667115,3869552,16,Shot,788,Morocco,4,From Throw In,788,Morocco,,21736.0,Zakaria Aboukhlal,24.0,Left Center Forward,,,,,,,111.2,47.5,37.0,Head,87.0,Open Play,107.1,41.0,1.0,,,101.0,Wayward,True,,,,,,0.024939176,d2b83afb-0859-4149-8c46-c05cfb88ee06,93.0,Normal,,,,,,,,,,,,,,,,,,,,,,,0,,,,,,,,,,,,,,
13ef0ed6-37e7-4075-8e53-7d3d9df97a65,3451,2,00:47:42.125000,92,42,146,0.119454,3869552,16,Shot,788,Morocco,4,From Throw In,788,Morocco,,149714.0,Abdessamad Ezzalzouli,16.0,Left Midfield,,,,,,,107.8,33.5,40.0,Right Foot,87.0,Open Play,106.9,32.9,,,,96.0,Blocked,,,,,,,0.05950738,,93.0,Normal,,,,,,,,,,,,,,,,,,,,,,,0,,,,,,,,,,,,,,
a2444b31-3332-4440-9302-e5a00e0dc734,3458,2,00:47:46.943000,92,46,146,0.076444,3869552,16,Shot,788,Morocco,4,From Throw In,788,Morocco,,46258.0,Azzedine Ounahi,11.0,Left Defensive Midfield,,,,,,,104.0,47.9,40.0,Right Foot,87.0,Open Play,103.0,48.2,,,,96.0,Blocked,,,,,,,0.06379096,,93.0,Normal,,,,,,,,,,,,,,,,,,,,,,,0,,,,,,,,,,,,,,
90a79133-0c36-4de1-9633-4720d9c723f3,3468,2,00:48:07.372000,93,7,147,0.324009,3869552,16,Shot,788,Morocco,2,From Corner,788,Morocco,,46258.0,Azzedine Ounahi,11.0,Left Defensive Midfield,,,,,,,103.8,45.4,38.0,Left Foot,87.0,Open Play,98.1,48.0,,,,96.0,Blocked,,,,,,,0.03807111,,93.0,Normal,,,,,,,,,,,,,,,,,,,,,,,0,,,,,,,,,,,,,,
8a956831-bebc-48e3-b7fc-31f0b0fe2f95,3489,2,00:48:35.383000,93,35,147,0.126017,3869552,16,Shot,788,Morocco,2,From Corner,788,Morocco,,46258.0,Azzedine Ounahi,11.0,Left Defensive Midfield,,,,,,,110.7,44.0,40.0,Right Foot,87.0,Open Play,108.6,44.6,,,,96.0,Blocked,,,,,,,0.067406826,1ffde4a3-7d9d-4099-9080-4cc9e6ee2536,91.0,Half Volley,,,,,,,,,,,,,,,,,,,,,,,0,,,,,,,,,,,,,,
a7a84a01-7131-47ca-89fa-aa853dc9ce89,3494,2,00:48:35.963000,93,35,147,0.238285,3869552,16,Shot,788,Morocco,2,From Corner,788,Morocco,,59493.0,Abderrazak Hamdallah,22.0,Right Center Forward,,,,,,,118.7,38.6,70.0,Other,87.0,Open Play,115.9,37.4,,,,96.0,Blocked,,,,,,,0.50624365,,93.0,Normal,,,,,,,,,,,,,,,,,,,,,,,0,,,,,,,,,,,,,,
91d32b30-deb2-4808-b61a-9e5b3cf011e0,200,1,00:04:06.153000,4,6,9,1.13506,3869420,16,Shot,781,Brazil,3,From Free Kick,781,Brazil,,18395.0,Vinícius José Paixão de Oliveira Júnior,16.0,Left Midfield,,,,,,,117.3,39.4,40.0,Right Foot,87.0,Open Play,98.8,20.8,,,,100.0,Saved,,,,,,,0.008460451,,93.0,Normal,,,,,,1.3,,,,,,,,,,,,,,,,,0,,,,,,,,,,,,,,
ed5123ad-72ae-4ad6-856b-8dcb64c0d111,549,1,00:12:04.124000,12,4,27,1.908931,3869420,16,Shot,785,Croatia,4,From Throw In,785,Croatia,,5474.0,Ivan Perišić,21.0,Left Wing,,,,,,,120.0,26.5,40.0,Right Foot,87.0,Open Play,112.2,43.2,,,,98.0,Off T,,,,,,,0.19016835,9a418ad2-210c-465c-ab7a-30e202008721,91.0,Half Volley,True,,,,,0.2,,,,,,,,,,,,,,,,,0,,,,,,,,,,,,,,
55011084-7b91-4c32-82e1-5fc3c5b3bbf0,814,1,00:18:26.527000,18,26,38,0.110666,3869420,16,Shot,785,Croatia,1,Regular Play,785,Croatia,,5460.0,Andrej Kramarić,23.0,Center Forward,,,,,,,101.8,28.7,40.0,Right Foot,87.0,Open Play,99.5,27.0,,,,96.0,Blocked,,,,,,,0.026674595,65287b10-e712-4533-ba77-039ce95d4148,93.0,Normal,,,,,,,,,,,,,,,,,,,,,,,0,,,,,,,,,,,,,,
cf483844-b37b-4523-a73a-2524f994aabd,892,1,00:19:51.598000,19,51,39,0.336501,3869420,16,Shot,781,Brazil,1,Regular Play,781,Brazil,,18395.0,Vinícius José Paixão de Oliveira Júnior,16.0,Left Midfield,,,,,,,108.2,36.9,40.0,Right Foot,87.0,Open Play,103.0,34.8,,,,96.0,Blocked,,,,,,,0.06970771,cd9c553d-9aa3-48a9-8daa-d27f7d253f25,93.0,Normal,True,,,,,,,,,,,,,,,,,,,,,,0,,,,,,,,,,,,,,
c8c7ae41-22c0-4874-8528-8881dd62272d,901,1,00:20:04.912000,20,4,40,0.670032,3869420,16,Shot,781,Brazil,1,Regular Play,781,Brazil,,4320.0,Neymar da Silva Santos Junior,19.0,Center Attacking Midfield,,,,,,,116.6,35.9,40.0,Right Foot,87.0,Open Play,107.2,24.9,,,,100.0,Saved,,,,,,,0.025347186,caad1cb4-068e-43b4-b5db-33f3650f5a44,93.0,Normal,,,,,,0.5,,,,,,,,,,,,,,,,,0,,,,,,,,,,,,,,
cc0a9f11-c3bd-4c0a-9228-6f2969228b9b,1015,1,00:22:37.777000,22,37,47,0.297653,3869420,16,Shot,781,Brazil,1,Regular Play,781,Brazil,,5539.0,Carlos Henrique Casimiro,11.0,Left Defensive Midfield,,,,,,,99.7,48.6,40.0,Right Foot,87.0,Open Play,96.4,49.8,,,,96.0,Blocked,,,,,,,0.030699778,84e3a693-9012-4a47-90fd-eb80d789e0f6,93.0,Normal,True,,,,,,,,,,,,,,,,,,,,,,0,,,,,,,,,,,,,,
a2ed5d94-16b5-4f43-b74f-00e91c2c87b6,1238,1,00:29:27.511000,29,27,58,1.456308,3869420,16,Shot,785,Croatia,1,Regular Play,785,Croatia,,5474.0,Ivan Perišić,21.0,Left Wing,,,,,,,120.0,49.8,40.0,Right Foot,87.0,Open Play,100.8,20.7,,,,98.0,Off T,,,,,,,0.012010745,297d4fe0-5270-4ff7-a3f2-a5e9463481f3,93.0,Normal,,,,,,6.6,,,,,,,,,,,,,,,,,0,,,,,,,,,,,,,,
8a499618-5f13-46f2-b31a-2844c2731c1b,1811,1,00:41:33.829000,41,33,75,0.376268,3869420,16,Shot,781,Brazil,3,From Free Kick,781,Brazil,,4320.0,Neymar da Silva Santos Junior,19.0,Center Attacking Midfield,,,,,,,118.7,36.9,40.0,Right Foot,62.0,Free Kick,100.9,17.2,,,,100.0,Saved,,,,,,,0.008240742,,93.0,Normal,,,,,,1.0,,,,,,,,,,,,,,,,,0,True,,,,,,,,,,,,,
aaad1164-4276-46de-9312-bb3a537ba954,2114,2,00:05:03.790000,50,3,103,2.118574,3869420,16,Shot,785,Croatia,2,From Corner,785,Croatia,,5474.0,Ivan Perišić,21.0,Left Wing,,,,,,,118.5,29.4,37.0,Head,87.0,Open Play,111.9,41.4,1.0,,,101.0,Wayward,True,,,,,,0.11005159,bbb6f8bd-5429-49b6-89d6-0faaa5308336,93.0,Normal,,,,,,,,,,,,,,,,,,,,,,,0,,,,,,,,,,,,,,
b65e77c7-0984-4355-8249-7b3f4fd4ef90,2278,2,00:09:19.626000,54,19,111,0.278331,3869420,16,Shot,781,Brazil,7,From Goal Kick,781,Brazil,,4320.0,Neymar da Silva Santos Junior,19.0,Center Attacking Midfield,,,,,,,116.7,34.5,38.0,Left Foot,87.0,Open Play,112.6,29.0,,,,100.0,Saved,,,,,,,0.16692519,92a8e539-908e-4b6c-b08e-fce56e75d57f,93.0,Normal,True,,,,,0.2,,,,,,,,,,,,,,,,,0,,,,,,,,,,,,,,
d87edf8c-6487-45f5-b61b-01a8501ffbe3,2795,2,00:20:08.922000,65,8,124,0.318754,3869420,16,Shot,781,Brazil,3,From Free Kick,781,Brazil,,5539.0,Carlos Henrique Casimiro,11.0,Left Defensive Midfield,,,,,,,97.2,31.0,40.0,Right Foot,62.0,Free Kick,89.1,28.8,,,,96.0,Blocked,,,,,,,0.026057322,,93.0,Normal,,,,,,,,,,,,,,,,,,,,,,,0,,,,,,,,,,,,,,
c3bbb04a-8355-4957-b170-cb044732cba6,2814,2,00:20:31.830000,65,31,125,0.303696,3869420,16,Shot,781,Brazil,4,From Throw In,781,Brazil,,22600.0,Lucas Tolentino Coelho de Lima,9.0,Right Defensive Midfield,,,,,,,115.3,36.2,38.0,Left Foot,87.0,Open Play,111.6,34.5,,,,100.0,Saved,,,,,,,0.26807922,,91.0,Half Volley,True,,,,,1.8,,,,,,,,,,,,,,,,,0,,,,,,,,,,,,,,
c88153f6-df99-4728-9cd7-143f8f1767fe,2831,2,00:21:07.112000,66,7,126,0.089926,3869420,16,Shot,781,Brazil,2,From Corner,781,Brazil,,13620.0,Éder Gabriel Militão,2.0,Right Back,,,,,,,102.5,52.8,40.0,Right Foot,87.0,Open Play,101.4,53.7,,,,96.0,Blocked,,,,,,,0.04353941,c3d1a131-aa6e-4a21-9afd-2b51700bcbc1,93.0,Normal,,,,,,,,,,,,,,,,,,,,,,,0,,,,,,,,,,,,,,
7714adc2-7d48-488c-a24e-3c3d42000383,3079,2,00:25:58.150000,70,58,132,0.046232,3869420,16,Shot,785,Croatia,3,From Free Kick,785,Croatia,,5460.0,Andrej Kramarić,23.0,Center Forward,,,,,,,102.4,56.2,38.0,Left Foot,87.0,Open Play,101.2,57.3,,,,96.0,Blocked,,,,,,,0.030721588,ebd457a8-678d-48a4-8432-9cf49aa56de1,93.0,Normal,,,,,,,,,,,,,,,,,,,,,,,0,,,,,,,,,,,,,,
954528be-3534-4e74-a39a-2bb679489f01,3247,2,00:30:47.751000,75,47,141,0.147237,3869420,16,Shot,781,Brazil,1,Regular Play,781,Brazil,,4320.0,Neymar da Silva Santos Junior,19.0,Center Attacking Midfield,,,,,,,115.6,31.2,38.0,Left Foot,87.0,Open Play,114.1,28.2,,,,100.0,Saved,,,,,,,0.12963046,624e6e4a-7d1a-40b5-a5dd-09d7b1c5c377,93.0,Normal,True,,,,,0.2,,,,,,,,,,,,,,,,,0,,,,,,,,,,,,,,
b53fd07e-2317-4726-809e-3624bfdb518c,3401,2,00:34:47.090000,79,47,150,0.568835,3869420,16,Shot,781,Brazil,4,From Throw In,781,Brazil,,22600.0,Lucas Tolentino Coelho de Lima,9.0,Right Defensive Midfield,,,,,,,117.3,37.2,38.0,Left Foot,87.0,Open Play,104.6,32.8,,,,100.0,Saved,,,,,,,0.092192985,9cfc6b1d-050e-4d8c-8ef6-e11682146438,93.0,Normal,True,,,,,0.3,,,,,,,,,,,,,,,,,0,,,,,,,,,,,,,,
0bb6e24e-6f18-49af-ac19-ff2d55ac0fc7,3494,2,00:36:53.443000,81,53,162,0.859157,3869420,16,Shot,781,Brazil,1,Regular Play,781,Brazil,,3280.0,Richarlison de Andrade,23.0,Center Forward,,,,,,,120.0,40.1,37.0,Head,87.0,Open Play,109.4,41.0,1.0,,,98.0,Off T,True,,,,,,0.067200735,8771bcde-5b69-4d06-9c5e-ca3a1710bbb9,93.0,Normal,,,,,,4.9,,,,,,,,,,,,,,,,,0,,,,,,,,,,,,,,
c1af8308-ebe0-4d70-8f7a-16874cf0268f,3555,2,00:39:20.004000,84,20,165,0.049187,3869420,16,Shot,785,Croatia,4,From Throw In,785,Croatia,,3441.0,Nikola Vlašić,17.0,Right Wing,,,,,,,108.5,52.6,40.0,Right Foot,87.0,Open Play,107.0,54.2,,,,96.0,Blocked,,,,,,,0.026884926,ba61e734-a77c-4585-afc0-451a3740b2bd,93.0,Normal,,,,,,,,,,,,,,,,,,,,,,,0,,,,,,,,,,,,,,
e0c9f75d-bd01-45b2-bbe4-00c26aeafa20,3619,2,00:40:22.993000,85,22,168,0.068123,3869420,16,Shot,781,Brazil,1,Regular Play,781,Brazil,,13620.0,Éder Gabriel Militão,2.0,Right Back,,,,,,,103.6,49.7,40.0,Right Foot,87.0,Open Play,102.5,50.1,,,,96.0,Blocked,,,,,,,0.04975106,50b2fc87-9038-443e-8dde-27f2e9012b3d,93.0,Normal,True,,,,,,,,,,,,,,,,,,,,,,0,,,,,,,,,,,,,,
b43d9cd5-f92f-448e-9fc1-967b658adfda,3625,2,00:40:24.542000,85,24,168,0.045914,3869420,16,Shot,781,Brazil,1,Regular Play,781,Brazil,,13620.0,Éder Gabriel Militão,2.0,Right Back,,,,,,,105.5,46.2,38.0,Left Foot,87.0,Open Play,104.7,46.8,,,,96.0,Blocked,,,,,,,0.06132018,,91.0,Half Volley,True,,,,,,,,,,,,,,,,,,,,,,0,,,,,,,,,,,,,,
112b45ad-b869-4eb6-a4b8-a6c45cd44514,3961,2,00:48:36.149000,93,36,183,1.24373,3869420,16,Shot,781,Brazil,3,From Free Kick,781,Brazil,,25363.0,Antony Matheus dos Santos,12.0,Right Midfield,,,,,,,118.1,43.6,38.0,Left Foot,87.0,Open Play,94.6,56.8,,,,100.0,Saved,,,,,,,0.013999131,0afc5d44-b2af-47f9-9fb7-2ee1ffd9408e,93.0,Normal,,,,,,0.5,,,,,,,,,,,,,,,,,0,,,,,,,,,,,,,,
b85a7aad-d825-414a-bc3b-836ff6fbff82,4009,3,00:01:16.674000,91,16,185,0.831967,3869420,16,Shot,781,Brazil,2,From Corner,781,Brazil,,25305.0,Pedro Guilherme Abreu dos Santos,23.0,Center Forward,,,,,,,113.0,12.6,37.0,Head,87.0,Open Play,112.9,49.4,,,,101.0,Wayward,,,,,,,0.057022728,1c6bd271-ff36-4adf-af32-8705891ac2ac,93.0,Normal,,,,,,,,,,,,,,,,,,,,,,,0,,,,,,,,,,,,,,
a94997f3-a132-441d-89ec-527bca207787,4368,3,00:10:41.691000,100,41,202,1.786865,3869420,16,Shot,781,Brazil,3,From Free Kick,781,Brazil,,25305.0,Pedro Guilherme Abreu dos Santos,23.0,Center Forward,,,,,,,117.5,39.1,40.0,Right Foot,87.0,Open Play,107.2,38.8,,,,100.0,Saved,,,,,,,0.113875866,56af05a9-b3e7-4c64-946e-cd5a287aca75,95.0,Volley,True,,,,,0.9,,,,,,,,,,,,,,,,,0,,,,,,,,,,,,,,
2000e5bd-3c2d-43cf-a845-1761b52b4e82,4461,3,00:12:19.045000,102,19,222,0.811005,3869420,16,Shot,785,Croatia,1,Regular Play,785,Croatia,,5469.0,Marcelo Brozović,10.0,Center Defensive Midfield,,,,,,,120.0,42.5,40.0,Right Foot,87.0,Open Play,103.7,46.4,,,,98.0,Off T,,,,,,,0.12467693,bdea94be-d575-45a0-9f1a-2a69f2092603,93.0,Normal,True,,,,,6.4,,,,,,,,,,,,,,,,,0,,,,,,,,,,,,,,
2c539757-15dd-44cc-a405-90f69b10bb5a,4520,3,00:14:08.384000,104,8,226,1.044005,3869420,16,Shot,781,Brazil,4,From Throw In,781,Brazil,,3063.0,Danilo Luiz da Silva,6.0,Left Back,,,,,,,120.0,47.6,40.0,Right Foot,87.0,Open Play,96.9,22.6,,,,98.0,Off T,,,,,,,0.0154907415,a74d32bd-334e-4afb-8f19-9712d2ee9dd8,93.0,Normal,,,,,,7.0,,,,,,,,,,,,,,,,,0,,,,,,,,,,,,,,
657ac0ef-2a18-4f8b-8515-604fc2b75326,4587,3,00:15:35.309000,105,35,229,0.296773,3869420,16,Shot,781,Brazil,4,From Throw In,781,Brazil,,4320.0,Neymar da Silva Santos Junior,19.0,Center Attacking Midfield,,,,,,,120.0,41.4,40.0,Right Foot,87.0,Open Play,116.5,47.2,,,,97.0,Goal,,,,,,,0.4674385,f48b4fe9-97c6-4e96-b9d0-5ca3e42cee96,93.0,Normal,,,,,,2.3,,,,,,,,,,,,,,,,,1,,,,,,,,,,,,,,
52e701c5-1af2-4efb-a1ef-9c46652472d7,5008,4,00:11:02.591000,116,2,246,0.117114,3869420,16,Shot,785,Croatia,1,Regular Play,785,Croatia,,7693.0,Bruno Petković,22.0,Right Center Forward,,,,,,,120.0,37.2,38.0,Left Foot,87.0,Open Play,103.2,38.6,,,,97.0,Goal,,,,,,,0.09977819,0d32682f-0734-439c-ac74-d1fd74e995c4,93.0,Normal,True,,,,,0.5,,,,,,,,,,,,,,,,,1,True,,,,,,,,,,,,,
35169461-baba-4e96-9af0-7be390f73bc0,5091,4,00:14:45.918000,119,45,252,1.178765,3869420,16,Shot,785,Croatia,3,From Free Kick,785,Croatia,,28914.0,Lovro Majer,9.0,Right Defensive Midfield,,,,,,,120.0,31.5,38.0,Left Foot,87.0,Open Play,91.5,55.0,,,,98.0,Off T,,,,,,,0.01192189,94c39911-2382-4d0f-b6e1-bff65a6a79f1,93.0,Normal,,,,,,0.9,,,,,,,,,,,,,,,,,0,,,,,,,,,,,,,,
3dd7d256-6e97-47b6-a7bf-ce13448396cf,5115,4,00:16:19.749000,121,19,256,0.354655,3869420,16,Shot,781,Brazil,3,From Free Kick,781,Brazil,,5539.0,Carlos Henrique Casimiro,11.0,Left Defensive Midfield,,,,,,,118.0,37.5,38.0,Left Foot,87.0,Open Play,114.0,31.0,,,,100.0,Saved,,,,,,,0.10135116,6d7b2d78-9a45-4744-bf0e-8940a0bd691b,91.0,Half Volley,True,,,,,0.9,,,,,,,,,,,,,,,,,0,,,,,,,,,,,,,,
c18b1cdc-ca6e-484b-9ad3-ae2bc7cc6dff,456,1,00:11:04.617000,11,4,18,1.065041,3869220,16,Shot,788,Morocco,3,From Free Kick,788,Morocco,,5245.0,Achraf Hakimi Mouh,2.0,Right Back,,,,,,,120.0,36.8,40.0,Right Foot,62.0,Free Kick,93.4,27.5,,,,98.0,Off T,,,,,,,0.041958537,,93.0,Normal,,,,,,3.5,,,,,,,,,,,,,,,,,0,,,,,,,,,,,,,,
b7fc04f3-2906-42ab-926a-b63ea28d71cf,1039,1,00:25:57.115000,25,57,48,0.587625,3869220,16,Shot,772,Spain,1,Regular Play,772,Spain,,5719.0,Marco Asensio Willemsen,23.0,Center Forward,,,,,,,120.0,35.8,38.0,Left Foot,87.0,Open Play,115.0,25.0,,,,98.0,Off T,,,,,,,0.025564773,0e66151d-885d-461e-98fb-e06873d7c2d4,91.0,Half Volley,,,,,,1.8,,,,,,,,,True,,,,,,,,0,,,,,,,,,,,,,,
9c4da7a8-5924-4b37-8764-59b14fbbf2db,1340,1,00:32:18.772000,32,18,58,0.883558,3869220,16,Shot,788,Morocco,4,From Throw In,788,Morocco,,15890.0,Noussair Mazraoui,6.0,Left Back,,,,,,,117.2,38.3,38.0,Left Foot,87.0,Open Play,89.4,37.7,,,,100.0,Saved,,,,,,,0.023416335,,93.0,Normal,,,,,,1.1,,,,,,,,,,,,,,,,,0,,,,,,,,,,,,,,
0c769fb4-29c5-40a3-9727-14c52f352640,1720,1,00:41:52.719000,41,52,77,0.840218,3869220,16,Shot,788,Morocco,3,From Free Kick,788,Morocco,,12149.0,Nayef Aguerd,3.0,Right Center Back,,,,,,,120.0,43.7,37.0,Head,87.0,Open Play,113.2,43.7,,,,98.0,Off T,,,,,,,0.25141555,c5d2a66f-bd1d-4221-b3ab-c89f6371843d,93.0,Normal,,,,,,4.0,,,,,,,,,,,,,,,,,0,,,,,,,,,,,,,,
a588c52c-2204-412b-8ca7-5f9a5d06b218,2204,2,00:09:00.568000,54,0,99,0.772602,3869220,16,Shot,772,Spain,3,From Free Kick,772,Spain,,16532.0,Daniel Olmo Carvajal,21.0,Left Wing,,,,,,,119.1,38.5,40.0,Right Foot,87.0,Open Play,110.2,12.6,,,,100.0,Saved,,,,,,,0.0073576192,d30d66ea-c0e4-42f6-a670-a5fc04716489,93.0,Normal,True,,,,,2.4,,,,,,,,,,,,,,,,,0,,,,,,,,,,,,,,
f33a5a8d-7585-4055-8d75-a6c8a4b5dfec,3163,2,00:32:37.792000,77,37,134,1.429243,3869220,16,Shot,772,Spain,1,Regular Play,772,Spain,,16532.0,Daniel Olmo Carvajal,21.0,Left Wing,,,,,,,120.0,50.0,40.0,Right Foot,87.0,Open Play,97.2,31.3,,,,98.0,Off T,,,,,,,0.031760626,,91.0,Half Volley,True,,,,,6.8,,,,,,,,,,,,,,,,,0,,,,,,,,,,,,,,
58d48914-c17f-454c-a663-8fb983b47949,3272,2,00:36:00.788000,81,0,139,1.081201,3869220,16,Shot,772,Spain,2,From Corner,772,Spain,,3477.0,Álvaro Borja Morata Martín,23.0,Center Forward,,,,,,,118.4,0.1,40.0,Right Foot,87.0,Open Play,118.8,50.9,,,,101.0,Wayward,,1.0,,,,,0.017266534,,93.0,Normal,True,,,,,,,,,,,,,,,,,,,,,,0,,,,,,,,,,,,,,
ed193a27-8e08-4224-8608-0818f2c4c558,3319,2,00:40:05.056000,85,5,141,1.344288,3869220,16,Shot,788,Morocco,3,From Free Kick,788,Morocco,,296254.0,Walid Cheddira,23.0,Center Forward,,,,,,,119.0,45.8,40.0,Right Foot,87.0,Open Play,110.6,40.8,,,,115.0,Saved Off Target,,,,,,,0.119254045,466648b2-027e-4493-b41c-fee1967ca08f,91.0,Half Volley,True,,,,,0.6,,,,,,,,,,,,,,,,,0,,,,,,,,,,,,,,
6907dd5a-f968-44ed-be9e-fa0dce83d74d,3448,2,00:45:20.421000,90,20,151,0.782789,3869220,16,Shot,772,Spain,3,From Free Kick,772,Spain,,3477.0,Álvaro Borja Morata Martín,23.0,Center Forward,,,,,,,120.0,37.7,37.0,Head,87.0,Open Play,115.3,51.1,,,,98.0,Off T,,,,,,,0.049165204,39761048-870e-4583-9225-3b4e9fb8844a,93.0,Normal,,,,,,6.4,,,,,,,,,True,,,,,,,,0,,,,,,,,,,,,,,
d07f9ed6-ff50-4f64-8a79-4702889c0d40,3539,2,00:50:00.023000,95,0,158,0.2998,3869220,16,Shot,772,Spain,2,From Corner,772,Spain,,4353.0,Aymeric Laporte,5.0,Left Center Back,,,,,,,108.5,38.7,37.0,Head,87.0,Open Play,107.7,38.8,,,,96.0,Blocked,,,,,,,0.04145577,87d8bdaa-c38d-4ce4-9aba-7980ee6169d3,93.0,Normal,,,,,,,,,,,,,,,,,,,,,,,0,,,,,,,,,,,,,,
966b275d-bde3-4aea-8b11-412b60a91021,3976,3,00:09:56.942000,99,56,178,0.136868,3869220,16,Shot,772,Spain,4,From Throw In,772,Spain,,39161.0,Alejandro Balde Martínez,6.0,Left Back,,,,,,,113.4,29.9,38.0,Left Foot,87.0,Open Play,112.5,28.9,,,,96.0,Blocked,,,,,,,0.077706024,,93.0,Normal,,,,,,,,,,,,,,,,,,,,,,,0,,,,,,,,,,,,,,
405b81d7-6eec-43ca-91b2-a06f2e2dd008,4064,3,00:12:51.688000,102,51,184,1.408059,3869220,16,Shot,772,Spain,1,Regular Play,772,Spain,,6765.0,Rodrigo Hernández Cascante,3.0,Right Center Back,,,,,,,120.0,37.2,40.0,Right Foot,87.0,Open Play,79.9,46.8,,,,98.0,Off T,,,,,,,0.0056476467,6cddae1b-955f-4fde-8de6-11422cc4a428,93.0,Normal,,,,,,6.6,,,,,,,,,,,,,,,,,0,,,,,,,,,,,,,,
6ece6c28-0fbd-48c5-9e57-5136be5695ec,4081,3,00:13:35.849000,103,35,185,0.310581,3869220,16,Shot,788,Morocco,7,From Goal Kick,788,Morocco,,296254.0,Walid Cheddira,23.0,Center Forward,,,,,,,116.3,42.3,38.0,Left Foot,87.0,Open Play,109.7,47.1,1.0,,,100.0,Saved,,,,,,,0.1301347,035ddec6-936d-4497-bce0-71979e074881,93.0,Normal,,,,,,0.2,,,,,,,,,,,,,,,,,0,,,,,,,,,,,,,,
487e6618-8287-4346-9221-ec6bd1666314,4146,3,00:16:09.986000,106,9,192,0.553394,3869220,16,Shot,772,Spain,2,From Corner,772,Spain,,6840.0,Marcos Llorente Moreno,2.0,Right Back,,,,,,,109.5,46.2,40.0,Right Foot,87.0,Open Play,100.3,53.3,,,,96.0,Blocked,,,,,,,0.024551911,,91.0,Half Volley,True,,,,,,,,,,,,,,,,,,,,,,0,,,,,,,,,,,,,,
e7a34ed0-521e-4440-9ee5-a8134e0f7dd0,4155,4,00:00:01.233000,105,1,193,2.808496,3869220,16,Shot,788,Morocco,9,From Kick Off,788,Morocco,,3634.0,Abdelhamid Sabiri,15.0,Left Center Midfield,,,,,,,120.0,51.1,40.0,Right Foot,87.0,Open Play,59.6,39.7,,,,98.0,Off T,,,,,,,0.004195439,f00fcca2-902f-4b1e-af2f-927bb66bc887,92.0,Lob,True,,,,,5.0,,,,,,,,,,,,,,,,,0,,,,,,,,,,,,,,
990bd967-1e5e-4380-baf7-13af7ddde792,4658,4,00:15:46.661000,120,46,222,0.159324,3869220,16,Shot,772,Spain,1,Regular Play,772,Spain,,5203.0,Sergio Busquets i Burgos,10.0,Center Defensive Midfield,,,,,,,103.9,46.8,38.0,Left Foot,87.0,Open Play,102.6,47.1,,,,96.0,Blocked,,,,,,,0.0709334,173c58ba-b545-4a70-9976-2120937575e1,93.0,Normal,,,,,,,,,,,,,,,,,,,,,,,0,,,,,,,,,,,,,,
b3de284b-d1cf-4fed-970c-400550d89daa,4696,4,00:16:22.443000,121,22,222,0.507458,3869220,16,Shot,772,Spain,1,Regular Play,772,Spain,,6583.0,Carlos Soler Barragán,13.0,Right Center Midfield,,,,,,,111.6,40.4,37.0,Head,87.0,Open Play,104.3,44.4,,,,96.0,Blocked,,,,,,,0.039505202,f2b4c9f2-5531-4d91-a1e8-fff94795e339,93.0,Normal,,,,,,,,,,,,,,,,,,,,,,,0,,,,,,,,,,,,,,
79542497-53b6-4d25-8a88-d0c18a6d453a,4729,4,00:17:22.944000,122,22,223,1.208292,3869220,16,Shot,772,Spain,2,From Corner,772,Spain,,6720.0,Pablo Sarabia García,17.0,Right Wing,,,,,,,120.0,36.1,40.0,Right Foot,87.0,Open Play,117.8,48.1,,,,99.0,Post,,1.0,,,,,0.10407615,9ec6e7d3-5f1f-49a8-970a-1d3951ae47cc,95.0,Volley,True,,,,,1.9,,,,,,,,,,,,,,,,,0,,,,,,,,,,,,,,
3e282518-80cc-4cba-a8bf-f978a3bdc68b,70,1,00:02:09.250000,2,9,5,0.518776,3869219,16,Shot,778,Japan,2,From Corner,778,Japan,,37215.0,Shogo Taniguchi,5.0,Left Center Back,,,,,,,120.0,34.3,37.0,Head,87.0,Open Play,112.6,38.8,1.0,,,98.0,Off T,True,,,,,,0.11361285,1dd779c7-d410-4e92-8aae-c096105d52d0,93.0,Normal,,,,,,0.8,,,,,,,,,,,,,,,,,0,,,,,,,,,,,,,,
d2902ca7-330f-40ca-bdcc-80ebce314510,280,1,00:07:31.226000,7,31,12,0.350387,3869219,16,Shot,785,Croatia,7,From Goal Kick,785,Croatia,,5474.0,Ivan Perišić,21.0,Left Wing,,,,,,,118.8,35.6,40.0,Right Foot,87.0,Open Play,116.7,29.0,,,,100.0,Saved,,,,,,,0.05943511,,93.0,Normal,,,,,,1.0,,,,,,,,,True,,,,,,,,0,,,,,,,,,,,,,,
05b85723-782e-406a-8111-015340f46439,285,1,00:07:34.461000,7,34,12,0.107762,3869219,16,Shot,785,Croatia,7,From Goal Kick,785,Croatia,,5460.0,Andrej Kramarić,17.0,Right Wing,,,,,,,115.2,38.4,38.0,Left Foot,87.0,Open Play,114.5,38.3,1.0,,,96.0,Blocked,,,,,,,0.17775308,,91.0,Half Volley,,,,,,,,,,,,,,,,,,,,,,,0,,,,,,,,,,,,,,
84a3ecd6-bec2-4e73-96a2-682de9882869,910,1,00:23:47.696000,23,47,35,2.125106,3869219,16,Shot,785,Croatia,3,From Free Kick,785,Croatia,,33018.0,Joško Gvardiol,5.0,Left Center Back,,,,,,,120.0,34.3,38.0,Left Foot,87.0,Open Play,101.1,43.6,,,,98.0,Off T,,,,,,,0.061746918,,93.0,Normal,True,,,,,6.9,,,,,,,,,,,,,,,,,0,,,,,,,,,,,,,,
edc46c5b-cc9d-4a0d-b880-d880335d6f27,1688,1,00:40:07.606000,40,7,55,1.92027,3869219,16,Shot,778,Japan,1,Regular Play,778,Japan,,9411.0,Daichi Kamada,21.0,Left Wing,,,,,,,117.3,80.0,40.0,Right Foot,87.0,Open Play,114.1,28.8,,,,101.0,Wayward,,1.0,,,,,0.08994952,23a44b8d-7879-455e-87b9-8115e2349e6a,93.0,Normal,,,,,,,,,,,,,,,,,,,,,,,0,,,,,,,,,,,,,,
a17c568a-4df5-4c2f-81e2-4cc89d924ae8,1751,1,00:42:54.954000,42,54,60,0.371272,3869219,16,Shot,778,Japan,2,From Corner,778,Japan,,30628.0,Daizen Maeda,23.0,Center Forward,,,,,,,120.0,41.3,38.0,Left Foot,87.0,Open Play,113.5,44.3,1.0,,,97.0,Goal,,,,,,,0.45874894,,91.0,Half Volley,True,,,,,0.8,,,,,,,,,,,,,,,,,1,,,,,,,,,,,,,,
97734f34-6e02-4e86-b03d-c9d858dd8c92,1914,2,00:00:27.301000,45,27,70,0.918894,3869219,16,Shot,778,Japan,6,From Counter,778,Japan,,9411.0,Daichi Kamada,21.0,Left Wing,,,,,,,120.0,42.6,40.0,Right Foot,87.0,Open Play,94.7,38.3,,,,98.0,Off T,,,,,,,0.03904812,fdc39649-26c4-4a09-9491-490cbc60610f,93.0,Normal,,,,,,4.6,,,,,,,,,,,,,,,,,0,,,,,,,,,,,,,,
f37a0c66-833e-4fe3-ac62-b3841656a294,2042,2,00:03:13.466000,48,13,75,1.802862,3869219,16,Shot,785,Croatia,4,From Throw In,785,Croatia,,5456.0,Mateo Kovačić,15.0,Left Center Midfield,,,,,,,120.0,34.3,40.0,Right Foot,87.0,Open Play,100.1,47.1,,,,98.0,Off T,,,,,,,0.02993381,,95.0,Volley,True,,,,,1.6,,,,,,,,,,,,,,,,,0,,,,,,,,,,,,,,
5552d4ee-1ebc-4ec4-9f36-6a0524b2cb44,2091,2,00:04:22.460000,49,22,78,0.925531,3869219,16,Shot,778,Japan,1,Regular Play,778,Japan,,37221.0,Hidemasa Morita,11.0,Left Defensive Midfield,,,,,,,109.0,35.4,40.0,Right Foot,87.0,Open Play,98.2,36.8,,,,101.0,Wayward,,,,,,,0.041140273,,91.0,Half Volley,True,,,,,,,,,,,,,,,,,,,,,,0,,,,,,,,,,,,,,
5ce4d362-ebd6-4ea8-8544-e47d5f5f2454,2322,2,00:09:54.754000,54,54,87,0.933172,3869219,16,Shot,785,Croatia,1,Regular Play,785,Croatia,,5474.0,Ivan Perišić,21.0,Left Wing,,,,,,,120.0,43.7,37.0,Head,87.0,Open Play,106.0,34.1,,,,97.0,Goal,,,,,,,0.02684295,ab92177f-bcd5-47fb-8571-6764e67f8d4c,93.0,Normal,,,,,,0.9,,,,,,,,,,,,,,,,,1,,,,,,,,,,,,,,
74935b33-b8d3-4ab4-919d-9a9ed80a3bcd,2378,2,00:11:56.507000,56,56,91,1.105845,3869219,16,Shot,778,Japan,4,From Throw In,778,Japan,,23721.0,Wataru Endo,9.0,Right Defensive Midfield,,,,,,,119.2,41.7,40.0,Right Foot,87.0,Open Play,94.4,52.9,,,,100.0,Saved,,,,,,,0.019910807,,93.0,Normal,,,,,,2.4,,,,,,,,,,,,,,,,,0,,,,,,,,,,,,,,
ddddef93-1105-425d-99f4-011605e72ad4,2486,2,00:14:48.197000,59,48,95,0.140391,3869219,16,Shot,778,Japan,1,Regular Play,778,Japan,,23721.0,Wataru Endo,9.0,Right Defensive Midfield,,,,,,,91.1,41.8,40.0,Right Foot,87.0,Open Play,90.0,41.9,1.0,,,96.0,Blocked,,,,,,,0.020528734,,93.0,Normal,,,,,,,,,,,,,,,,,,,,,,,0,,,,,,,,,,,,,,
cda7fa73-f09c-46df-8e56-f4b6baa17185,2490,2,00:14:49.656000,59,49,95,0.053262,3869219,16,Shot,778,Japan,1,Regular Play,778,Japan,,37221.0,Hidemasa Morita,11.0,Left Defensive Midfield,,,,,,,99.7,36.6,40.0,Right Foot,87.0,Open Play,97.8,36.3,,,,96.0,Blocked,,,,,,,0.052081473,,93.0,Normal,True,,,,,,,,,,,,,,,,,,,,,,0,,,,,,,,,,,,,,
bb569056-5824-4a84-9bf7-098df409c1fb,2499,2,00:14:52.563000,59,52,95,0.903409,3869219,16,Shot,778,Japan,1,Regular Play,778,Japan,,8361.0,Ritsu Doan,17.0,Right Wing,,,,,,,118.5,42.0,38.0,Left Foot,87.0,Open Play,100.4,43.7,,,,100.0,Saved,,,,,,,0.056113943,78d2c54f-9c8d-42de-abf7-30c590f8033e,93.0,Normal,,,,,,0.2,,,,,,,,,,,,,,,,,0,,,,,,,,,,,,,,
45501bff-d6b1-4cb6-a6b3-458e422a236a,2562,2,00:17:13.656000,62,13,101,0.760397,3869219,16,Shot,785,Croatia,1,Regular Play,785,Croatia,,5463.0,Luka Modrić,13.0,Right Center Midfield,,,,,,,118.0,38.1,40.0,Right Foot,87.0,Open Play,96.3,48.9,,,,100.0,Saved,,,,,,,0.031055314,d1865e8c-b40c-49fd-b8fd-d33ab007a560,91.0,Half Volley,,,,,,2.2,,,,,,,,,,,,,,,,,0,,,,,,,,,,,,,,
31749268-4467-46db-b470-7e9125d6d734,2640,2,00:20:32.622000,65,32,104,0.008103,3869219,16,Shot,785,Croatia,1,Regular Play,785,Croatia,,5474.0,Ivan Perišić,17.0,Right Wing,,,,,,,97.0,47.9,38.0,Left Foot,87.0,Open Play,95.5,48.2,,,,96.0,Blocked,,,,,,,0.018378427,f6d1c752-8cb6-484d-adba-b1a6b16e9c7f,93.0,Normal,,,,,,,,,,,,,,,,,,,,,,,0,,,,,,,,,,,,,,
c0055f4a-4e53-4244-a1b0-af09963873fd,2655,2,00:20:52.511000,65,52,104,0.187224,3869219,16,Shot,785,Croatia,1,Regular Play,785,Croatia,,5460.0,Andrej Kramarić,21.0,Left Wing,,,,,,,101.5,26.1,40.0,Right Foot,87.0,Open Play,98.9,23.8,,,,96.0,Blocked,,,,,,,0.018472007,50ba640f-16b8-43d2-82d6-1059559696d5,93.0,Normal,,,,,,,,,,,,,,,,,,,,,,,0,,,,,,,,,,,,,,
605589a6-a83f-4533-b88f-a8e775efa581,2659,2,00:20:53.694000,65,53,104,0.800946,3869219,16,Shot,785,Croatia,1,Regular Play,785,Croatia,,8654.0,Ante Budimir,23.0,Center Forward,,,,,,,120.0,45.1,37.0,Head,87.0,Open Play,109.5,45.1,,,,98.0,Off T,,,,,,,0.10111922,,93.0,Normal,,,,,,2.0,,,,,,,,,,,,,,,,,0,,,,,,,,,,,,,,
3e14ff6c-b675-4433-b70b-f1362675d101,2870,2,00:28:43.520000,73,43,120,2.284871,3869219,16,Shot,785,Croatia,3,From Free Kick,785,Croatia,,11603.0,Mario Pašalić,17.0,Right Wing,,,,,,,120.0,31.7,37.0,Head,87.0,Open Play,107.5,44.5,,,,98.0,Off T,,,,,,,0.035465226,5b1c9bec-c15a-47fa-a387-b2f8f147725f,93.0,Normal,,,,,,1.5,,,,,,,,,,,,,,,,,0,,,,,,,,,,,,,,
a99de16f-d5a2-4386-82e7-51dca208bd8c,2939,2,00:31:37.391000,76,37,127,0.070958,3869219,16,Shot,778,Japan,4,From Throw In,785,Croatia,,5474.0,Ivan Perišić,21.0,Left Wing,,,,,,,99.9,30.9,38.0,Left Foot,87.0,Open Play,98.1,30.4,,,,96.0,Blocked,,,,,,,0.030077945,,93.0,Normal,,,,,,,,,,,,,,,,,,,,,,,0,,,,,,,,,,,,,,
78a794a1-c48c-4699-904a-5ca28cb9cc15,3181,2,00:40:42.164000,85,42,143,0.840973,3869219,16,Shot,785,Croatia,4,From Throw In,785,Croatia,,11603.0,Mario Pašalić,17.0,Right Wing,,,,,,,120.0,49.5,37.0,Head,87.0,Open Play,110.5,42.8,1.0,,,98.0,Off T,True,,,,,,0.052599985,7171a092-0b5e-4e3c-874c-a457f2f37ddf,93.0,Normal,,,,,,0.5,,,,,,,,,,,,,,,,,0,,,,,,,,,,,,,,
0ac4b920-e24a-478f-902c-d3793cf26db0,3490,3,00:01:35.883000,91,35,160,0.502298,3869219,16,Shot,778,Japan,2,From Corner,778,Japan,,37215.0,Shogo Taniguchi,5.0,Left Center Back,,,,,,,120.0,46.7,37.0,Head,87.0,Open Play,114.6,49.3,,,,98.0,Off T,,,,,,,0.0608747,08c594ef-d0b2-454a-b54b-b8e63519673f,93.0,Normal,,,,,,2.1,,,,,,,,,,,,,,,,,0,,,,,,,,,,,,,,
23c0f102-912d-4b11-93b7-08f61a961924,3713,3,00:10:24.472000,100,24,174,0.071278,3869219,16,Shot,785,Croatia,4,From Throw In,785,Croatia,,5474.0,Ivan Perišić,21.0,Left Wing,,,,,,,108.3,34.3,40.0,Right Foot,87.0,Open Play,107.2,34.1,,,,96.0,Blocked,,,,,,,0.07439702,,91.0,Half Volley,True,,,,,,,,,,,,,,,,,,,,,,0,,,,,,,,,,,,,,
9373957f-01f1-44d3-a2af-6a412ae43caf,3717,3,00:10:26.850000,100,26,174,0.080399,3869219,16,Shot,785,Croatia,4,From Throw In,785,Croatia,,11127.0,Borna Barišić,6.0,Left Back,,,,,,,97.3,31.9,38.0,Left Foot,87.0,Open Play,95.1,31.3,,,,96.0,Blocked,,,,,,,0.015196718,,95.0,Volley,True,,,,,,,,,,,,,,,,,,,,,,0,,,,,,,,,,,,,,
e1912d47-5dce-4b37-8d31-b6e9482be999,3841,3,00:14:05.183000,104,5,180,0.566494,3869219,16,Shot,778,Japan,4,From Throw In,778,Japan,,37211.0,Kaoru Mitoma,8.0,Left Wing Back,,,,,,,117.9,38.9,40.0,Right Foot,87.0,Open Play,99.8,34.6,,,,100.0,Saved,,,,,,,0.054134306,381fad4d-3559-4ef7-914d-8e709a6e431b,93.0,Normal,,,,,,2.4,,,,,,,,,,,,,,,,,0,,,,,,,,,,,,,,
142a9ff0-352e-46d8-9bef-e8c1372b8f37,3845,3,00:14:09.554000,104,9,180,0.273551,3869219,16,Shot,778,Japan,4,From Throw In,778,Japan,,23721.0,Wataru Endo,9.0,Right Defensive Midfield,,,,,,,101.9,36.9,40.0,Right Foot,87.0,Open Play,95.7,37.1,,,,96.0,Blocked,,,,,,,0.02615668,,95.0,Volley,True,,,,,,,,,,,,,,,,,,,,,,0,,,,,,,,,,,,,,
f68691b4-7768-4512-9505-335fcb58785c,3854,3,00:14:20.232000,104,20,180,0.143158,3869219,16,Shot,778,Japan,4,From Throw In,778,Japan,,8776.0,Takumi Minamino,21.0,Left Wing,,,,,,,104.2,40.4,40.0,Right Foot,87.0,Open Play,102.6,40.3,,,,96.0,Blocked,,,,,,,0.03667642,69fa1ea9-3977-4fe2-97bd-6309a596fea4,95.0,Volley,True,,,,,,,,,,,,,,,,,,,,,,0,,,,,,,,,,,,,,
8aafb6ab-26fa-4ccb-87b7-a9c4e9aae35b,4273,4,00:08:42.689000,113,42,203,1.10783,3869219,16,Shot,785,Croatia,4,From Throw In,785,Croatia,,22041.0,Marko Livaja,23.0,Center Forward,,,,,,,118.9,40.3,37.0,Head,87.0,Open Play,112.8,47.7,1.0,,,100.0,Saved,True,,,,,,0.047236525,ff465cc0-b050-4fbe-9475-fb44c84f3535,93.0,Normal,,,,,,2.0,,,,,,,,,,,,,,,,,0,,,,,,,,,,,,,,
69de8840-7050-44c6-a13a-aac71b5f6cef,4524,4,00:15:10.305000,120,10,224,0.304398,3869219,16,Shot,785,Croatia,4,From Throw In,785,Croatia,,16527.0,Mislav Oršić,21.0,Left Wing,,,,,,,110.9,27.0,40.0,Right Foot,87.0,Open Play,106.8,19.7,,,,96.0,Blocked,,,,,,,0.009676031,1d71e439-71a0-4851-944f-7113a7799fd1,93.0,Normal,,,,,,,,,,,,,,,,,,,,,,,0,,,,,,,,,,,,,,
5e58555c-4442-4907-8029-0dbd3d58d2a3,4536,4,00:15:18.610000,120,18,224,0.84193,3869219,16,Shot,785,Croatia,4,From Throw In,785,Croatia,,28914.0,Lovro Majer,13.0,Right Center Midfield,,,,,,,120.0,34.3,40.0,Right Foot,87.0,Open Play,99.8,33.0,,,,98.0,Off T,,,,,,,0.06501122,de6259ad-f03d-47a8-8194-6df0187a3300,93.0,Normal,True,,,,,0.2,,,,,,,,,,,,,,,,,0,,,,,,,,,,,,,,
d1ec79ed-46cc-4c51-8fac-aeb33943dc28,313,1,00:06:39.028000,6,39,13,0.057669,3869253,16,Shot,781,Brazil,3,From Free Kick,781,Brazil,,4320.0,Neymar da Silva Santos Junior,19.0,Center Attacking Midfield,,,,,,,111.4,32.9,40.0,Right Foot,87.0,Open Play,111.3,44.4,,,,101.0,Wayward,,,,,,,0.083826184,6a11fa8a-726a-4837-8638-76b5fae7899f,93.0,Normal,True,,,,,,,,,,,,,,,,,,,,,,0,,,,,,,,,,,,,,
44854e05-f6c8-4c2a-a7ef-9dc2ae4c7f09,317,1,00:06:41.103000,6,41,13,0.949424,3869253,16,Shot,781,Brazil,3,From Free Kick,781,Brazil,,18395.0,Vinícius José Paixão de Oliveira Júnior,21.0,Left Wing,,,,,,,120.0,41.7,40.0,Right Foot,87.0,Open Play,110.0,29.9,,,,97.0,Goal,,,,,,,0.13057186,,93.0,Normal,,,,,,1.7,,,,,,,,,,,,,,,,,1,,,,,,,,,,,,,,
a19eb2c7-c412-4481-bf03-a3080127d8d1,558,1,00:16:15.440000,16,15,23,0.947069,3869253,16,Shot,791,South Korea,1,Regular Play,791,South Korea,,5620.0,Hee-Chan Hwang,16.0,Left Midfield,,,,,,,117.9,42.1,40.0,Right Foot,87.0,Open Play,90.4,28.0,,,,100.0,Saved,,,,,,,0.016991004,,93.0,Normal,,,,,,2.3,,,,,,,,,,,,,,,,,0,,,,,,,,,,,,,,
ad60d052-a0ce-4bfe-8290-d557e0cb3a11,566,1,00:16:40.878000,16,40,24,0.885841,3869253,16,Shot,791,South Korea,2,From Corner,791,South Korea,,23763.0,In-Beom Hwang,11.0,Left Defensive Midfield,,,,,,,120.0,42.9,38.0,Left Foot,87.0,Open Play,91.7,46.4,,,,98.0,Off T,,,,,,,0.026666574,353f0805-fce0-4d8f-8ebd-fe134cf03aa9,93.0,Normal,,,,,,4.9,,,,,,,,,,,,,,,,,0,,,,,,,,,,,,,,
7f42485f-775b-45fb-932e-39c8eb885b90,943,1,00:24:57.619000,24,57,34,1.288867,3869253,16,Shot,791,South Korea,2,From Corner,791,South Korea,,5620.0,Hee-Chan Hwang,16.0,Left Midfield,,,,,,,117.3,42.0,40.0,Right Foot,87.0,Open Play,82.7,33.0,,,,100.0,Saved,,,,,,,0.0058221314,f75a4947-fb07-4237-8131-99052318ee4d,93.0,Normal,,,,,,1.3,,,,,,,,,,,,,,,,,0,,,,,,,,,,,,,,
35028f1d-c785-47f4-88d5-a82cc91ceb62,1084,1,00:28:13.125000,28,13,46,0.542622,3869253,16,Shot,781,Brazil,2,From Corner,781,Brazil,,3280.0,Richarlison de Andrade,23.0,Center Forward,,,,,,,120.0,37.4,38.0,Left Foot,87.0,Open Play,110.7,43.3,,,,97.0,Goal,,,,,,,0.5379008,76155004-973a-44fd-a3f4-2f5783d8b188,93.0,Normal,,,,,,0.0,,,,,,,,,True,,,,,,,,1,,,,,,,,,,,,,,
bc4fd99a-0a91-4d45-b46d-10786f668f0a,1122,1,00:30:19.273000,30,19,48,1.027841,3869253,16,Shot,781,Brazil,1,Regular Play,781,Brazil,,10595.0,Raphael Dias Belloli,17.0,Right Wing,,,,,,,120.0,42.0,38.0,Left Foot,87.0,Open Play,94.7,30.7,,,,98.0,Off T,,,,,,,0.02589997,04539486-7e25-42bc-8bc4-330b545dddf0,93.0,Normal,,,,,,5.3,,,,,,,,,,,,,,,,,0,,,,,,,,,,,,,,
95582d85-7eed-4aeb-bbe6-2b1a429b6295,1176,1,00:31:37.811000,31,37,49,0.162455,3869253,16,Shot,791,South Korea,7,From Goal Kick,791,South Korea,,5620.0,Hee-Chan Hwang,16.0,Left Midfield,,,,,,,119.5,34.1,40.0,Right Foot,87.0,Open Play,119.3,30.8,,,,100.0,Saved,,,,,,,0.017834108,3b29b0d8-579e-44c4-9b81-87027579dd3d,93.0,Normal,,,,,,0.4,,,,,,,,,True,,,,,,,,0,,,,,,,,,,,,,,
d2740e3a-0982-4c1f-81ec-54f12ed1bcd4,1325,1,00:33:37.431000,33,37,51,1.317419,3869253,16,Shot,781,Brazil,4,From Throw In,781,Brazil,,5539.0,Carlos Henrique Casimiro,11.0,Left Defensive Midfield,,,,,,,120.0,31.5,40.0,Right Foot,87.0,Open Play,93.6,43.2,,,,98.0,Off T,,,,,,,0.029429397,36869d8e-5501-47ee-98ea-43d3659cbe60,93.0,Normal,True,,,,,1.1,,,,,,,,,,,,,,,,,0,,,,,,,,,,,,,,
75e1dbd2-f601-4261-992d-106488c7219b,1376,1,00:35:45.304000,35,45,55,0.609876,3869253,16,Shot,781,Brazil,4,From Throw In,781,Brazil,,22600.0,Lucas Tolentino Coelho de Lima,9.0,Right Defensive Midfield,,,,,,,120.0,37.3,40.0,Right Foot,87.0,Open Play,110.0,44.8,1.0,,,97.0,Goal,,,,,,,0.08633457,4159ef0f-fd3b-4beb-ab2a-13eb9853feb7,95.0,Volley,True,,,,,0.3,,,,,,,,,,,,,,,,,1,,,,,,,,,,,,,,
afbe9884-329f-4721-a822-ccba6d081310,1829,1,00:45:14.214000,45,14,70,0.26888,3869253,16,Shot,781,Brazil,1,Regular Play,781,Brazil,,22600.0,Lucas Tolentino Coelho de Lima,9.0,Right Defensive Midfield,,,,,,,117.1,44.2,38.0,Left Foot,87.0,Open Play,112.0,49.2,,,,100.0,Saved,,,,,,,0.2577265,85a21a34-953a-452d-a039-44296d73185b,93.0,Normal,True,,,,,0.5,,,,,,,,,,,,,,,,,0,,,,,,,,,,,,,,
08678f16-67ff-4ff5-905e-d9cc75db1d2d,1957,1,00:48:08.619000,48,8,77,0.211364,3869253,16,Shot,781,Brazil,6,From Counter,781,Brazil,,3280.0,Richarlison de Andrade,23.0,Center Forward,,,,,,,114.2,46.3,40.0,Right Foot,87.0,Open Play,110.3,51.6,,,,100.0,Saved,,,,,,,0.2681848,d2b51696-6e17-43ee-aeec-514aa65bf499,93.0,Normal,,,,,,0.2,,,,,,,,,,,,,,,,,0,,,,,,,,,,,,,,
b2459e0f-b8bd-4069-a41c-daf9dc5b3f8f,1962,1,00:48:09.377000,48,9,77,1.316712,3869253,16,Shot,781,Brazil,6,From Counter,781,Brazil,,4320.0,Neymar da Silva Santos Junior,19.0,Center Attacking Midfield,,,,,,,120.0,45.0,70.0,Other,87.0,Open Play,111.4,42.3,1.0,,,98.0,Off T,,,,,,,0.26870713,,93.0,Normal,,,,,,3.9,,,,,,,,,,,,,,,,,0,,,,,,,,,,,,,,
40ede36e-9124-4cb3-9065-f0a66eb450dd,2083,2,00:00:23.257000,45,23,81,0.108813,3869253,16,Shot,781,Brazil,9,From Kick Off,781,Brazil,,10595.0,Raphael Dias Belloli,17.0,Right Wing,,,,,,,116.5,41.4,38.0,Left Foot,87.0,Open Play,104.3,51.7,,,,100.0,Saved,,,,,,,0.04634087,,93.0,Normal,,,,,,0.1,,,,,,,,,,,,,,,,,0,True,,,,,,,,,,,,,
34f546bf-8be7-4a35-9e42-bfd908c2f766,2115,2,00:01:16.127000,46,16,91,0.254254,3869253,16,Shot,791,South Korea,1,Regular Play,791,South Korea,,3083.0,Heung-Min Son,16.0,Left Midfield,,,,,,,112.9,34.9,40.0,Right Foot,87.0,Open Play,105.3,27.9,,,,100.0,Saved,,,,,,,0.1490943,507768fe-5065-4ead-b168-13cbc4b1cff6,93.0,Normal,,,,,,1.4,,,,,,,,,,,,,,,,,0,,,,,,,,,,,,,,
087430be-d99a-4344-b82c-58aeae623cf1,2446,2,00:08:52.897000,53,52,102,0.562022,3869253,16,Shot,781,Brazil,4,From Throw In,781,Brazil,,10595.0,Raphael Dias Belloli,17.0,Right Wing,,,,,,,118.0,41.4,38.0,Left Foot,87.0,Open Play,110.4,50.6,,,,100.0,Saved,,,,,,,0.080992505,9fd7a42c-1c5b-4572-a5fd-e91e9c0fc0e7,93.0,Normal,,,,,,0.2,,,,,,,,,,,,,,,,,0,,,,,,,,,,,,,,
c1a1f95e-48fa-4cf7-af57-c2bbb640af4c,2454,2,00:08:59.366000,53,59,102,0.627623,3869253,16,Shot,781,Brazil,4,From Throw In,781,Brazil,,18395.0,Vinícius José Paixão de Oliveira Júnior,21.0,Left Wing,,,,,,,120.0,32.5,40.0,Right Foot,87.0,Open Play,110.4,26.8,1.0,,,98.0,Off T,,,,,,,0.05640157,61a498dc-0ce6-4cbf-b302-e18d2748015e,93.0,Normal,,,,,,0.1,,,,,,,,,,,,,,,,,0,,,,,,,,,,,,,,
2679ed63-ee3c-478e-b615-367b96b18164,2547,2,00:12:00.572000,57,0,107,0.284219,3869253,16,Shot,781,Brazil,3,From Free Kick,781,Brazil,,10595.0,Raphael Dias Belloli,17.0,Right Wing,,,,,,,100.8,34.8,38.0,Left Foot,62.0,Free Kick,91.0,34.0,,,,96.0,Blocked,,,,,,,0.04321825,,93.0,Normal,,,,,,,,,,,,,,,,,,,,,,,0,,,,,,,,,,,,,,
51025cec-c9df-439b-9017-d52381d11adc,2806,2,00:16:39.809000,61,39,115,0.30834,3869253,16,Shot,781,Brazil,1,Regular Play,781,Brazil,,10595.0,Raphael Dias Belloli,17.0,Right Wing,,,,,,,117.9,44.1,40.0,Right Foot,87.0,Open Play,114.6,51.1,,,,100.0,Saved,,,,,,,0.16284284,903d098a-8cf6-4623-a26f-fad5b4306c92,93.0,Normal,,,,,,0.8,,,,,,,,,True,,,,,,,,0,,,,,,,,,,,,,,
1e78d87e-7adf-4d14-8311-7ce4b0f783ed,3081,2,00:22:34.145000,67,34,126,0.409709,3869253,16,Shot,791,South Korea,1,Regular Play,791,South Korea,,5620.0,Hee-Chan Hwang,12.0,Right Midfield,,,,,,,116.4,42.1,40.0,Right Foot,87.0,Open Play,106.8,51.7,,,,100.0,Saved,,,,,,,0.04724954,,91.0,Half Volley,True,,,,,0.9,,,,,,,,,,,,,,,,,0,,,,,,,,,,,,,,
92e9b5f4-c7e1-4758-91bb-ee3ed2fd7c3c,3286,2,00:30:47.990000,75,47,136,1.066911,3869253,16,Shot,791,South Korea,3,From Free Kick,791,South Korea,,23264.0,Seung-Ho Paik,13.0,Right Center Midfield,,,,,,,120.0,43.4,38.0,Left Foot,87.0,Open Play,93.7,39.8,,,,97.0,Goal,,,,,,,0.023081098,,91.0,Half Volley,,,,,,1.6,,,,,,,,,,,,,,,,,1,,,,,,,,,,,,,,
1ea14c9e-dd01-4af6-868c-584633f0088c,3822,2,00:43:28.125000,88,28,153,0.345742,3869253,16,Shot,781,Brazil,3,From Free Kick,781,Brazil,,4324.0,Daniel Alves da Silva,2.0,Right Back,,,,,,,116.2,45.0,40.0,Right Foot,87.0,Open Play,111.1,53.1,,,,96.0,Blocked,,,,,,,0.027839905,37e77526-70b5-4111-af4c-3e8c5be1004f,94.0,Overhead Kick,True,,,,,,,,,,,,,,,,,,,,,,0,,,,,,,,,,,,,,
3b3d795f-7050-4264-8752-0722213c0713,3827,2,00:44:03.635000,89,3,154,0.424708,3869253,16,Shot,781,Brazil,2,From Corner,781,Brazil,,11493.0,Gleison Bremer Silva Nascimento,6.0,Left Back,,,,,,,116.7,40.3,37.0,Head,87.0,Open Play,116.1,41.0,,,,100.0,Saved,,,,,,,0.34439024,9902c40b-e9d7-4071-8985-e02d9bd7441b,93.0,Normal,,,,,,1.6,,,,,,,,,,,,,,,,,0,,,,,,,,,,,,,,
6e8aca58-362d-4573-b02c-809f8438cacb,3861,2,00:44:49.192000,89,49,155,0.386811,3869253,16,Shot,791,South Korea,7,From Goal Kick,791,South Korea,,5620.0,Hee-Chan Hwang,12.0,Right Midfield,,,,,,,120.0,45.9,40.0,Right Foot,87.0,Open Play,112.9,53.6,,,,98.0,Off T,,,,,,,0.058088522,fd836b8e-6632-4068-a26d-e094d1ffcfec,91.0,Half Volley,,,,,,4.8,,,,,,,,,True,,,,,,,,0,,,,,,,,,,,,,,
f592c88a-4f84-4c9e-9bfb-da5bef69f00c,3965,2,00:47:41.321000,92,41,161,1.551588,3869253,16,Shot,781,Brazil,4,From Throw In,781,Brazil,,4324.0,Daniel Alves da Silva,2.0,Right Back,,,,,,,120.0,32.4,40.0,Right Foot,87.0,Open Play,88.4,46.1,,,,98.0,Off T,,,,,,,0.027316706,,93.0,Normal,,,,,,0.3,,,,,,,,,,,,,,,,,0,,,,,,,,,,,,,,
31fad68d-426e-4288-89c0-71ba4c143506,79,1,00:03:12.377000,3,12,7,0.659361,3869152,16,Shot,771,France,2,From Corner,771,France,,5485.0,Raphaël Varane,3.0,Right Center Back,,,,,,,120.0,47.8,37.0,Head,87.0,Open Play,114.3,40.0,1.0,,,98.0,Off T,True,,,,,,0.1462742,2ef82187-dec2-4313-b016-7738811328c1,93.0,Normal,,,,,,5.9,,,,,,,,,,,,,,,,,0,,,,,,,,,,,,,,
7cd0dae7-40fb-46a6-95f2-a3969d1cc578,389,1,00:10:01.367000,10,1,21,0.149089,3869152,16,Shot,771,France,2,From Corner,771,France,,5477.0,Ousmane Dembélé,17.0,Right Wing,,,,,,,116.3,50.9,40.0,Right Foot,87.0,Open Play,116.0,51.8,,,,96.0,Blocked,,,,,,,0.040392082,f684b806-bcfd-474c-a534-23722ba15ecf,93.0,Normal,,,,,,,,,,,,,,,,,,,,,,,0,,,,,,,,,,,,,,
69bb74b1-68af-4b20-a197-0c46604b417b,476,1,00:12:05.732000,12,5,25,1.030905,3869152,16,Shot,771,France,3,From Free Kick,771,France,,10481.0,Aurélien Djani Tchouaméni,9.0,Right Defensive Midfield,,,,,,,117.7,37.0,40.0,Right Foot,87.0,Open Play,87.8,30.9,,,,100.0,Saved,,,,,,,0.017185243,928c0366-0268-423a-945e-04aa27920f24,93.0,Normal,,,,,,0.2,,,,,,,,,,,,,,,,,0,,,,,,,,,,,,,,
bffd8808-bde3-4471-b4ec-a2f2d980107b,659,1,00:16:05.120000,16,5,34,0.616004,3869152,16,Shot,789,Poland,3,From Free Kick,771,France,,5477.0,Ousmane Dembélé,17.0,Right Wing,,,,,,,114.6,41.5,38.0,Left Foot,87.0,Open Play,99.2,46.7,,,,100.0,Saved,,,,,,,0.07651916,,93.0,Normal,,,,,,0.2,,,,,,,,,,,,,,,,,0,,,,,,,,,,,,,,
189cd753-a975-4179-b545-89a4e9fc2e38,860,1,00:20:09.964000,20,9,45,1.096483,3869152,16,Shot,789,Poland,1,Regular Play,789,Poland,,5668.0,Robert Lewandowski,23.0,Center Forward,,,,,,,120.0,45.8,38.0,Left Foot,87.0,Open Play,92.5,43.3,,,,98.0,Off T,,,,,,,0.03323787,,93.0,Normal,,,,,,1.6,,,,,,,,,,,,,,,,,0,,,,,,,,,,,,,,
aaa15453-3b82-4a91-9257-54793d844cb1,890,1,00:21:22.594000,21,22,46,0.957083,3869152,16,Shot,771,France,7,From Goal Kick,771,France,,4445.0,Jules Koundé,2.0,Right Back,,,,,,,117.2,41.1,40.0,Right Foot,87.0,Open Play,94.5,56.1,,,,100.0,Saved,,,,,,,0.01624438,ea5b3eac-d7ae-476b-bd4e-b2f889961c93,93.0,Normal,,,,,,1.3,,,,,,,,,,,,,,,,,0,,,,,,,,,,,,,,
87b6c4e5-8879-49ac-bb0d-d732354d78e0,1022,1,00:24:04.012000,24,4,49,0.296943,3869152,16,Shot,789,Poland,1,Regular Play,789,Poland,,7979.0,Przemysław Frankowski,16.0,Left Midfield,,,,,,,111.8,28.0,40.0,Right Foot,87.0,Open Play,109.5,24.7,,,,96.0,Blocked,,,,,,,0.043646414,6f610cec-0e21-4303-95c6-b8c1fe2a92f3,93.0,Normal,True,,,,,,,,,,,,,,,,,,,,,,0,,,,,,,,,,,,,,
03ad5797-0787-4b37-9f9e-9c91d1d19bf0,1289,1,00:32:21.775000,32,21,59,0.371663,3869152,16,Shot,789,Poland,3,From Free Kick,789,Poland,,5668.0,Robert Lewandowski,23.0,Center Forward,,,,,,,103.6,31.1,40.0,Right Foot,62.0,Free Kick,94.8,26.6,,,,96.0,Blocked,,,,,,,0.042642463,,93.0,Normal,,,,,,,,,,,,,,,,,,,,,,,0,,,,,,,,,,,,,,
44377d04-8e4c-4a86-8fa7-02f89b98ad81,1374,1,00:33:57.625000,33,57,60,1.617822,3869152,16,Shot,789,Poland,1,Regular Play,789,Poland,,4734.0,Matty Cash,2.0,Right Back,,,,,,,120.0,6.9,40.0,Right Foot,87.0,Open Play,99.1,56.2,,,,101.0,Wayward,,1.0,,,,,0.023505978,26726168-d41c-419b-af79-43b47dffe180,93.0,Normal,True,,,,,,,,,,,,,,,,,,,,,,0,,,,,,,,,,,,,,
982df7d3-5406-4586-bedd-ce5132be5608,1411,1,00:34:52.723000,34,52,61,0.393759,3869152,16,Shot,771,France,7,From Goal Kick,771,France,,3009.0,Kylian Mbappé Lottin,21.0,Left Wing,,,,,,,118.8,35.5,38.0,Left Foot,87.0,Open Play,111.5,24.9,,,,100.0,Saved,,,,,,,0.047962468,a203d09f-6c4e-4172-a34c-85230b41f46b,93.0,Normal,,,,,,1.3,,,,,,,,,,,,,,,,,0,,,,,,,,,,,,,,
e042d4ce-1bdb-44d2-a0db-36924a2cec20,1418,1,00:35:31.517000,35,31,62,1.454294,3869152,16,Shot,771,France,2,From Corner,771,France,,3604.0,Olivier Giroud,23.0,Center Forward,,,,,,,117.8,45.2,38.0,Left Foot,87.0,Open Play,105.2,44.5,,,,101.0,Wayward,,,,,,,0.046657436,,91.0,Half Volley,True,,,,,,,,,,,,,,,,,,,,,,0,,,,,,,,,,,,,,
cd7ccad2-865a-456d-b56b-e0150001b529,1481,1,00:37:08.119000,37,8,65,0.391602,3869152,16,Shot,789,Poland,4,From Throw In,789,Poland,,5660.0,Piotr Zieliński,13.0,Right Center Midfield,,,,,,,117.2,41.4,40.0,Right Foot,87.0,Open Play,106.6,41.6,,,,100.0,Saved,,,,,,,0.13905574,,93.0,Normal,True,,,,,0.8,,,,,,,,,,,,,,,,,0,,,,,,,,,,,,,,
61add723-da40-461f-b9a1-d8d4878c2f61,1484,1,00:37:09.025000,37,9,65,0.332789,3869152,16,Shot,789,Poland,4,From Throw In,789,Poland,,5660.0,Piotr Zieliński,13.0,Right Center Midfield,,,,,,,115.5,42.7,38.0,Left Foot,87.0,Open Play,111.4,43.9,,,,96.0,Blocked,,,,,,,0.2098723,,91.0,Half Volley,True,,,,,,,,,,,,,,,,,,,,,,0,,,,,,,,,,,,,,
8d35767c-57ec-4a24-81c1-3f2a3f3dcc78,1488,1,00:37:10.372000,37,10,65,0.659105,3869152,16,Shot,789,Poland,4,From Throw In,789,Poland,,31955.0,Jakub Kamiński,12.0,Right Midfield,,,,,,,119.0,40.8,40.0,Right Foot,87.0,Open Play,114.1,50.5,,,,96.0,Blocked,,,,,,,0.07224382,,91.0,Half Volley,True,,,,,,,,,,,,,,,,,,,,,,0,,,,,,,,,,,,,,
3dfb5a79-95c5-4e66-88fb-ddf16a823d7b,1709,1,00:43:28.199000,43,28,73,0.973122,3869152,16,Shot,771,France,4,From Throw In,771,France,,3604.0,Olivier Giroud,23.0,Center Forward,,,,,,,120.0,43.2,38.0,Left Foot,87.0,Open Play,105.6,32.3,,,,97.0,Goal,,,,,,,0.28635955,44668f7c-f6b9-49f3-b9f6-5eec1be71118,93.0,Normal,,,,,,0.4,,,,,,,,,,,,,,,,,1,,,,,,,,,,,,,,
a3db0203-805f-47e3-a481-cc660770e431,1742,1,00:45:24.325000,45,24,76,0.290951,3869152,16,Shot,789,Poland,4,From Throw In,789,Poland,,31955.0,Jakub Kamiński,12.0,Right Midfield,,,,,,,110.0,50.6,40.0,Right Foot,87.0,Open Play,108.8,51.7,,,,96.0,Blocked,,,,,,,0.03898995,8cacbc02-e20b-4919-aa76-94df9810c45f,91.0,Half Volley,,,,,,,,,,,,,,,,,,,,,,,0,,,,,,,,,,,,,,
527eca36-6d4e-43e0-ba5a-ab3313ad6128,1876,2,00:02:38.966000,47,38,83,0.970974,3869152,16,Shot,771,France,3,From Free Kick,771,France,,5487.0,Antoine Griezmann,19.0,Center Attacking Midfield,,,,,,,118.9,42.5,38.0,Left Foot,62.0,Free Kick,106.9,63.2,,,,100.0,Saved,,,,,,,0.008752431,,93.0,Normal,,,,,,1.3,,,,,,,,,,,,,,,,,0,,,,,,,,,,,,,,
9caab947-e53e-460b-84d5-a5b7f974f3e7,1879,2,00:02:41.509000,47,41,83,0.312963,3869152,16,Shot,771,France,3,From Free Kick,771,France,,6704.0,Theo Bernard François Hernández,6.0,Left Back,,,,,,,120.0,60.5,40.0,Right Foot,87.0,Open Play,98.0,38.5,,,,98.0,Off T,,,,,,,0.032634486,,95.0,Volley,True,,,,,0.8,,,,,,,,,,,,,,,,,0,,,,,,,,,,,,,,
f814b114-cf7e-454e-8c60-8d301b5a49c9,2257,2,00:10:53.739000,55,53,99,0.153199,3869152,16,Shot,771,France,4,From Throw In,771,France,,3009.0,Kylian Mbappé Lottin,21.0,Left Wing,,,,,,,105.0,28.3,40.0,Right Foot,87.0,Open Play,102.0,26.7,,,,96.0,Blocked,,,,,,,0.02943752,18c71338-5706-48de-ac43-745e9c9ceb88,93.0,Normal,,,,,,,,,,,,,,,,,,,,,,,0,,,,,,,,,,,,,,
6501acc8-ffc7-4246-82e8-43e7a8cf7c47,2531,2,00:17:41.589000,62,41,103,0.312667,3869152,16,Shot,771,France,1,Regular Play,771,France,,3009.0,Kylian Mbappé Lottin,21.0,Left Wing,,,,,,,110.6,53.7,40.0,Right Foot,87.0,Open Play,110.2,26.3,,,,101.0,Wayward,,,,,,,0.054253228,a3d07b46-9cba-40c1-939e-9e2f9287cef3,93.0,Normal,True,,,,,,,,,,,,,,,,,,,,,,0,,,,,,,,,,,,,,
7591bf5f-3557-4f9a-b967-485aebef76d4,2635,2,00:20:08.849000,65,8,107,0.295187,3869152,16,Shot,771,France,1,Regular Play,771,France,,3604.0,Olivier Giroud,23.0,Center Forward,,,,,,,120.0,44.8,38.0,Left Foot,87.0,Open Play,115.8,46.8,1.0,,,98.0,Off T,,,,,,,0.12365263,bfc2a005-21d5-4079-ad26-81c5c693859b,95.0,Volley,True,,,,,0.8,,,,,,,,,,,,,,,,,0,,,,,,,,,,,,,,
510bb5aa-f782-4a22-be23-8274be45b104,2788,2,00:25:58.125000,70,58,115,0.959002,3869152,16,Shot,789,Poland,3,From Free Kick,789,Poland,,3034.0,Kamil Glik,3.0,Right Center Back,,,,,,,120.0,41.8,37.0,Head,87.0,Open Play,114.0,32.0,1.0,,,98.0,Off T,True,,,,,,0.041239407,f10d3369-18b9-41fa-aca8-06be034238a0,93.0,Normal,,,,,,4.9,,,,,,,,,,,,,,,,,0,,,,,,,,,,,,,,
c5b96634-9e00-4135-a499-bdfc1c58b06a,2920,2,00:28:56.875000,73,56,121,0.591756,3869152,16,Shot,771,France,1,Regular Play,771,France,,3009.0,Kylian Mbappé Lottin,21.0,Left Wing,,,,,,,120.0,37.3,40.0,Right Foot,87.0,Open Play,104.8,28.6,,,,97.0,Goal,,,,,,,0.08738103,48b23fc9-cdaf-4c1a-bcf7-37b517193ad8,93.0,Normal,,,,,,2.2,,,,,,,,,,,,,,,,,1,,,,,,,,,,,,,,
3b650254-e765-40a1-819e-9b67473829f3,3158,2,00:35:58.576000,80,58,126,0.57545,3869152,16,Shot,771,France,3,From Free Kick,771,France,,6704.0,Theo Bernard François Hernández,6.0,Left Back,,,,,,,120.0,44.9,40.0,Right Foot,87.0,Open Play,105.0,33.4,,,,98.0,Off T,,,,,,,0.069959894,,93.0,Normal,,,,,,4.9,,,,,,,,,,,,,,,,,0,,,,,,,,,,,,,,
2d38130f-3d62-4369-8a2b-ec7866353b92,3466,2,00:45:05.776000,90,5,143,0.964389,3869152,16,Shot,771,France,1,Regular Play,771,France,,3009.0,Kylian Mbappé Lottin,23.0,Center Forward,,,,,,,120.0,42.6,40.0,Right Foot,87.0,Open Play,106.2,25.2,,,,97.0,Goal,,,,,,,0.042708755,454aaf75-1c01-4ddf-9f35-47e352bdf76d,93.0,Normal,,,,,,2.2,,,,,,,,,,,,,,,,,1,,,,,,,,,,,,,,
5dc61ca6-7468-40cf-b756-0517d2693285,3486,2,00:46:50.358000,91,50,144,1.865187,3869152,16,Shot,789,Poland,9,From Kick Off,789,Poland,,5668.0,Robert Lewandowski,23.0,Center Forward,,,,,,,120.0,28.0,40.0,Right Foot,87.0,Open Play,105.6,48.7,1.0,,,101.0,Wayward,,1.0,,,,,0.061160102,,91.0,Half Volley,True,,,,,,,,,,,,,,,,,,,,,,0,,,,,,,,,,,,,,
bbc46428-10c1-4bec-8eef-51410db15dba,3568,2,00:48:41.211000,93,41,148,0.04,3869152,16,Shot,789,Poland,1,Regular Play,789,Poland,,5668.0,Robert Lewandowski,23.0,Center Forward,,,,,,,113.9,39.6,37.0,Head,87.0,Open Play,113.0,40.0,1.0,,,96.0,Blocked,True,,,,,,0.10443308,a931e520-f97d-44bc-8e26-64a637907195,93.0,Normal,,,,,,,,,,,,,,,,,,,,,,,0,,,,,,,,,,,,,,
7320c2cf-86b3-40f2-a3a7-ff0a4b95a712,114,1,00:02:10.915000,2,10,4,0.268996,3869117,16,Shot,1839,United States,4,From Throw In,1839,United States,,8246.0,Christian Pulisic,21.0,Left Wing,,,,,,,114.1,38.0,38.0,Left Foot,87.0,Open Play,107.1,34.9,,,,100.0,Saved,,,,,,,0.3196895,3bf08d5a-ab70-484c-9f7f-2006d1d6601e,91.0,Half Volley,True,,,,,0.7,,,,,,,,,,,,,,,,,0,,,,,,,,,,,,,,
05907c05-0a6c-4aa7-a62a-1f1a70bebba7,371,1,00:09:31.453000,9,31,20,0.493723,3869117,16,Shot,941,Netherlands,1,Regular Play,941,Netherlands,,2988.0,Memphis Depay,24.0,Left Center Forward,,,,,,,120.0,36.4,40.0,Right Foot,87.0,Open Play,104.9,43.7,,,,97.0,Goal,,,,,,,0.16183718,f13d1fcc-d78b-4932-a6ae-f24f0e153753,93.0,Normal,True,,,,,0.2,,,,,,,,,,,,,,,,,1,,,,,,,,,,,,,,
1661bfea-a0ca-487c-90c5-a6cccc12dfde,642,1,00:17:04.480000,17,4,29,0.959949,3869117,16,Shot,941,Netherlands,1,Regular Play,941,Netherlands,,3311.0,Daley Blind,8.0,Left Wing Back,,,,,,,120.0,34.8,38.0,Left Foot,87.0,Open Play,103.6,30.6,,,,98.0,Off T,,,,,,,0.07337185,09269ba8-f8f6-4e75-ab3b-425025260e7f,93.0,Normal,True,,,,,5.0,,,,,,,,,,,,,,,,,0,,,,,,,,,,,,,,
a2da4447-6ffd-458f-8921-05c19d401904,724,1,00:20:20.048000,20,20,34,2.358397,3869117,16,Shot,941,Netherlands,3,From Free Kick,941,Netherlands,,2988.0,Memphis Depay,24.0,Left Center Forward,,,,,,,120.0,30.5,40.0,Right Foot,87.0,Open Play,106.1,62.1,,,,98.0,Off T,,,,,,,0.008920797,6bd2f51f-b1e1-4fc0-ae68-425240d8497e,91.0,Half Volley,True,,,,,0.8,,,,,,,,,,,,,,,,,0,,,,,,,,,,,,,,
f23c54d4-ea5f-427b-8c32-704a95e25dac,1571,1,00:42:07.651000,42,7,65,0.706646,3869117,16,Shot,1839,United States,1,Regular Play,1839,United States,,3377.0,Timothy Weah,17.0,Right Wing,,,,,,,118.3,43.5,40.0,Right Foot,87.0,Open Play,97.5,53.3,,,,100.0,Saved,,,,,,,0.028368456,,91.0,Half Volley,,,,,,0.9,,,,,,,,,,,,,,,,,0,,,,,,,,,,,,,,
317f2710-2fd6-4c1f-8a57-cdef4724252c,1644,1,00:43:58.729000,43,58,68,0.138231,3869117,16,Shot,1839,United States,1,Regular Play,1839,United States,,21881.0,Sergino Dest,2.0,Right Back,,,,,,,107.3,44.9,40.0,Right Foot,87.0,Open Play,105.2,46.2,,,,96.0,Blocked,,,,,,,0.07418261,983fd2c3-baad-4d2f-92ea-58fcfde4b28f,93.0,Normal,,,,,,,,,,,,,,,,,,,,,,,0,,,,,,,,,,,,,,
5566d71a-983c-4f30-9ddb-85d7b8815ba1,1726,1,00:45:36.243000,45,36,72,0.452597,3869117,16,Shot,941,Netherlands,4,From Throw In,941,Netherlands,,3311.0,Daley Blind,8.0,Left Wing Back,,,,,,,120.0,37.7,40.0,Right Foot,87.0,Open Play,107.6,38.5,,,,97.0,Goal,,,,,,,0.2502288,5d1250be-c8e9-432d-b247-f7859c44621f,93.0,Normal,True,,,,,0.2,,,,,,,,,,,,,,,,,1,,,,,,,,,,,,,,
eb91d23f-4d01-43a8-96d3-52827bf9909d,1895,2,00:03:45.810000,48,45,79,0.195112,3869117,16,Shot,1839,United States,2,From Corner,1839,United States,,8526.0,Weston McKennie,13.0,Right Center Midfield,,,,,,,113.5,36.2,37.0,Head,87.0,Open Play,109.1,36.5,1.0,,,101.0,Wayward,True,,,,,,0.03899759,1d790dbc-1add-4ad0-8545-81aa05468562,93.0,Normal,,,,,,,,,,,,,,,,,,,,,,,0,,,,,,,,,,,,,,
f66c01cb-afab-4614-9ab0-849827654257,1899,2,00:03:46.946000,48,46,79,0.184161,3869117,16,Shot,1839,United States,2,From Corner,1839,United States,,18242.0,Tim Ream,5.0,Left Center Back,,,,,,,118.0,37.9,38.0,Left Foot,87.0,Open Play,116.5,37.1,,,,100.0,Saved,,,,,,,0.2582279,,91.0,Half Volley,,,,,,1.1,,,,,,,,,,,,,,,,,0,,,,,,,,,,,,,,
bde8a681-2dfa-431a-9637-223cc85dfd10,1907,2,00:03:55.307000,48,55,79,0.872924,3869117,16,Shot,1839,United States,2,From Corner,1839,United States,,8526.0,Weston McKennie,13.0,Right Center Midfield,,,,,,,115.2,39.9,37.0,Head,87.0,Open Play,108.4,37.0,1.0,,,101.0,Wayward,True,,,,,,0.06857926,3c3dff36-3edf-45c5-950a-cd101b25e3ef,93.0,Normal,,,,,,,,,,,,,,,,,,,,,,,0,,,,,,,,,,,,,,
ca601f63-190e-473c-9a0e-e40451f4ad17,1999,2,00:05:49.801000,50,49,82,0.961667,3869117,16,Shot,1839,United States,3,From Free Kick,1839,United States,,21881.0,Sergino Dest,2.0,Right Back,,,,,,,117.0,0.1,38.0,Left Foot,87.0,Open Play,100.9,57.3,,,,101.0,Wayward,,1.0,,,,,0.01609117,5e597307-1843-4e12-8fb5-38b7393b7daf,93.0,Normal,,,,,,,,,,,,,,,,,,,,,,,0,,,,,,,,,,,,,,
d9a576ef-06ad-4b8e-b19b-579c5da93422,2035,2,00:07:00.977000,52,0,85,0.931128,3869117,16,Shot,1839,United States,4,From Throw In,1839,United States,,8246.0,Christian Pulisic,21.0,Left Wing,,,,,,,116.4,38.1,40.0,Right Foot,87.0,Open Play,98.4,27.3,,,,100.0,Saved,,,,,,,0.040512722,a94e8e1d-eee2-434e-aa4d-116b4385f0e5,93.0,Normal,,,,,,0.3,,,,,,,,,,,,,,,,,0,,,,,,,,,,,,,,
7c9f51b5-7c05-4ba0-ae27-d0c4639b0709,2074,2,00:08:00.795000,53,0,89,0.531297,3869117,16,Shot,1839,United States,1,Regular Play,1839,United States,,8526.0,Weston McKennie,13.0,Right Center Midfield,,,,,,,120.0,41.3,38.0,Left Foot,87.0,Open Play,102.1,35.0,,,,98.0,Off T,,,,,,,0.053084504,31ee135a-59ad-4eb3-8efc-266ea8029d21,91.0,Half Volley,,,,,,3.7,,,,,,,,,,,,,,,,,0,,,,,,,,,,,,,,
51847ed7-8369-40a5-a442-862b9063b95f,2345,2,00:15:39.248000,60,39,99,0.225666,3869117,16,Shot,941,Netherlands,1,Regular Play,941,Netherlands,,20750.0,Cody Mathès Gakpo,19.0,Center Attacking Midfield,,,,,,,105.1,47.7,38.0,Left Foot,87.0,Open Play,100.0,50.7,,,,96.0,Blocked,,,,,,,0.053106464,bc1c7813-ec53-4993-b29b-0c3b1ee7f5e4,93.0,Normal,,,,,,,,,,,,,,,,,,,,,,,0,,,,,,,,,,,,,,
a1545633-330a-4c29-bdc4-e7a8d2720acc,2353,2,00:15:42.981000,60,42,99,0.764043,3869117,16,Shot,941,Netherlands,1,Regular Play,941,Netherlands,,2988.0,Memphis Depay,24.0,Left Center Forward,,,,,,,117.2,40.1,40.0,Right Foot,87.0,Open Play,98.6,47.0,,,,100.0,Saved,,,,,,,0.046333984,9ba552c5-bc66-4ce5-9fee-797e1ed02c9f,93.0,Normal,True,,,,,2.3,,,,,,,,,,,,,,,,,0,,,,,,,,,,,,,,
d415f694-86d8-436d-a82c-7c16076856ff,2431,2,00:17:41.935000,62,41,103,0.350954,3869117,16,Shot,1839,United States,1,Regular Play,1839,United States,,3377.0,Timothy Weah,17.0,Right Wing,,,,,,,108.2,44.7,38.0,Left Foot,87.0,Open Play,99.1,51.0,,,,96.0,Blocked,,,,,,,0.04334448,403c5ea3-778c-42d3-8786-c1ac075e14d9,93.0,Normal,,,,,,,,,,,,,,,,,,,,,,,0,,,,,,,,,,,,,,
ef5c7933-4077-49df-9152-d32b29d5bb12,2648,2,00:25:10.229000,70,10,113,1.001438,3869117,16,Shot,941,Netherlands,2,From Corner,941,Netherlands,,3669.0,Virgil van Dijk,4.0,Center Back,,,,,,,120.0,43.4,37.0,Head,87.0,Open Play,111.8,41.3,1.0,,,98.0,Off T,True,,,,,,0.08036702,0ba29580-e824-42f4-a639-17c02486facb,93.0,Normal,,,,,,4.8,,,,,,,,,,,,,,,,,0,,,,,,,,,,,,,,
44a6397c-cfd0-4cf2-9c47-95f359b3f407,2682,2,00:25:52.588000,70,52,115,0.685364,3869117,16,Shot,941,Netherlands,1,Regular Play,941,Netherlands,,7891.0,Teun Koopmeiners,9.0,Right Defensive Midfield,,,,,,,117.8,37.7,38.0,Left Foot,87.0,Open Play,94.5,37.8,,,,100.0,Saved,,,,,,,0.04472613,59ca9775-0e7e-48da-920b-86c1ea9ede8e,93.0,Normal,,,,,,0.2,,,,,,,,,,,,,,,,,0,,,,,,,,,,,,,,
c6711069-7423-4428-a2b8-beff1ad14b24,2685,2,00:25:54.332000,70,54,115,0.350179,3869117,16,Shot,941,Netherlands,1,Regular Play,941,Netherlands,,2988.0,Memphis Depay,24.0,Left Center Forward,,,,,,,117.2,37.3,37.0,Head,87.0,Open Play,113.1,34.4,,,,100.0,Saved,,,,,,,0.27671057,,90.0,Diving Header,,,,,,1.1,,,,,,,,,True,,,,,,,,0,,,,,,,,,,,,,,
f8946626-b0a1-496c-aabd-a8671df0b23b,2803,2,00:28:13.917000,73,13,120,0.433272,3869117,16,Shot,1839,United States,1,Regular Play,1839,United States,,34339.0,Giovanni Reyna,17.0,Right Wing,,,,,,,120.0,18.8,38.0,Left Foot,87.0,Open Play,98.9,49.9,,,,98.0,Off T,,,,,,,0.042619057,fcd189df-fd5a-4259-bf3c-2ac8eecaec92,93.0,Normal,,,,,,4.9,,,,,,,,,,,,,,,,,0,,,,,,,,,,,,,,
b3f6d8e7-d124-4d9b-8b69-096b7958f406,2841,2,00:29:14.958000,74,14,124,0.65479,3869117,16,Shot,1839,United States,1,Regular Play,1839,United States,,22008.0,Haji Wright,23.0,Center Forward,,,,,,,118.9,44.3,40.0,Right Foot,87.0,Open Play,115.2,55.6,,,,96.0,Blocked,,,,,,,0.046546377,,93.0,Normal,,,,,,,,,,,,,,,,,,,,,,,0,,,,,,,,,,,,,,
ca879c6e-6742-4d2b-8b98-5e9b726ee77e,2859,2,00:30:20.821000,75,20,125,1.678726,3869117,16,Shot,1839,United States,2,From Corner,1839,United States,,22008.0,Haji Wright,23.0,Center Forward,,,,,,,120.0,37.0,40.0,Right Foot,87.0,Open Play,115.1,45.2,,,,97.0,Goal,,,,,,,0.3636808,a918179e-b1c1-42e5-85a3-ee86c89e46de,93.0,Normal,True,,,,,1.9,,,,,,,,,,,,,,,,,1,,,,,,,,,,,,,,
bdba3968-9315-4a2c-b26a-fa83134c1f6b,2932,2,00:32:21.813000,77,21,129,0.763735,3869117,16,Shot,941,Netherlands,1,Regular Play,941,Netherlands,,8259.0,Steven Bergwijn,22.0,Right Center Forward,,,,,,,120.0,34.6,40.0,Right Foot,87.0,Open Play,109.5,32.8,,,,98.0,Off T,,,,,,,0.25042096,f1ebaf2e-aa42-413d-bc2e-09ed00b91f06,93.0,Normal,True,,,,,0.2,,,,,,,,,,,,,,,,,0,,,,,,,,,,,,,,
e534d589-ffb5-42c2-a449-541547acec89,2953,2,00:33:07.640000,78,7,130,0.73557,3869117,16,Shot,1839,United States,7,From Goal Kick,1839,United States,,8246.0,Christian Pulisic,21.0,Left Wing,,,,,,,117.3,37.6,38.0,Left Foot,87.0,Open Play,99.5,25.3,,,,100.0,Saved,,,,,,,0.031073315,4a9a68c2-18d2-4e15-aa5c-4d42b4411653,93.0,Normal,,,,,,0.2,,,,,,,,,,,,,,,,,0,,,,,,,,,,,,,,
4a9d3012-73c3-4a0f-a16c-831cb874e455,3031,2,00:35:28.957000,80,28,137,0.587038,3869117,16,Shot,941,Netherlands,8,From Keeper,941,Netherlands,,8125.0,Denzel Dumfries,7.0,Right Wing Back,,,,,,,120.0,36.7,38.0,Left Foot,87.0,Open Play,113.5,44.3,,,,97.0,Goal,,,,,,,0.23592436,37815b7c-d14e-49eb-bd96-335bb180e3f8,95.0,Volley,True,,,,,0.6,,,,,,,,,,,,,,,,,1,,,,,,,,,,,,,,
228c6b1b-5058-4b75-b47e-e5d961102ba9,3167,2,00:40:25.136000,85,25,147,0.165759,3869117,16,Shot,1839,United States,2,From Corner,1839,United States,,12524.0,Walker Zimmerman,3.0,Right Center Back,,,,,,,120.0,34.5,40.0,Right Foot,87.0,Open Play,107.2,43.0,,,,98.0,Off T,,,,,,,0.05674074,,95.0,Volley,,,,,,2.0,,,,,,,,,,,,,,,,,0,,,,,,,,,,,,,,
67f52955-48b3-418c-976f-a34575324c1d,3295,2,00:43:48.581000,88,48,152,0.131737,3869117,16,Shot,1839,United States,1,Regular Play,1839,United States,,34339.0,Giovanni Reyna,17.0,Right Wing,,,,,,,104.0,50.9,38.0,Left Foot,87.0,Open Play,103.1,51.4,,,,96.0,Blocked,,,,,,,0.043403003,1ff11ff1-0e43-4364-8882-a3e6b2caf3e4,93.0,Normal,,,,,,,,,,,,,,,,,,,,,,,0,,,,,,,,,,,,,,
ca8ff3c0-c049-435d-830a-3979bf1181e5,3489,2,00:48:29.224000,93,29,157,0.170261,3869117,16,Shot,1839,United States,4,From Throw In,1839,United States,,38792.0,Yunus Dimoara Musah,13.0,Right Center Midfield,,,,,,,106.6,44.4,40.0,Right Foot,87.0,Open Play,103.9,44.2,,,,96.0,Blocked,,,,,,,0.054460905,9fa07add-33cc-4612-8b46-1be9d92aa28d,91.0,Half Volley,True,,,,,,,,,,,,,,,,,,,,,,0,,,,,,,,,,,,,,
1bb42f2e-3d37-4dfc-834a-ad4bce817151,3525,2,00:49:07.177000,94,7,158,0.194509,3869117,16,Shot,1839,United States,4,From Throw In,1839,United States,,22008.0,Haji Wright,23.0,Center Forward,,,,,,,107.6,26.3,37.0,Head,87.0,Open Play,111.3,40.2,1.0,,,101.0,Wayward,True,,,,,,0.072495155,4176e142-ec7d-4984-be64-ab0cc6d49c95,93.0,Normal,,,,,,,,,,,,,,,,,,,,,,,0,,,,,,,,,,,,,,
83c26e08-1d4a-43a2-97d5-bf73b5097609,101,1,00:02:02.488000,2,2,6,0.972396,3857270,16,Shot,783,Uruguay,1,Regular Play,783,Uruguay,,7104.0,Mathías Olivera Miramontes,8.0,Left Wing Back,,,,,,,120.0,35.2,38.0,Left Foot,87.0,Open Play,98.2,27.8,,,,98.0,Off T,,,,,,,0.039672486,cee7de60-6199-409a-85ec-ef1fdd06d111,93.0,Normal,,,,,,5.9,,,,,,,,,,,,,,,,,0,,,,,,,,,,,,,,
fe514d01-352d-487e-98b3-4954d3f99b92,111,1,00:02:59.747000,2,59,8,0.852416,3857270,16,Shot,780,Portugal,4,From Throw In,780,Portugal,,5214.0,William Silva de Carvalho,15.0,Left Center Midfield,,,,,,,120.0,43.1,40.0,Right Foot,87.0,Open Play,104.9,30.5,,,,98.0,Off T,,,,,,,0.048683427,49b0c23c-e7f9-4a1c-8e72-6e6190fc289b,95.0,Volley,True,,,,,5.3,,,,,,,,,,,,,,,,,0,,,,,,,,,,,,,,
930439d2-1691-46c7-943f-c82865db84e1,265,1,00:07:17.509000,7,17,13,1.39108,3857270,16,Shot,780,Portugal,3,From Free Kick,780,Portugal,,5204.0,Bruno Miguel Borges Fernandes,19.0,Center Attacking Midfield,,,,,,,120.0,33.7,40.0,Right Foot,87.0,Open Play,90.8,53.9,,,,98.0,Off T,,,,,,,0.014580331,c5f9f848-4848-4a36-a460-702417acb756,93.0,Normal,,,,,,0.4,,,,,,,,,,,,,,,,,0,,,,,,,,,,,,,,
6755e0bf-513c-4970-9cc9-35a2b733a9a9,411,1,00:11:06.148000,11,6,21,1.118814,3857270,16,Shot,783,Uruguay,2,From Corner,783,Uruguay,,5259.0,José María Giménez de Vargas,3.0,Right Center Back,,,,,,,120.0,39.0,37.0,Head,87.0,Open Play,109.4,37.1,,,,98.0,Off T,,,,,,,0.050594334,1ffbc451-a429-4113-909f-96c8854f6739,93.0,Normal,,,,,,3.8,,,,,,,,,,,,,,,,,0,,,,,,,,,,,,,,
4bdae77f-3456-4555-b1b2-a461597030ea,592,1,00:15:31.117000,15,31,33,0.163642,3857270,16,Shot,780,Portugal,1,Regular Play,780,Portugal,,12041.0,João Félix Sequeira,24.0,Left Center Forward,,,,,,,102.1,31.4,40.0,Right Foot,87.0,Open Play,101.0,30.9,,,,96.0,Blocked,,,,,,,0.033737455,e813f6ad-8485-4986-bf24-d8ca6aec7416,93.0,Normal,,,,,,,,,,,,,,,,,,,,,,,0,,,,,,,,,,,,,,
39f5eb65-6b14-49cd-b17d-beb9ec7ece4a,601,1,00:17:45.979000,17,45,35,0.286533,3857270,16,Shot,780,Portugal,3,From Free Kick,780,Portugal,,5207.0,Cristiano Ronaldo dos Santos Aveiro,22.0,Right Center Forward,,,,,,,102.8,27.3,40.0,Right Foot,62.0,Free Kick,96.0,23.4,,,,96.0,Blocked,,,,,,,0.026755862,,93.0,Normal,,,,,,,,,,,,,,,,,,,,,,,0,,,,,,,,,,,,,,
78c4ff87-5e72-4821-999a-3f3f16b77541,654,1,00:19:49.201000,19,49,39,0.625775,3857270,16,Shot,780,Portugal,1,Regular Play,780,Portugal,,9927.0,Rúben Diogo Da Silva Neves,10.0,Center Defensive Midfield,,,,,,,108.8,41.8,40.0,Right Foot,87.0,Open Play,92.4,50.0,,,,96.0,Blocked,,,,,,,0.015326656,,91.0,Half Volley,True,,,,,,,,,,,,,,,,,,,,,,0,,,,,,,,,,,,,,
8fcf0dcd-e70c-4c64-9252-3a1e37ef27a9,1205,1,00:31:57.108000,31,57,60,0.203564,3857270,16,Shot,783,Uruguay,4,From Throw In,783,Uruguay,,5260.0,Rodrigo Bentancur Colmán,10.0,Center Defensive Midfield,,,,,,,110.3,41.7,40.0,Right Foot,87.0,Open Play,106.8,41.3,,,,100.0,Saved,,,,,,,0.49410823,,93.0,Normal,,,,,,0.2,,,,,,,,,True,,,,,,,,0,,,,,,,,,,,,,,
8f37923f-c3a2-4edd-8ba8-a0debba61c74,1264,1,00:34:09.075000,34,9,62,0.186282,3857270,16,Shot,780,Portugal,8,From Keeper,780,Portugal,,5207.0,Cristiano Ronaldo dos Santos Aveiro,22.0,Right Center Forward,,,,,,,102.1,26.3,38.0,Left Foot,87.0,Open Play,99.4,24.7,,,,96.0,Blocked,,,,,,,0.029249214,d4015322-bbf0-4200-af02-ccd1cd640469,93.0,Normal,,,,,,,,,,,,,,,,,,,,,,,0,,,,,,,,,,,,,,
93d932bd-5fba-4294-a009-c455ba251e7b,1270,1,00:34:15.570000,34,15,62,0.023709,3857270,16,Shot,780,Portugal,8,From Keeper,780,Portugal,,12041.0,João Félix Sequeira,24.0,Left Center Forward,,,,,,,93.1,32.5,40.0,Right Foot,87.0,Open Play,91.6,31.8,,,,96.0,Blocked,,,,,,,0.022321237,f138ab99-5bf2-4676-a7f5-97a0d5a50258,93.0,Normal,,,,,,,,,,,,,,,,,,,,,,,0,,,,,,,,,,,,,,
31dd30cb-85ad-43a1-9029-8fc7de744a5c,1290,1,00:35:08.887000,35,8,63,1.93904,3857270,16,Shot,783,Uruguay,7,From Goal Kick,783,Uruguay,,5260.0,Rodrigo Bentancur Colmán,10.0,Center Defensive Midfield,,,,,,,113.2,31.8,40.0,Right Foot,87.0,Open Play,108.4,29.5,,,,101.0,Wayward,,,,,,,0.07433986,ff363269-95be-49ad-a225-9d3836f0df5b,93.0,Normal,True,,,,,,,,,,,,,,,,,,,,,,0,,,,,,,,,,,,,,
10193db8-4be2-4ca5-b747-14e2b2f3613b,1339,1,00:36:45.704000,36,45,66,0.211276,3857270,16,Shot,780,Portugal,4,From Throw In,780,Portugal,,5204.0,Bruno Miguel Borges Fernandes,19.0,Center Attacking Midfield,,,,,,,98.2,34.5,40.0,Right Foot,87.0,Open Play,93.1,33.0,,,,96.0,Blocked,,,,,,,0.028039778,b1543174-fada-4250-ad29-b593f727b11e,93.0,Normal,,,,,,,,,,,,,,,,,,,,,,,0,,,,,,,,,,,,,,
689210c6-bc57-4202-827a-971cfe04dc53,1846,2,00:06:38.370000,51,38,89,0.680916,3857270,16,Shot,780,Portugal,5,Other,780,Portugal,,12041.0,João Félix Sequeira,24.0,Left Center Forward,,,,,,,120.0,35.0,38.0,Left Foot,87.0,Open Play,107.9,27.1,,,,98.0,Off T,,,,,,,0.036293734,ed846509-acd6-44b5-ab67-8f708c107d9b,93.0,Normal,,,,,,0.7,,,,,,,,,,,,,,,,,0,,,,,,,,,,,,,,
c581c62f-6666-485f-af07-90b4f81274ac,1946,2,00:08:40.818000,53,40,94,1.997588,3857270,16,Shot,780,Portugal,1,Regular Play,780,Portugal,,5204.0,Bruno Miguel Borges Fernandes,19.0,Center Attacking Midfield,,,,,,,120.0,42.3,40.0,Right Foot,87.0,Open Play,99.4,14.6,,,,97.0,Goal,,,,,,,0.0077694156,97b8d950-e789-4f0f-b1f6-26577db9a954,93.0,Normal,,,,,,1.3,,,,,,,,,,,,,,,,,1,,,,,,,,,,,,,,
ab8120da-7880-44e5-9988-5d6b5c63aaf7,2017,2,00:11:10.291000,56,10,98,0.362543,3857270,16,Shot,780,Portugal,1,Regular Play,780,Portugal,,5207.0,Cristiano Ronaldo dos Santos Aveiro,23.0,Center Forward,,,,,,,91.8,23.2,40.0,Right Foot,87.0,Open Play,84.9,19.1,1.0,,,101.0,Wayward,,,,,,,0.007159395,2f03b534-146b-4bb0-a227-881453e45170,93.0,Normal,,,,,,,,,,,,,,,,,,,,,,,0,,,,,,,,,,,,,,
4cf5dfeb-c75e-419a-9934-d574545fa59b,2047,2,00:12:25.610000,57,25,103,2.608709,3857270,16,Shot,783,Uruguay,1,Regular Play,783,Uruguay,,4319.0,Edinson Roberto Cavani Gómez,24.0,Left Center Forward,,,,,,,120.0,25.2,40.0,Right Foot,87.0,Open Play,102.9,39.7,,,,98.0,Off T,,,,,,,0.07401822,8d911a18-b9ec-4587-afbf-ed0b75642d5f,95.0,Volley,True,,,,,0.5,,,,,,,,,,,,,,,,,0,,,,,,,,,,,,,,
fc35d3ba-9f4e-473f-91e8-7c2fc357149c,2114,2,00:14:10.684000,59,10,105,0.886296,3857270,16,Shot,783,Uruguay,1,Regular Play,783,Uruguay,,32478.0,Darwin Gabriel Núñez Ribeiro,22.0,Right Center Forward,,,,,,,115.6,40.2,40.0,Right Foot,87.0,Open Play,92.8,43.6,,,,100.0,Saved,,,,,,,0.03092143,1b7a846a-1940-4f26-a092-bcad55f34f5e,93.0,Normal,,,,,,0.3,,,,,,,,,,,,,,,,,0,,,,,,,,,,,,,,
34eba09f-f80e-4bf8-b56d-3bceab8a5eed,2343,2,00:19:40.439000,64,40,115,0.657971,3857270,16,Shot,783,Uruguay,4,From Throw In,783,Uruguay,,7104.0,Mathías Olivera Miramontes,6.0,Left Back,,,,,,,115.2,39.0,37.0,Head,87.0,Open Play,108.1,33.8,1.0,,,96.0,Blocked,True,,,,,,0.041303303,0d0a2b3f-e15b-4755-b8c9-26d2d6f2bbe6,93.0,Normal,,,,,,,,,,,,,,,,,,,,,,,0,,,,,,,,,,,,,,
a19d546a-977c-4d03-acf0-1160c58a6a2e,2687,2,00:29:16.250000,74,16,133,0.856788,3857270,16,Shot,783,Uruguay,4,From Throw In,783,Uruguay,,6297.0,Maximiliano Gómez González,24.0,Left Center Forward,,,,,,,120.0,44.0,40.0,Right Foot,87.0,Open Play,99.2,43.2,,,,99.0,Post,,,,,,,0.047642853,268067d0-fb94-44a5-a798-41b832cf8308,93.0,Normal,True,,,,,0.9,,,,,,,,,,,,,,,,,0,,,,,,,,,,,,,,
5edd2407-3d38-414d-9f92-61718d6c29d7,2787,2,00:32:14.357000,77,14,138,0.341858,3857270,16,Shot,783,Uruguay,3,From Free Kick,783,Uruguay,,5246.0,Luis Alberto Suárez Díaz,22.0,Right Center Forward,,,,,,,120.0,35.5,38.0,Left Foot,87.0,Open Play,115.6,34.0,,,,98.0,Off T,,,,,,,0.088375136,665d59a1-4f73-4e7b-8aa6-027d0a3cf35a,91.0,Half Volley,,,,,,0.6,,,,,,,,,,,,,,,,,0,,,,,,,,,,,,,,
02866454-5edb-4c28-88c2-61ccdc0d2343,2815,2,00:33:09.875000,78,9,140,0.370691,3857270,16,Shot,783,Uruguay,1,Regular Play,783,Uruguay,,5258.0,Giorgian Daniel De Arrascaeta Benedetti,16.0,Left Midfield,,,,,,,113.8,45.8,40.0,Right Foot,87.0,Open Play,109.3,50.0,,,,100.0,Saved,,,,,,,0.2560759,4bb846a6-b2e7-404f-8118-6910cba6a2a6,93.0,Normal,True,,,,,0.2,,,,,,,,,,,,,,,,,0,,,,,,,,,,,,,,
764b23bf-288e-458f-8cd8-6d77176339ee,2968,2,00:37:41.583000,82,41,148,1.234391,3857270,16,Shot,780,Portugal,1,Regular Play,780,Portugal,,18360.0,Rafael Alexandre Conceição Leão,21.0,Left Wing,,,,,,,120.0,34.0,40.0,Right Foot,87.0,Open Play,95.3,49.1,,,,98.0,Off T,,,,,,,0.026902085,a76a7603-4d92-4ab1-9bbd-e341c4df51d2,93.0,Normal,,,,,,0.4,,,,,,,,,,,,,,,,,0,,,,,,,,,,,,,,
3df430b3-eaa6-4b63-9246-1f86d8249d55,3122,2,00:40:49.190000,85,49,154,1.38103,3857270,16,Shot,783,Uruguay,3,From Free Kick,783,Uruguay,,6773.0,Federico Santiago Valverde Dipetta,9.0,Right Defensive Midfield,,,,,,,120.0,40.3,40.0,Right Foot,87.0,Open Play,88.2,44.5,,,,98.0,Off T,,,,,,,0.019629322,ad70aada-e660-471d-87d5-f95ec95aab8e,93.0,Normal,,,,,,7.0,,,,,,,,,,,,,,,,,0,,,,,,,,,,,,,,
8b462570-c65a-43b6-bcc0-6a66482197aa,3375,2,00:52:19.293000,97,19,170,0.254904,3857270,16,Shot,780,Portugal,4,From Throw In,780,Portugal,,5204.0,Bruno Miguel Borges Fernandes,17.0,Right Wing,,,,,,,119.3,44.4,40.0,Right Foot,87.0,Open Play,117.7,50.0,,,,100.0,Saved,,,,,,,0.032710962,330008cf-a253-46bb-923e-35edefbfe10c,95.0,Volley,True,,,,,0.9,,,,,,,,,,,,,,,,,0,,,,,,,,,,,,,True,
9d75837e-1eac-4fe2-b041-be893874af5d,3393,2,00:53:15.034000,98,15,173,0.726273,3857270,16,Shot,780,Portugal,1,Regular Play,780,Portugal,,5204.0,Bruno Miguel Borges Fernandes,17.0,Right Wing,,,,,,,120.0,36.1,40.0,Right Foot,87.0,Open Play,100.6,35.0,,,,99.0,Post,,1.0,,,,,0.100704454,dcbe457a-0a1c-4e07-b208-6413eceac800,91.0,Half Volley,,,,,,0.2,,,,,,,,,,,,,,,,,0,,,,,,,,,,,,,,
2284e99e-d852-4ffb-b591-5394dc256fbf,328,1,00:06:25.919000,6,25,15,0.667566,3857263,16,Shot,772,Spain,1,Regular Play,772,Spain,,16532.0,Daniel Olmo Carvajal,21.0,Left Wing,,,,,,,117.7,38.9,40.0,Right Foot,87.0,Open Play,100.5,26.1,,,,116.0,Saved to Post,,,,,,,0.032144632,af423221-f45c-4537-b5ae-9309e513dbdc,93.0,Normal,,,,,,2.4,,,,,,,,,,,,,,,,,0,,,,,,,,,,,,,,
4251ef51-9c14-48bb-8c40-87573ee1b95a,1013,1,00:21:14,21,14,41,1.002615,3857263,16,Shot,772,Spain,1,Regular Play,772,Spain,,5211.0,Jordi Alba Ramos,6.0,Left Back,,,,,,,120.0,35.0,40.0,Right Foot,87.0,Open Play,96.6,23.3,,,,98.0,Off T,,,,,,,0.021667236,e3232803-db4f-4fcc-97fc-2236d5442759,93.0,Normal,,,,,,0.2,,,,,,,,,,,,,,,,,0,,,,,,,,,,,,,,
336e0700-24b0-4b74-8951-a7cd6e753a32,1119,1,00:24:11.650000,24,11,47,1.04045,3857263,16,Shot,770,Germany,1,Regular Play,770,Germany,,8400.0,Serge Gnabry,17.0,Right Wing,,,,,,,120.0,33.3,38.0,Left Foot,87.0,Open Play,102.8,56.6,,,,98.0,Off T,,,,,,,0.028963488,,93.0,Normal,,,,,,0.9,,,,,,,,,,,,,,,,,0,,,,,,,,,,,,,,
d4387d56-b0d2-4802-ab81-1cec0d06c404,1156,1,00:25:58.912000,25,58,50,0.098176,3857263,16,Shot,772,Spain,1,Regular Play,772,Spain,,6748.0,Ferrán Torres García,17.0,Right Wing,,,,,,,104.0,45.8,38.0,Left Foot,87.0,Open Play,102.8,46.4,,,,96.0,Blocked,,,,,,,0.068952255,65e5c012-f84c-44d2-8d96-b436a4782c86,93.0,Normal,,,,,,,,,,,,,,,,,,,,,,,0,,,,,,,,,,,,,,
cb0085ed-03ed-4c6f-8d8d-0b449f6f1723,1334,1,00:29:40.244000,29,40,60,0.900147,3857263,16,Shot,770,Germany,3,From Free Kick,770,Germany,,3167.0,Antonio Rüdiger,5.0,Left Center Back,,,,,,,120.0,46.9,40.0,Right Foot,87.0,Open Play,89.6,25.9,,,,98.0,Off T,,,,,,,0.0065071667,7ca3bdf8-4b70-46c4-a1ac-808098655e76,93.0,Normal,,,,,,7.1,,,,,,,,,,,,,,,,,0,,,,,,,,,,,,,,
a21bf591-0552-4c0e-8cb5-f284ab8ff959,1585,1,00:35:04.913000,35,4,69,0.020692,3857263,16,Shot,772,Spain,2,From Corner,772,Spain,,6748.0,Ferrán Torres García,17.0,Right Wing,,,,,,,110.3,53.9,40.0,Right Foot,87.0,Open Play,109.8,54.6,,,,96.0,Blocked,,,,,,,0.04777013,563b09fb-4fff-4457-8d2c-f2a57e62c435,93.0,Normal,,,,,,,,,,,,,,,,,,,,,,,0,,,,,,,,,,,,,,
26d7107b-7657-4f16-bb7c-530047ec4536,1836,1,00:44:35.149000,44,35,86,0.522962,3857263,16,Shot,770,Germany,3,From Free Kick,770,Germany,,3167.0,Antonio Rüdiger,5.0,Left Center Back,,,,,,,118.5,44.3,40.0,Right Foot,87.0,Open Play,113.7,60.2,,,,100.0,Saved,,,,,,,0.008851705,e441a43a-4895-4581-b61a-fe7318b3902d,91.0,Half Volley,,,,,,2.4,,,,,,,,,,,,,,,,,0,,,,,,,,,,,,,,
39497546-4a78-43e1-98dc-71bf9514b702,2335,2,00:10:53.651000,55,53,114,0.5061,3857263,16,Shot,770,Germany,1,Regular Play,770,Germany,,5579.0,Joshua Kimmich,9.0,Right Defensive Midfield,,,,,,,116.3,37.8,40.0,Right Foot,87.0,Open Play,105.8,40.6,,,,100.0,Saved,,,,,,,0.09558376,1f8390c7-b155-456f-9af9-06d835430298,93.0,Normal,True,,,,,1.2,,,,,,,,,,,,,,,,,0,,,,,,,,,,,,,,
2036573c-cac2-4454-b43b-c33364286c4a,2365,2,00:13:00.161000,58,0,118,1.037005,3857263,16,Shot,772,Spain,4,From Throw In,772,Spain,,16532.0,Daniel Olmo Carvajal,21.0,Left Wing,,,,,,,118.1,38.3,40.0,Right Foot,87.0,Open Play,85.8,31.1,,,,100.0,Saved,,,,,,,0.0118638035,f1b0ab30-58ea-43c5-9256-35657779dacc,93.0,Normal,,,,,,0.2,,,,,,,,,,,,,,,,,0,,,,,,,,,,,,,,
72e972ee-22e9-4eef-aaa9-04ebd7e55f92,2478,2,00:16:33.907000,61,33,125,0.621933,3857263,16,Shot,772,Spain,7,From Goal Kick,772,Spain,,3477.0,Álvaro Borja Morata Martín,23.0,Center Forward,,,,,,,120.0,37.3,40.0,Right Foot,87.0,Open Play,113.2,34.3,,,,97.0,Goal,,,,,,,0.31874228,4fd5b4d5-31a7-40af-a231-5880c4e777a6,93.0,Normal,True,,,,,1.8,,,,,,,,,,,,,,,,,1,,,,,,,,,,,,,,
8c96fe53-dd90-4244-972c-7ef0006f8eef,2508,2,00:18:24.784000,63,24,128,0.307908,3857263,16,Shot,770,Germany,1,Regular Play,770,Germany,,6324.0,Leon Goretzka,11.0,Left Defensive Midfield,,,,,,,107.4,38.8,40.0,Right Foot,87.0,Open Play,96.2,39.7,,,,96.0,Blocked,,,,,,,0.036448006,,93.0,Normal,,,,,,,,,,,,,,,,,,,,,,,0,,,,,,,,,,,,,,
3c8af726-ad43-4564-b646-fcd43e243ac2,2543,2,00:19:26.796000,64,26,130,0.938292,3857263,16,Shot,772,Spain,3,From Free Kick,772,Spain,,5719.0,Marco Asensio Willemsen,17.0,Right Wing,,,,,,,120.0,39.4,38.0,Left Foot,87.0,Open Play,101.7,45.4,,,,98.0,Off T,,,,,,,0.13836038,6583029e-c9f2-4dd7-a5c0-d66190c856e3,93.0,Normal,True,,,,,6.9,,,,,,,,,,,,,,,,,0,,,,,,,,,,,,,,
356a0535-9459-4bce-9296-544c9ca1cedd,2846,2,00:27:00.450000,72,0,142,0.290626,3857263,16,Shot,770,Germany,1,Regular Play,770,Germany,,8546.0,Niclas Füllkrug,23.0,Center Forward,,,,,,,111.5,40.7,40.0,Right Foot,87.0,Open Play,111.2,41.5,,,,101.0,Wayward,,,,,,,0.3730103,a54d265c-1509-4835-8423-d0b7718972f3,93.0,Normal,True,,,,,,,,,,,,,,,,,,,,,,0,,,,,,,,,,,,,,
db268ae9-4dfd-43fc-901e-71cd25f5cff6,2865,2,00:27:43.178000,72,43,144,0.25855,3857263,16,Shot,770,Germany,4,From Throw In,770,Germany,,39565.0,Jamal Musiala,19.0,Center Attacking Midfield,,,,,,,115.7,43.9,40.0,Right Foot,87.0,Open Play,110.1,50.1,,,,100.0,Saved,,,,,,,0.28996226,c807bdac-5305-4b28-bdf6-b97cf6c7aa29,93.0,Normal,True,,,,,1.7,,,,,,,,,,,,,,,,,0,,,,,,,,,,,,,,
f13161cf-dd08-44ae-acf0-da55ad0eca29,2874,2,00:27:50.155000,72,50,144,0.109555,3857263,16,Shot,770,Germany,4,From Throw In,770,Germany,,8400.0,Serge Gnabry,21.0,Left Wing,,,,,,,107.4,26.0,40.0,Right Foot,87.0,Open Play,104.9,23.6,,,,96.0,Blocked,,,,,,,0.024480116,148c0f7c-510a-4995-b4f3-a8fc9b45a934,95.0,Volley,,,,,,,,,,,,,,,,,,,,,,,0,,,,,,,,,,,,,,
49ae6e10-133f-409a-9382-00895530b314,2879,2,00:28:17.496000,73,17,145,0.589751,3857263,16,Shot,770,Germany,2,From Corner,770,Germany,,8546.0,Niclas Füllkrug,23.0,Center Forward,,,,,,,120.0,46.2,37.0,Head,87.0,Open Play,111.3,42.8,,,,98.0,Off T,,,,,,,0.065169856,16cc037e-fe79-4ab1-883f-e52ee5ee9fa6,93.0,Normal,,,,,,5.1,,,,,,,,,,,,,,,,,0,,,,,,,,,,,,,,
a02febea-2c60-41f1-914d-dc065dd50ac7,3182,2,00:35:18.651000,80,18,159,0.375048,3857263,16,Shot,770,Germany,3,From Free Kick,770,Germany,,5579.0,Joshua Kimmich,9.0,Right Defensive Midfield,,,,,,,107.3,30.6,40.0,Right Foot,62.0,Free Kick,98.9,25.7,,,,96.0,Blocked,,,,,,,0.053563386,,93.0,Normal,,,,,,,,,,,,,,,,,,,,,,,0,,,,,,,,,,,,,,
38d1ccce-102b-41a6-9661-a4f872c615e3,3242,2,00:37:25.340000,82,25,163,0.518651,3857263,16,Shot,770,Germany,6,From Counter,770,Germany,,8546.0,Niclas Füllkrug,23.0,Center Forward,,,,,,,120.0,36.8,40.0,Right Foot,87.0,Open Play,110.8,51.9,,,,97.0,Goal,,,,,,,0.16441207,,93.0,Normal,,,,,,2.4,,,,,,,,,True,,,,,,,,1,,,,,,,,,,,,,,
bf78a9e4-d988-4952-bf81-8e3041a32d08,223,1,00:05:38.845000,5,38,14,1.094513,3857259,16,Shot,786,Serbia,1,Regular Play,786,Serbia,,4269.0,Aleksandar Mitrović,23.0,Center Forward,,,,,,,120.0,37.0,37.0,Head,87.0,Open Play,110.4,33.0,,,,98.0,Off T,,,,,,,0.06545554,5f985e03-52fc-4d71-aa07-558574294e10,93.0,Normal,,,,,,4.2,,,,,,,,,,,,,,,,,0,,,,,,,,,,,,,,
01bf09c6-4c72-4f5b-8a73-dbbb8d04a621,420,1,00:10:02.337000,10,2,22,0.738866,3857259,16,Shot,786,Serbia,1,Regular Play,786,Serbia,,4269.0,Aleksandar Mitrović,23.0,Center Forward,,,,,,,120.0,36.1,38.0,Left Foot,87.0,Open Play,114.4,54.2,,,,99.0,Post,,,,,,,0.016927462,a7d9eadb-dcaf-4bf5-923c-1c6d9b03b063,93.0,Normal,,,,,,1.3,,,,,,,,,,,,,,,,,0,,,,,,,,,,,,,,
aa3c0719-bc7d-4fd2-99c8-f4459948daa2,436,1,00:10:14.547000,10,14,22,0.570053,3857259,16,Shot,786,Serbia,1,Regular Play,786,Serbia,,5591.0,Filip Kostić,8.0,Left Wing Back,,,,,,,120.0,34.6,38.0,Left Foot,87.0,Open Play,108.2,21.4,,,,98.0,Off T,,,,,,,0.012009094,,93.0,Normal,,,,,,4.6,,,,,,,,,,,,,,,,,0,,,,,,,,,,,,,,
44397978-2451-4fdf-8afa-3a3bec0e5a6e,525,1,00:15:11.732000,15,11,31,1.55122,3857259,16,Shot,2722,Cameroon,3,From Free Kick,2722,Cameroon,,7472.0,Nicolas Alexis Julio N'Koulou Ndoubena,5.0,Left Center Back,,,,,,,120.0,47.8,38.0,Left Foot,87.0,Open Play,95.9,33.9,,,,98.0,Off T,,,,,,,0.046143826,7a95bd41-7772-429f-8840-a4af5b3d4666,93.0,Normal,True,,,,,4.9,,,,,,,,,,,,,,,,,0,,,,,,,,,,,,,,
882044f7-fc57-4263-b17f-86b5f41d22b4,554,1,00:16:22.016000,16,22,34,0.43822,3857259,16,Shot,786,Serbia,4,From Throw In,786,Serbia,,4269.0,Aleksandar Mitrović,23.0,Center Forward,,,,,,,120.0,35.2,40.0,Right Foot,87.0,Open Play,108.9,38.6,1.0,,,98.0,Off T,,,,,,,0.063389905,,91.0,Half Volley,True,,,,,0.9,,,,,,,,,,,,,,,,,0,,,,,,,,,,,,,,
637fd724-c030-440d-9392-7c718149938b,616,1,00:18:37.669000,18,37,38,0.527488,3857259,16,Shot,2722,Cameroon,1,Regular Play,2722,Cameroon,,12623.0,Pierre Kunde Malong,15.0,Left Center Midfield,,,,,,,118.2,44.6,40.0,Right Foot,87.0,Open Play,108.1,60.1,,,,100.0,Saved,,,,,,,0.009715966,bb053ad4-2d47-4140-b1fd-23a68acf0c8d,91.0,Half Volley,,,,,,2.1,,,,,,,,,True,,,,,,,,0,,,,,,,,,,,,,,
bc25fef0-6070-4580-8cf5-1f564f632335,622,1,00:19:31.273000,19,31,39,0.484119,3857259,16,Shot,2722,Cameroon,2,From Corner,2722,Cameroon,,12623.0,Pierre Kunde Malong,15.0,Left Center Midfield,,,,,,,107.8,44.2,40.0,Right Foot,87.0,Open Play,96.8,50.1,,,,96.0,Blocked,,,,,,,0.029523049,cd4bce79-2254-4ac4-b00a-133af7b2f665,93.0,Normal,True,,,,,,,,,,,,,,,,,,,,,,0,,,,,,,,,,,,,,
3d7ed7d4-5c3a-4cb7-9c81-dc3695e4959a,807,1,00:28:06.388000,28,6,52,0.195383,3857259,16,Shot,2722,Cameroon,2,From Corner,2722,Cameroon,,7472.0,Nicolas Alexis Julio N'Koulou Ndoubena,5.0,Left Center Back,,,,,,,116.1,34.8,37.0,Head,87.0,Open Play,115.2,33.5,,,,96.0,Blocked,,,,,,,0.09064111,c3228cce-aa4f-48e7-b11f-80f183de2c20,93.0,Normal,,,,,,,,,,,,,,,,,,,,,,,0,,,,,,,,,,,,,,
1b7461e8-f3c3-4c70-94f5-aae1384db51b,811,1,00:28:07.114000,28,7,52,0.1315,3857259,16,Shot,2722,Cameroon,2,From Corner,2722,Cameroon,,7426.0,Jean-Charles Castelletto,3.0,Right Center Back,,,,,,,120.0,42.9,40.0,Right Foot,87.0,Open Play,118.5,43.2,,,,97.0,Goal,,,,,,,0.8945071,,95.0,Volley,True,,,,,0.5,,,,,,,,,,,,,,,,True,1,,,,,,,,,,,,,,
1dab17e3-7088-4ae6-a1a4-dc0ff0dc2e15,1338,1,00:42:44.266000,42,44,76,0.429771,3857259,16,Shot,786,Serbia,1,Regular Play,2722,Cameroon,,12623.0,Pierre Kunde Malong,15.0,Left Center Midfield,,,,,,,114.7,44.7,40.0,Right Foot,87.0,Open Play,103.5,53.8,,,,100.0,Saved,,,,,,,0.0845098,,93.0,Normal,,,,,,0.2,,,,,,,,,,,,,,,,,0,,,,,,,,,,,,,,
9379dbc4-e5b2-488a-b738-b71548d48ffe,1341,1,00:42:45.729000,42,45,76,0.485244,3857259,16,Shot,786,Serbia,1,Regular Play,2722,Cameroon,,12623.0,Pierre Kunde Malong,15.0,Left Center Midfield,,,,,,,120.0,46.7,40.0,Right Foot,87.0,Open Play,110.5,55.1,,,,98.0,Off T,,,,,,,0.056867022,,93.0,Normal,True,,,,,2.0,,,,,,,,,,,,,,,,,0,,,,,,,,,,,,,,
3ba0655f-e4cf-4088-a3e8-0cdbfa517be9,1434,1,00:45:22.099000,45,22,80,0.83453,3857259,16,Shot,786,Serbia,3,From Free Kick,786,Serbia,,27719.0,Strahinja Pavlović,5.0,Left Center Back,,,,,,,120.0,36.3,37.0,Head,87.0,Open Play,110.7,42.8,,,,97.0,Goal,,,,,,,0.07892812,fb4309f0-a1b0-47b6-a08a-f3fca1621a8b,93.0,Normal,,,,,,1.1,,,,,,,,,,,,,,,,,1,,,,,,,,,,,,,,
52b8141b-59ae-4ae1-8509-7ac620e4c9e1,1493,1,00:47:52.472000,47,52,83,0.845537,3857259,16,Shot,786,Serbia,4,From Throw In,786,Serbia,,5589.0,Sergej Milinković-Savić,20.0,Left Attacking Midfield,,,,,,,120.0,43.1,38.0,Left Foot,87.0,Open Play,99.6,46.7,,,,97.0,Goal,,,,,,,0.058657028,4e3a3dde-1a82-418b-8a0a-c3c3de8523f5,93.0,Normal,,,,,,1.1,,,,,,,,,,,,,,,,,1,,,,,,,,,,,,,,
539076ab-e77c-43d8-a806-44bd955a01c7,1523,1,00:50:00.229000,50,0,85,0.108248,3857259,16,Shot,786,Serbia,4,From Throw In,786,Serbia,,4269.0,Aleksandar Mitrović,23.0,Center Forward,,,,,,,101.9,45.3,40.0,Right Foot,87.0,Open Play,98.4,45.9,,,,96.0,Blocked,,,,,,,0.08318807,,93.0,Normal,,,,,,,,,,,,,,,,,,,,,,,0,,,,,,,,,,,,,,
c26f8413-c3d6-4706-8573-c93cebb5b8c4,1529,1,00:51:13.122000,51,13,86,0.430855,3857259,16,Shot,786,Serbia,2,From Corner,786,Serbia,,6687.0,Saša Lukić,11.0,Left Defensive Midfield,,,,,,,114.2,42.5,40.0,Right Foot,87.0,Open Play,103.0,49.6,,,,96.0,Blocked,,,,,,,0.039666813,,91.0,Half Volley,True,,,,,,,,,,,,,,,,,,,,,,0,,,,,,,,,,,,,,
be17203f-f93a-4a28-9704-0d0783b29be2,1854,2,00:07:26.358000,52,26,105,0.441784,3857259,16,Shot,786,Serbia,1,Regular Play,786,Serbia,,4269.0,Aleksandar Mitrović,23.0,Center Forward,,,,,,,120.0,39.6,40.0,Right Foot,87.0,Open Play,113.6,40.2,,,,97.0,Goal,,,,,,,0.8974681,9d3bd428-0514-4b89-a689-ff6511e103f6,93.0,Normal,True,,,,,0.2,,,,,,,,,,,,,,,,True,1,,,,,,,,,,,,,,
07611981-ab41-4294-b278-a4a321c9253c,2022,2,00:14:40.564000,59,40,114,0.160853,3857259,16,Shot,2722,Cameroon,6,From Counter,2722,Cameroon,,11174.0,Vincent Paté Aboubakar,19.0,Center Attacking Midfield,,,,,,,107.5,46.8,38.0,Left Foot,87.0,Open Play,106.5,47.6,,,,96.0,Blocked,,,,,,,0.05176351,1c79cd4d-170e-460a-8bed-075a58139af8,93.0,Normal,,,,,,,,,,,,,,,,,,,,,,,0,,,,,,,,,,,,,,
da5af003-a708-4d60-9153-f78c6651c5bc,2132,2,00:16:53.047000,61,53,119,0.711851,3857259,16,Shot,2722,Cameroon,6,From Counter,2722,Cameroon,,3551.0,Karl Brillant Toko Ekambi,21.0,Left Wing,,,,,,,117.2,36.6,40.0,Right Foot,87.0,Open Play,106.4,24.5,,,,100.0,Saved,,,,,,,0.02132554,a9ae8af0-5161-4611-ab82-5d632cfab5b5,93.0,Normal,,,,,,0.2,,,,,,,,,,,,,,,,,0,,,,,,,,,,,,,,
f7980baf-b4e9-4166-8adb-aa7102534006,2141,2,00:17:22.917000,62,22,121,1.368931,3857259,16,Shot,786,Serbia,8,From Keeper,786,Serbia,,5589.0,Sergej Milinković-Savić,20.0,Left Attacking Midfield,,,,,,,120.0,40.5,40.0,Right Foot,87.0,Open Play,96.4,47.8,1.0,,,98.0,Off T,,,,,,,0.10917903,,92.0,Lob,,,,,,4.4,,,,,,,,,,,,,,,,,0,,,,,,,,,,,,,,
4768edb7-18f4-45fc-8281-4bb29e43dcfd,2158,2,00:17:52.280000,62,52,122,2.489471,3857259,16,Shot,2722,Cameroon,7,From Goal Kick,2722,Cameroon,,11174.0,Vincent Paté Aboubakar,19.0,Center Attacking Midfield,,,,,,,120.0,38.8,40.0,Right Foot,87.0,Open Play,104.4,49.0,,,,97.0,Goal,,,,,,,0.28323865,ba4f4430-00b1-4819-badf-136d209a9176,92.0,Lob,,,,,,2.1,,,,,,,,,,,,,,,,,1,,,,,,,,,,,,,,
72d6e126-e852-4621-b7b3-9861affc8b94,2228,2,00:20:25.056000,65,25,124,0.375912,3857259,16,Shot,2722,Cameroon,6,From Counter,2722,Cameroon,,3499.0,Jean-Eric Maxim Choupo-Moting,23.0,Center Forward,,,,,,,120.0,37.4,38.0,Left Foot,87.0,Open Play,111.0,37.0,,,,97.0,Goal,,,,,,,0.46942416,71ef274d-5cad-4a29-a993-dcad57f0a64f,93.0,Normal,True,,,,,1.5,,,,,,,,,,,,,,,,,1,,,,,,,,,,,,,,
208f73de-8ddb-4e59-9365-e6c3545f8036,2345,2,00:24:58.031000,69,58,131,1.593264,3857259,16,Shot,786,Serbia,2,From Corner,786,Serbia,,5603.0,Nikola Milenković,3.0,Right Center Back,,,,,,,114.9,29.0,37.0,Head,87.0,Open Play,110.5,45.7,1.0,,,101.0,Wayward,True,,,,,,0.0304652,cc22d68f-dae4-4753-ab04-e52f057c4b62,93.0,Normal,,,,,,,,,,,,,,,,,,,,,,,0,,,,,,,,,,,,,,
a63f273c-9a0d-4cfe-89ae-7cbd3d8d0bc1,2569,2,00:30:52.964000,75,52,142,0.239098,3857259,16,Shot,786,Serbia,3,From Free Kick,786,Serbia,,4269.0,Aleksandar Mitrović,23.0,Center Forward,,,,,,,113.5,49.9,40.0,Right Foot,87.0,Open Play,110.1,55.7,,,,100.0,Saved,,,,,,,0.10947208,39a8fb36-716e-494a-aab3-3e5958b9ddd8,93.0,Normal,True,,,,,0.2,,,,,,,,,,,,,,,,,0,,,,,,,,,,,,,,
f7f9e257-3c74-48e2-8e83-6406d92b8ce0,2675,2,00:32:24.850000,77,24,144,0.749327,3857259,16,Shot,786,Serbia,1,Regular Play,786,Serbia,,5589.0,Sergej Milinković-Savić,20.0,Left Attacking Midfield,,,,,,,120.0,40.5,40.0,Right Foot,87.0,Open Play,95.2,48.2,,,,98.0,Off T,,,,,,,0.032438725,29b8c6bc-d217-4dfe-b627-e5ef3733f48b,93.0,Normal,,,,,,4.3,,,,,,,,,,,,,,,,,0,,,,,,,,,,,,,,
c2960b9b-c6ba-4bb9-b6ae-11b4c1c01ce1,2934,2,00:41:07.435000,86,7,158,0.821613,3857259,16,Shot,2722,Cameroon,4,From Throw In,2722,Cameroon,,11174.0,Vincent Paté Aboubakar,19.0,Center Attacking Midfield,,,,,,,114.5,36.7,40.0,Right Foot,87.0,Open Play,94.0,24.8,,,,100.0,Saved,,,,,,,0.025639288,f53d45bb-8541-4e54-8184-ecc410682f6e,93.0,Normal,,,,,,1.7,,,,,,,,,,,,,,,,,0,,,,,,,,,,,,,,
504c7171-e418-4884-96bd-892a1e927e5c,3034,2,00:43:04.783000,88,4,160,0.665074,3857259,16,Shot,786,Serbia,8,From Keeper,786,Serbia,,4269.0,Aleksandar Mitrović,24.0,Left Center Forward,,,,,,,120.0,45.7,40.0,Right Foot,87.0,Open Play,105.1,38.3,,,,98.0,Off T,,,,,,,0.1134657,742a95eb-afa3-43ae-b259-f0e8ae4e2a4c,93.0,Normal,True,,,,,2.9,,,,,,,,,,,,,,,,,0,,,,,,,,,,,,,,
1a3dd69a-682b-43be-aa29-ed4cc4f717e5,3205,2,00:49:08.449000,94,8,172,0.903584,3857259,16,Shot,2722,Cameroon,3,From Free Kick,2722,Cameroon,,3639.0,Georges-Kévin Nkoudou Mbida,21.0,Left Wing,,,,,,,118.6,37.1,40.0,Right Foot,62.0,Free Kick,103.3,13.7,,,,100.0,Saved,,,,,,,0.0070103277,,93.0,Normal,,,,,,1.2,,,,,,,,,,,,,,,,,0,,,,,,,,,,,,,,
ff453b86-63e4-4e15-a1f3-2513f1f9f4f3,3223,2,00:49:42.780000,94,42,175,0.827794,3857259,16,Shot,786,Serbia,4,From Throw In,786,Serbia,,3512.0,Marko Grujić,13.0,Right Center Midfield,,,,,,,116.1,39.5,40.0,Right Foot,87.0,Open Play,92.3,33.6,,,,100.0,Saved,,,,,,,0.027356416,aff24440-5557-4771-81d9-5409be7ac2bb,91.0,Half Volley,,,,,,2.0,,,,,,,,,,,,,,,,,0,,,,,,,,,,,,,,
16191680-1251-4322-8d08-a3c82c9c1d9d,227,1,00:04:48.034000,4,48,8,0.127812,3857283,16,Shot,782,Belgium,1,Regular Play,782,Belgium,,3457.0,Michy Batshuayi Tunga,23.0,Center Forward,,,,,,,112.1,31.5,38.0,Left Foot,87.0,Open Play,110.0,29.6,,,,100.0,Saved,,,,,,,0.13561569,187541b3-dab3-4176-a7b2-99962ecb4b05,93.0,Normal,True,,,,,0.5,,,,,,,,,,,,,,,,,0,,,,,,,,,,,,,,
c6fd5faa-3b76-48f2-b3ef-d26a2b4c8888,566,1,00:15:51.417000,15,51,24,0.31317,3857283,16,Shot,782,Belgium,3,From Free Kick,782,Belgium,,3089.0,Kevin De Bruyne,17.0,Right Wing,,,,,,,105.8,37.8,40.0,Right Foot,87.0,Open Play,95.2,30.1,,,,96.0,Blocked,,,,,,,0.023734333,2b2d98da-18e8-49d7-b570-18dfd22608a5,91.0,Half Volley,True,,,,,,,,,,,,,,,,,,,,,,0,,,,,,,,,,,,,,
9704295d-8af7-4cf8-bded-dfe08956172e,571,1,00:16:21.294000,16,21,25,1.33745,3857283,16,Shot,782,Belgium,2,From Corner,782,Belgium,,48347.0,Amadou Onana,9.0,Right Defensive Midfield,,,,,,,120.0,42.6,37.0,Head,87.0,Open Play,114.6,38.6,,,,98.0,Off T,,,,,,,0.22733837,4b4a345c-96eb-4431-994c-d4ec63ff04a7,93.0,Normal,,,,,,7.5,,,,,,,,,,,,,,,,,0,,,,,,,,,,,,,,
82501a0a-1d39-42bd-8b8a-847d7e85dcb4,680,1,00:18:26.986000,18,26,28,0.708392,3857283,16,Shot,782,Belgium,4,From Throw In,782,Belgium,,3176.0,Thomas Meunier,2.0,Right Back,,,,,,,114.9,36.1,40.0,Right Foot,87.0,Open Play,101.1,27.4,,,,100.0,Saved,,,,,,,0.050302412,,93.0,Normal,,,,,,0.7,,,,,,,,,,,,,,,,,0,,,,,,,,,,,,,,
c37984d3-4c45-48d8-a0da-e2cdb7cc48b2,750,1,00:20:26.086000,20,26,34,1.054305,3857283,16,Shot,788,Morocco,4,From Throw In,788,Morocco,,5237.0,Hakim Ziyech,17.0,Right Wing,,,,,,,120.0,43.4,38.0,Left Foot,87.0,Open Play,88.5,52.0,1.0,,,98.0,Off T,,,,,,,0.010982664,23806f15-df4a-4cb9-810b-eade8352e68e,93.0,Normal,,,,,,4.2,,,,,,,,,,,,,,,,,0,,,,,,,,,,,,,,
421e0893-978d-4c20-bc0f-300baddee972,1067,1,00:27:27.284000,27,27,46,0.538776,3857283,16,Shot,788,Morocco,7,From Goal Kick,788,Morocco,,23774.0,Selim Amallah,13.0,Right Center Midfield,,,,,,,120.0,43.9,40.0,Right Foot,87.0,Open Play,106.0,49.7,,,,98.0,Off T,,,,,,,0.054105066,e3600aa0-7a43-4c0d-ab75-395af9cffc1a,95.0,Volley,True,,,,,6.5,,,,,,,,,,,,,,,,,0,,,,,,,,,,,,,,
41ae724a-0c53-4d8c-a1cd-b6fcbe1b918c,1356,1,00:34:13.751000,34,13,56,0.390455,3857283,16,Shot,788,Morocco,1,Regular Play,788,Morocco,,5245.0,Achraf Hakimi Mouh,2.0,Right Back,,,,,,,120.0,45.4,40.0,Right Foot,87.0,Open Play,109.4,56.3,1.0,,,98.0,Off T,,,,,,,0.054164495,fbe27028-403b-4232-a5f7-c1c54be3e4e2,93.0,Normal,,,,,,3.8,,,,,,,,,,,,,,,,,0,,,,,,,,,,,,,,
71c9aaf5-f70c-4073-b471-3f66683ea104,1377,1,00:34:54.453000,34,54,57,0.009438,3857283,16,Shot,782,Belgium,7,From Goal Kick,782,Belgium,,3089.0,Kevin De Bruyne,17.0,Right Wing,,,,,,,95.0,42.0,38.0,Left Foot,87.0,Open Play,94.1,42.1,1.0,,,96.0,Blocked,,,,,,,0.021631707,131a28c1-abf3-4dca-b69b-cdffd4e3b894,93.0,Normal,,,,,,,,,,,,,,,,,,,,,,,0,,,,,,,,,,,,,,
deb48e4a-e378-47ab-a5d4-c336582719e0,1486,1,00:38:51.371000,38,51,61,1.239375,3857283,16,Shot,782,Belgium,3,From Free Kick,782,Belgium,,3089.0,Kevin De Bruyne,17.0,Right Wing,,,,,,,120.0,39.3,40.0,Right Foot,62.0,Free Kick,112.6,6.7,,,,98.0,Off T,,,,,,,0.007375095,,93.0,Normal,,,,,,3.8,,,,,,,,,,,,,,,,,0,,,,,,,,,,,,,,
597841d0-0851-44f4-bfb0-a2b48076b026,1998,2,00:04:45.298000,49,45,89,0.840412,3857283,16,Shot,788,Morocco,1,Regular Play,788,Morocco,,5237.0,Hakim Ziyech,17.0,Right Wing,,,,,,,118.3,40.4,38.0,Left Foot,87.0,Open Play,95.2,48.1,,,,100.0,Saved,,,,,,,0.02991042,cf54d294-513c-4e55-8465-94e598c904f1,93.0,Normal,,,,,,0.5,,,,,,,,,,,,,,,,,0,,,,,,,,,,,,,,
899e757d-7040-4cbc-9999-0f94ee7d48e3,2075,2,00:06:08.199000,51,8,93,0.553005,3857283,16,Shot,782,Belgium,1,Regular Play,782,Belgium,,3621.0,Eden Hazard,19.0,Center Attacking Midfield,,,,,,,118.2,44.9,40.0,Right Foot,87.0,Open Play,104.9,58.7,,,,100.0,Saved,,,,,,,0.009158539,301ef7f4-225f-42d7-a70d-b8a4fcdad1bc,93.0,Normal,,,,,,1.1,,,,,,,,,,,,,,,,,0,,,,,,,,,,,,,,
a29a62aa-1b60-45e7-af3f-c5c42dfcadf1,2080,2,00:06:52.504000,51,52,94,0.962366,3857283,16,Shot,782,Belgium,2,From Corner,782,Belgium,,48347.0,Amadou Onana,9.0,Right Defensive Midfield,,,,,,,120.0,31.5,37.0,Head,87.0,Open Play,111.4,40.8,1.0,,,98.0,Off T,True,,,,,,0.06452631,497267ac-82df-4ec2-933d-6088fc1da517,93.0,Normal,,,,,,4.0,,,,,,,,,,,,,,,,,0,,,,,,,,,,,,,,
eb8511c6-2168-44eb-8e9f-0a3eb6277431,2295,2,00:11:11.177000,56,11,101,0.998964,3857283,16,Shot,788,Morocco,4,From Throw In,788,Morocco,,3625.0,Sofiane Boufal,21.0,Left Wing,,,,,,,120.0,45.4,40.0,Right Foot,87.0,Open Play,106.6,22.0,,,,98.0,Off T,,,,,,,0.01369968,c9735d11-95e9-4be6-8de0-76cd623bc82e,93.0,Normal,,,,,,0.4,,,,,,,,,,,,,,,,,0,,,,,,,,,,,,,,
436fcb00-86e6-45c5-92d1-d396c2cdf615,2522,2,00:15:50.096000,60,50,106,1.282406,3857283,16,Shot,788,Morocco,1,Regular Play,788,Morocco,,15890.0,Noussair Mazraoui,6.0,Left Back,,,,,,,120.0,31.3,40.0,Right Foot,87.0,Open Play,87.4,35.3,,,,98.0,Off T,,,,,,,0.022188112,eb36a7bd-d272-4d31-ab4e-f8b85f052622,93.0,Normal,True,,,,,0.2,,,,,,,,,,,,,,,,,0,,,,,,,,,,,,,,
dfce2641-34c0-414d-867e-cb1f003962a1,2715,2,00:19:40.157000,64,40,112,0.618813,3857283,16,Shot,782,Belgium,1,Regular Play,782,Belgium,,5630.0,Dries Mertens,17.0,Right Wing,,,,,,,115.5,39.5,40.0,Right Foot,87.0,Open Play,97.9,37.7,,,,100.0,Saved,,,,,,,0.065653466,99c1e42e-bb84-44f6-b56e-6efe771d46f9,93.0,Normal,,,,,,1.0,,,,,,,,,,,,,,,,,0,,,,,,,,,,,,,,
e8e8db1d-29c3-40cc-a11a-c33e0401ba0c,2808,2,00:23:26.379000,68,26,115,0.756823,3857283,16,Shot,788,Morocco,3,From Free Kick,788,Morocco,,46258.0,Azzedine Ounahi,15.0,Left Center Midfield,,,,,,,120.0,38.8,40.0,Right Foot,87.0,Open Play,87.6,38.2,,,,98.0,Off T,,,,,,,0.023304239,6feb78eb-4229-4920-9ce3-9b03a818bc25,93.0,Normal,,,,,,6.9,,,,,,,,,,,,,,,,,0,,,,,,,,,,,,,,
b6a989d8-2507-4df8-aaf0-1ff4c094590a,2933,2,00:27:37.205000,72,37,123,0.196009,3857283,16,Shot,788,Morocco,3,From Free Kick,788,Morocco,,5219.0,Romain Saïss,5.0,Left Center Back,,,,,,,120.0,38.3,70.0,Other,87.0,Open Play,118.0,36.4,,,,97.0,Goal,,,,,,,0.56495196,e8131630-0fdd-4854-a3bc-4f97b9baf234,93.0,Normal,,,,,,0.6,,,,,,,,,True,,,,,,,True,1,,,,,,,,,,,,,,
866011a0-4740-42a2-89c4-32a137220fa5,3167,2,00:36:40.531000,81,40,133,0.956719,3857283,16,Shot,782,Belgium,2,From Corner,782,Belgium,,3077.0,Jan Vertonghen,6.0,Left Back,,,,,,,120.0,45.4,37.0,Head,87.0,Open Play,109.1,37.6,1.0,,,98.0,Off T,True,,,,,,0.03727616,03e1f1f4-ab1b-4187-b1c4-45a36519defc,93.0,Normal,,,,,,1.0,,,,,,,,,,,,,,,,,0,,,,,,,,,,,,,,
7dc143c8-2c30-4d5e-b227-682e509874b1,3526,2,00:45:00.133000,90,0,148,0.077507,3857283,16,Shot,788,Morocco,1,Regular Play,788,Morocco,,59493.0,Abderrazak Hamdallah,23.0,Center Forward,,,,,,,118.0,32.0,38.0,Left Foot,87.0,Open Play,116.6,28.9,,,,100.0,Saved,,,,,,,0.036752854,25c0d9a2-fb63-4fb9-b20d-21e63ab340b1,93.0,Normal,,,,,,1.0,,,,,,,,,,,,,,,,,0,,,,,,,,,,,,,,
517c2f9b-2447-4745-8735-2e502ced8c9a,3565,2,00:46:51.281000,91,51,151,0.499931,3857283,16,Shot,788,Morocco,7,From Goal Kick,788,Morocco,,21736.0,Zakaria Aboukhlal,21.0,Left Wing,,,,,,,120.0,42.8,40.0,Right Foot,87.0,Open Play,110.3,46.8,,,,97.0,Goal,,,,,,,0.18104906,4560c1ae-a857-43a0-8e91-a25e3f97432d,93.0,Normal,True,,,,,2.4,,,,,,,,,,,,,,,,,1,,,,,,,,,,,,,,
53852ddf-9980-469d-adbe-f637e3bc965a,849,1,00:28:07.800000,28,7,43,0.957356,3857286,16,Shot,3565,Ecuador,4,From Throw In,3565,Ecuador,,12803.0,Romario Andrés Ibarra Mina,16.0,Left Midfield,,,,,,,120.0,48.0,40.0,Right Foot,87.0,Open Play,96.5,46.4,1.0,,,98.0,Off T,,,,,,,0.057691004,,93.0,Normal,,,,,,7.3,,,,,,,,,,,,,,,,,0,,,,,,,,,,,,,,
c3624e59-7177-4509-a421-e1eb8ce13f88,922,1,00:30:44.877000,30,44,49,0.626872,3857286,16,Shot,3565,Ecuador,1,Regular Play,3565,Ecuador,,28559.0,Enner Remberto Valencia Lastra,22.0,Right Center Forward,,,,,,,120.0,36.5,37.0,Head,87.0,Open Play,109.6,38.0,,,,97.0,Goal,,,,,,,0.08878088,be655af5-c3eb-4a9f-bc90-98f50652a0cc,93.0,Normal,,,,,,0.6,,,,,,,,,,,,,,,,,1,,,,,,,,,,,,,,
a86be18c-5fb6-4b0f-b0a3-0665578fc2db,952,1,00:32:40.303000,32,40,50,0.62443,3857286,16,Shot,3566,Qatar,9,From Kick Off,3566,Qatar,,124494.0,Abdelkarim Hassan Al Haj Fadlalla,5.0,Left Center Back,,,,,,,120.0,37.1,38.0,Left Foot,87.0,Open Play,88.4,22.4,,,,98.0,Off T,,,,,,,0.0062173195,e6f93f11-c3b4-4e21-a6b5-adb0f9a22fae,93.0,Normal,,,,,,6.9,,,,,,,,,,,,,,,,,0,,,,,,,,,,,,,,
661531f6-17c2-4898-a780-a61b4cbf95a9,1499,1,00:49:51.937000,49,51,73,0.575175,3857286,16,Shot,3566,Qatar,3,From Free Kick,3566,Qatar,,124495.0,Almoez Ali Zainalabiddin Abdulla,22.0,Right Center Forward,,,,,,,120.0,32.3,37.0,Head,87.0,Open Play,113.0,43.7,,,,98.0,Off T,,,,,,,0.21267414,ac1a1be2-612b-4121-9d78-b1d71b95d415,93.0,Normal,,,,,,1.6,,,,,,,,,True,,,,,,,,0,,,,,,,,,,,,,,
b34357d4-f695-4549-94fe-aafd43d5804a,1855,2,00:06:26.663000,51,26,90,1.043432,3857286,16,Shot,3565,Ecuador,1,Regular Play,3565,Ecuador,,37737.0,Angelo Smit Preciado Quiñónez,2.0,Right Back,,,,,,,120.0,38.8,40.0,Right Foot,87.0,Open Play,91.7,61.5,,,,98.0,Off T,,,,,,,0.0066099144,99bb21a9-64bf-475e-8cc4-0f243ffb26f9,93.0,Normal,,,,,,7.5,,,,,,,,,,,,,,,,,0,,,,,,,,,,,,,,
72561b5a-31fa-4104-b454-0e964f411b64,1970,2,00:09:46.470000,54,46,95,0.580855,3857286,16,Shot,3565,Ecuador,1,Regular Play,3565,Ecuador,,12803.0,Romario Andrés Ibarra Mina,16.0,Left Midfield,,,,,,,113.8,39.2,40.0,Right Foot,87.0,Open Play,101.9,32.3,,,,100.0,Saved,,,,,,,0.07894745,035c2a15-c188-4fad-bbaf-2ff7fb7f9af4,93.0,Normal,,,,,,1.5,,,,,,,,,,,,,,,,,0,,,,,,,,,,,,,,
4046102c-c33a-482e-b738-27f4172bc34e,2206,2,00:16:23.241000,61,23,103,0.687738,3857286,16,Shot,3566,Qatar,4,From Throw In,3566,Qatar,,124506.0,Pedro Miguel Correia,7.0,Right Wing Back,,,,,,,120.0,34.2,37.0,Head,87.0,Open Play,106.5,47.5,1.0,,,98.0,Off T,True,,,,,,0.030855335,39a4193c-65da-4ad0-aab2-5cdf59eca42a,93.0,Normal,,,,,,1.0,,,,,,,,,,,,,,,,,0,,,,,,,,,,,,,,
a6a2188e-f3b8-4889-9bd1-3e19c174d5dd,2670,2,00:29:36.122000,74,36,123,0.753485,3857286,16,Shot,3566,Qatar,4,From Throw In,3566,Qatar,,40784.0,Akram Hassan Afif,24.0,Left Center Forward,,,,,,,120.0,39.5,40.0,Right Foot,87.0,Open Play,92.1,23.1,,,,98.0,Off T,,,,,,,0.009109482,b466bc2c-7058-4c16-91d8-bcaf4b6b6af3,93.0,Normal,,,,,,5.9,,,,,,,,,,,,,,,,,0,,,,,,,,,,,,,,
763dbf96-1701-4db9-9b05-2243c7734160,3005,2,00:40:28.040000,85,28,140,0.569608,3857286,16,Shot,3566,Qatar,7,From Goal Kick,3566,Qatar,,124901.0,Mohammed Muntari,22.0,Right Center Forward,,,,,,,120.0,42.0,40.0,Right Foot,87.0,Open Play,100.2,55.2,,,,98.0,Off T,,,,,,,0.045332674,4fd5ea65-738d-40a5-8f32-201830584ba7,91.0,Half Volley,True,,,,,3.8,,,,,,,,,,,,,,,,,0,,,,,,,,,,,,,,
8d9322d1-dee7-4ea0-9402-6122d500dcfe,3280,2,00:49:26.455000,94,26,156,0.816401,3857286,16,Shot,3565,Ecuador,2,From Corner,3565,Ecuador,,348757.0,Kevin José Rodríguez Cortez,23.0,Center Forward,,,,,,,120.0,30.2,37.0,Head,87.0,Open Play,112.3,37.4,,,,98.0,Off T,,,,,,,0.13848205,caed5e8f-182c-4b97-aa09-9eab618524b7,93.0,Normal,,,,,,2.0,,,,,,,,,,,,,,,,,0,,,,,,,,,,,,,,
529aa3ea-3b3d-460c-8e1e-11620dd054e2,95,1,00:01:34.952000,1,34,3,0.619649,3857300,16,Shot,779,Argentina,1,Regular Play,779,Argentina,,5503.0,Lionel Andrés Messi Cuccittini,22.0,Right Center Forward,,,,,,,117.6,40.3,38.0,Left Foot,87.0,Open Play,104.5,44.5,,,,100.0,Saved,,,,,,,0.15308252,,93.0,Normal,True,,,,,0.2,,,,,,,,,,,,,,,,,0,,,,,,,,,,,,,,
1f7cd98b-3a5d-4ead-a143-345ba7b407ba,631,1,00:20:00.702000,20,0,29,0.948489,3857300,16,Shot,779,Argentina,4,From Throw In,779,Argentina,,7006.0,Alejandro Darío Gómez,16.0,Left Midfield,,,,,,,120.0,41.1,40.0,Right Foot,87.0,Open Play,98.4,20.2,,,,98.0,Off T,,,,,,,0.011924569,afedc48c-6cd4-491c-8817-7433ddf7ba0e,93.0,Normal,,,,,,6.0,,,,,,,,,,,,,,,,,0,,,,,,,,,,,,,,
ba082185-bd90-4c92-9df1-3e7d47fb7c64,1265,1,00:41:54.016000,41,54,61,0.169894,3857300,16,Shot,779,Argentina,3,From Free Kick,779,Argentina,,11456.0,Lautaro Javier Martínez,24.0,Left Center Forward,,,,,,,114.4,35.5,37.0,Head,87.0,Open Play,113.2,33.8,,,,96.0,Blocked,,,,,,,0.0877444,f675afe7-6999-406d-9302-896384aa59ff,93.0,Normal,,,,,,,,,,,,,,,,,,,,,,,0,,,,,,,,,,,,,,
994da29b-03e4-4354-94fa-09955eeb2744,1269,1,00:41:56.324000,41,56,61,0.751256,3857300,16,Shot,779,Argentina,3,From Free Kick,779,Argentina,,7797.0,Rodrigo Javier De Paul,9.0,Right Defensive Midfield,,,,,,,120.0,34.9,40.0,Right Foot,87.0,Open Play,101.1,41.8,,,,98.0,Off T,,,,,,,0.050540753,,91.0,Half Volley,True,,,,,6.5,,,,,,,,,,,,,,,,,0,,,,,,,,,,,,,,
0751ad88-9cbe-4424-8322-cbad542842b4,1803,2,00:02:40.060000,47,40,78,1.125889,3857300,16,Shot,799,Saudi Arabia,3,From Free Kick,799,Saudi Arabia,,51469.0,Saleh Khalid Al Shehri,23.0,Center Forward,,,,,,,120.0,43.2,38.0,Left Foot,87.0,Open Play,108.0,29.6,,,,97.0,Goal,,,,,,,0.080592275,8eb9dbac-73e9-41ed-8a36-c739565aaa3d,93.0,Normal,,,,,,0.1,,,,,,,,,,,,,,,,,1,,,,,,,,,,,,,,
51e67deb-4f0b-4ed7-8761-62c274c944e5,1945,2,00:07:36.104000,52,36,88,0.429016,3857300,16,Shot,799,Saudi Arabia,1,Regular Play,799,Saudi Arabia,,54144.0,Nawaf Shaker Al Abid,19.0,Center Attacking Midfield,,,,,,,113.3,44.9,38.0,Left Foot,87.0,Open Play,104.9,54.1,,,,96.0,Blocked,,,,,,,0.040064447,,93.0,Normal,,,,,,,,,,,,,,,,,,,,,,,0,,,,,,,,,,,,,,
07c658a2-5845-4b8b-b6e7-60206fdcac0d,1958,2,00:07:44.366000,52,44,88,0.789755,3857300,16,Shot,799,Saudi Arabia,1,Regular Play,799,Saudi Arabia,,5187.0,Salem Mohammed Al Dawsari,16.0,Left Midfield,,,,,,,120.0,43.4,40.0,Right Foot,87.0,Open Play,102.4,25.3,,,,97.0,Goal,,,,,,,0.03280492,,93.0,Normal,,,,,,2.0,,,,,,,,,,,,,,,,,1,,,,,,,,,,,,,,
3a9a382c-c6fc-4f96-9b1e-9eae06af8ebb,2286,2,00:17:47.471000,62,47,105,0.306362,3857300,16,Shot,779,Argentina,2,From Corner,779,Argentina,,27768.0,Lisandro Martínez,5.0,Left Center Back,,,,,,,115.1,38.3,40.0,Right Foot,87.0,Open Play,111.1,39.9,,,,96.0,Blocked,,,,,,,0.33156127,df8aeee6-1e31-4425-b18e-4880e4bc0254,93.0,Normal,True,,,,,,,,,,,,,,,,,,,,,,0,,,,,,,,,,,,,,
eb0b5b02-374c-4bae-8a81-c2bcdc7841e0,2290,2,00:17:47.889000,62,47,105,0.448108,3857300,16,Shot,779,Argentina,2,From Corner,779,Argentina,,5507.0,Nicolás Alejandro Tagliafico,6.0,Left Back,,,,,,,119.5,37.5,70.0,Other,87.0,Open Play,116.1,37.2,,,,100.0,Saved,,,,,,,0.63619345,,93.0,Normal,,,,,,1.0,,,,,,,,,True,,,,,,,,0,,,,,,,,,,,,,,
bfb9d0d0-5828-4209-9824-c1e973b8995f,2505,2,00:23:35.664000,68,35,112,0.390929,3857300,16,Shot,779,Argentina,2,From Corner,779,Argentina,,11456.0,Lautaro Javier Martínez,24.0,Left Center Forward,,,,,,,120.0,32.5,37.0,Head,87.0,Open Play,116.5,31.1,1.0,,,98.0,Off T,True,,,,,,0.077176735,16f1a8c8-22f7-4996-90fe-cbd89ff0b199,93.0,Normal,,,,,,3.9,,,,,,,,,,,,,,,,,0,,,,,,,,,,,,,,
c9eff299-b8d3-4929-b625-8d918de42284,2569,2,00:26:54.592000,71,54,116,0.569161,3857300,16,Shot,779,Argentina,4,From Throw In,779,Argentina,,2995.0,Ángel Fabián Di María Hernández,12.0,Right Midfield,,,,,,,118.1,43.3,40.0,Right Foot,87.0,Open Play,111.4,54.4,,,,100.0,Saved,,,,,,,0.0639515,36e5595f-28d3-4eb2-811a-7d361f633511,93.0,Normal,,,,,,0.2,,,,,,,,,True,,,,,,,,0,,,,,,,,,,,,,,
770efb1f-3bc8-4381-bac6-a920a9878aa7,2630,2,00:28:37.994000,73,37,118,0.777095,3857300,16,Shot,779,Argentina,4,From Throw In,779,Argentina,,2995.0,Ángel Fabián Di María Hernández,12.0,Right Midfield,,,,,,,101.0,49.6,38.0,Left Foot,87.0,Open Play,86.7,57.3,,,,96.0,Blocked,,,,,,,0.015201165,8e3e0336-8f97-4030-8f80-94ecdf5e47b6,91.0,Half Volley,,,,,,,,,,,,,,,,,,,,,,,0,,,,,,,,,,,,,,
64cb4ef6-2e17-4a8f-98e2-6166aba06b6c,2674,2,00:30:19.246000,75,19,122,0.886367,3857300,16,Shot,779,Argentina,2,From Corner,779,Argentina,,38718.0,Enzo Fernandez,11.0,Left Defensive Midfield,,,,,,,120.0,43.4,37.0,Head,87.0,Open Play,108.2,39.6,,,,98.0,Off T,,,,,,,0.036932193,6b315ed8-b99a-4dbe-b9cc-d6e1947cef79,93.0,Normal,,,,,,5.9,,,,,,,,,,,,,,,,,0,,,,,,,,,,,,,,
64e98afa-c394-42f2-b191-1dc255c886f5,2725,2,00:34:58.750000,79,58,127,1.156514,3857300,16,Shot,779,Argentina,3,From Free Kick,779,Argentina,,5503.0,Lionel Andrés Messi Cuccittini,22.0,Right Center Forward,,,,,,,120.0,43.7,38.0,Left Foot,62.0,Free Kick,92.8,47.1,,,,98.0,Off T,,,,,,,0.056788407,,93.0,Normal,,,,,,5.0,,,,,,,,,,,,,,,,,0,,,,,,,,,,,,,,
6cc65765-9ac9-4604-8875-6547b2ad14d4,2843,2,00:38:31.594000,83,31,133,0.562926,3857300,16,Shot,779,Argentina,1,Regular Play,779,Argentina,,5503.0,Lionel Andrés Messi Cuccittini,22.0,Right Center Forward,,,,,,,119.0,39.2,37.0,Head,87.0,Open Play,113.6,32.2,,,,100.0,Saved,,,,,,,0.077553175,f0668fbb-9655-4af3-8f3e-5e5308d9a4df,93.0,Normal,,,,,,1.0,,,,,,,,,,,,,,,,,0,,,,,,,,,,,,,,
c9b280a8-1525-4aee-8494-096e30768667,3023,2,00:45:34.809000,90,34,144,0.424789,3857300,16,Shot,779,Argentina,2,From Corner,779,Argentina,,3090.0,Nicolás Hernán Otamendi,3.0,Right Center Back,,,,,,,110.9,45.0,37.0,Head,87.0,Open Play,109.5,37.8,1.0,,,101.0,Wayward,True,,,,,,0.048093256,8e87026c-84fd-47a6-b8b3-860cf706b1cb,93.0,Normal,,,,,,,,,,,,,,,,,,,,,,,0,,,,,,,,,,,,,,
7c0424dd-72c7-4393-af7d-6ff52e56c608,3198,2,00:55:03.562000,100,3,153,0.932726,3857300,16,Shot,779,Argentina,2,From Corner,779,Argentina,,29560.0,Julián Álvarez,16.0,Left Midfield,,,,,,,118.3,39.8,37.0,Head,87.0,Open Play,112.5,33.2,1.0,,,100.0,Saved,True,,,,,,0.061390053,ee7ec940-e0da-4583-8b67-702b3a571cfe,93.0,Normal,,,,,,2.1,,,,,,,,,,,,,,,,,0,,,,,,,,,,,,,,
0a7ad118-6c7e-48d9-9567-e3ccf2572d8f,131,1,00:03:49.400000,3,49,11,0.011363,3857299,16,Shot,791,South Korea,1,Regular Play,791,South Korea,,40542.0,Gue-Sung Cho,23.0,Center Forward,,,,,,,112.7,44.4,38.0,Left Foot,87.0,Open Play,111.9,44.7,1.0,,,96.0,Blocked,,,,,,,0.09163986,eec1abfb-c72a-4b77-b640-85ab8ebaaf14,93.0,Normal,True,,,,,,,,,,,,,,,,,,,,,,0,,,,,,,,,,,,,,
63df3171-a209-4ce8-8a45-069cc7ce977b,215,1,00:07:14.286000,7,14,18,0.023895,3857299,16,Shot,791,South Korea,2,From Corner,791,South Korea,,22067.0,Woo-Yeong Jeong,19.0,Center Attacking Midfield,,,,,,,99.5,48.4,40.0,Right Foot,87.0,Open Play,96.7,49.1,,,,96.0,Blocked,,,,,,,0.03008143,,93.0,Normal,,,,,,,,,,,,,,,,,,,,,,,0,,,,,,,,,,,,,,
ef6accb7-1ca3-46b0-9ba9-9c1f3fee82aa,220,1,00:07:49.620000,7,49,19,0.5666,3857299,16,Shot,791,South Korea,2,From Corner,791,South Korea,,43565.0,Min Jae Kim,3.0,Right Center Back,,,,,,,115.3,38.7,37.0,Head,87.0,Open Play,114.5,47.9,,,,101.0,Wayward,,,,,,,0.059008703,c7be83d4-ccf2-4703-909b-15bff0e20f77,93.0,Normal,,,,,,,,,,,,,,,,,,,,,,,0,,,,,,,,,,,,,,
48e811c5-297c-4215-ba03-6eeaf12092c4,227,1,00:07:54.256000,7,54,19,0.372766,3857299,16,Shot,791,South Korea,2,From Corner,791,South Korea,,23763.0,In-Beom Hwang,11.0,Left Defensive Midfield,,,,,,,107.1,47.0,40.0,Right Foot,87.0,Open Play,95.7,54.9,,,,96.0,Blocked,,,,,,,0.019586006,,93.0,Normal,,,,,,,,,,,,,,,,,,,,,,,0,,,,,,,,,,,,,,
68826d2d-5f3a-475f-9c22-dcac57cc973a,560,1,00:17:10.964000,17,10,29,0.141822,3857299,16,Shot,791,South Korea,2,From Corner,791,South Korea,,40542.0,Gue-Sung Cho,23.0,Center Forward,,,,,,,115.8,31.4,37.0,Head,87.0,Open Play,115.4,30.4,,,,96.0,Blocked,,,,,,,0.055939306,58577da7-5883-4bfe-84d9-44c1b69a856c,93.0,Normal,,,,,,,,,,,,,,,,,,,,,,,0,,,,,,,,,,,,,,
5c00500d-0493-404e-93dc-b05b6beb88d6,783,1,00:23:43.958000,23,43,38,0.457878,3857299,16,Shot,4885,Ghana,3,From Free Kick,4885,Ghana,,30519.0,Mohamed Salisu,5.0,Left Center Back,,,,,,,120.0,41.6,38.0,Left Foot,87.0,Open Play,115.5,37.9,,,,97.0,Goal,,,,,,,0.4040968,,91.0,Half Volley,True,,,,,0.6,,,,,,,,,,,,,,,,,1,,,,,,,,,,,,,,
0fcd16e1-49bb-45f6-9cd6-90db37fc3cdc,1147,1,00:33:49.322000,33,49,51,0.639539,3857299,16,Shot,4885,Ghana,7,From Goal Kick,4885,Ghana,,17033.0,Mohammed Kudus,17.0,Right Wing,,,,,,,120.0,43.0,37.0,Head,87.0,Open Play,113.1,41.8,,,,97.0,Goal,,,,,,,0.20083603,47f149d5-addb-43b8-9add-25509cc9f5ab,93.0,Normal,,,,,,1.3,,,,,,,,,,,,,,,,,1,,,,,,,,,,,,,,
a413b677-d8dd-433b-b63c-b9f430ac398f,1611,1,00:44:49.916000,44,49,66,1.23091,3857299,16,Shot,791,South Korea,4,From Throw In,791,South Korea,,5618.0,Woo-Young Jung,9.0,Right Defensive Midfield,,,,,,,120.0,45.4,40.0,Right Foot,87.0,Open Play,100.6,20.0,,,,98.0,Off T,,,,,,,0.010946972,db2540f1-702d-48d8-9c2a-baaef0263793,93.0,Normal,,,,,,2.5,,,,,,,,,,,,,,,,,0,,,,,,,,,,,,,,
5af663a8-2568-4c76-9d07-73947450bb72,1719,1,00:49:30.439000,49,30,75,0.15195,3857299,16,Shot,4885,Ghana,2,From Corner,4885,Ghana,,6383.0,Thomas Teye Partey,9.0,Right Defensive Midfield,,,,,,,120.0,34.0,37.0,Head,87.0,Open Play,118.3,36.2,1.0,,,98.0,Off T,True,,,,,,0.21468838,e4030cd7-5aa5-416b-bcff-9e7cabde5cad,93.0,Normal,,,,,,6.1,,,,,,,,,,,,,,,,,0,,,,,,,,,,,,,,
a70147ae-4681-4c1a-b321-1bb3351dac7d,1985,2,00:04:38.775000,49,38,83,0.868489,3857299,16,Shot,4885,Ghana,4,From Throw In,4885,Ghana,,33602.0,Tariq Lamptey,2.0,Right Back,,,,,,,120.0,34.7,38.0,Left Foot,87.0,Open Play,104.8,52.1,,,,98.0,Off T,,,,,,,0.07450179,,93.0,Normal,,,,,,4.9,,,,,,,,,,,,,,,,,0,,,,,,,,,,,,,,
2ae2708d-eacc-4b5c-88b6-6af78a8fb7c5,2051,2,00:07:03.795000,52,3,85,0.628182,3857299,16,Shot,791,South Korea,4,From Throw In,791,South Korea,,40542.0,Gue-Sung Cho,23.0,Center Forward,,,,,,,119.0,36.8,37.0,Head,87.0,Open Play,111.6,36.7,,,,100.0,Saved,,,,,,,0.07677545,0c824838-92d1-4b95-a478-a162aff04255,93.0,Normal,,,,,,2.0,,,,,,,,,,,,,,,,,0,,,,,,,,,,,,,,
96265fa7-2689-4ba5-bfe3-781c93b4ee60,2205,2,00:12:19.568000,57,19,95,0.478525,3857299,16,Shot,791,South Korea,1,Regular Play,791,South Korea,,40542.0,Gue-Sung Cho,23.0,Center Forward,,,,,,,120.0,40.2,37.0,Head,87.0,Open Play,112.6,38.4,,,,97.0,Goal,,,,,,,0.23484395,2cff0c01-ede7-4841-b98c-a4b5045cf615,93.0,Normal,,,,,,0.4,,,,,,,,,True,,,,,,,,1,,,,,,,,,,,,,,
2345dd7d-8990-4f6a-abaf-f93463247f7e,2277,2,00:15:07.244000,60,7,99,0.321139,3857299,16,Shot,791,South Korea,4,From Throw In,791,South Korea,,40542.0,Gue-Sung Cho,23.0,Center Forward,,,,,,,120.0,41.6,37.0,Head,87.0,Open Play,115.5,43.7,1.0,,,97.0,Goal,True,,,,,,0.16237147,187b4815-073d-4b1d-9782-bcc217428e8c,93.0,Normal,,,,,,2.3,,,,,,,,,,,,,,,,,1,,,,,,,,,,,,,,
9d2721df-3127-484a-baa3-99140a5f540b,2466,2,00:22:50.951000,67,50,113,0.134642,3857299,16,Shot,4885,Ghana,3,From Free Kick,4885,Ghana,,6393.0,Iñaki Williams Arthuer,23.0,Center Forward,,,,,,,109.4,47.6,40.0,Right Foot,87.0,Open Play,109.2,32.5,,,,101.0,Wayward,,,,,,,0.10557394,6fdcc7ec-58a5-4121-a580-6bc9cebb2ed6,93.0,Normal,True,,,,,,,,,,,,,,,,,,,,,,0,,,,,,,,,,,,,,
483f71ea-2bd4-4de1-8e0e-026bff459fb8,2469,2,00:22:52.189000,67,52,113,0.69586,3857299,16,Shot,4885,Ghana,3,From Free Kick,4885,Ghana,,17033.0,Mohammed Kudus,17.0,Right Wing,,,,,,,120.0,39.8,38.0,Left Foot,87.0,Open Play,108.4,48.6,,,,97.0,Goal,,,,,,,0.15416233,,93.0,Normal,True,,,,,0.4,,,,,,,,,,,,,,,,,1,,,,,,,,,,,,,,
c9c496ca-6f87-41f1-8bfa-bffaf64a3b8e,2617,2,00:29:34.918000,74,34,122,1.139025,3857299,16,Shot,791,South Korea,3,From Free Kick,791,South Korea,,22740.0,Kang-In Lee,19.0,Center Attacking Midfield,,,,,,,119.0,43.4,38.0,Left Foot,62.0,Free Kick,90.9,45.4,,,,100.0,Saved,,,,,,,0.034794893,,93.0,Normal,,,,,,0.2,,,,,,,,,,,,,,,,,0,,,,,,,,,,,,,,
0337c5e5-aaeb-4704-a6c6-35590a5cb9a0,2631,2,00:30:15.328000,75,15,123,0.144624,3857299,16,Shot,791,South Korea,2,From Corner,791,South Korea,,3083.0,Heung-Min Son,21.0,Left Wing,,,,,,,112.3,31.0,40.0,Right Foot,87.0,Open Play,110.9,29.2,,,,96.0,Blocked,,,,,,,0.065267496,27c7b4af-09eb-421a-8f11-ed6ee3946471,93.0,Normal,,,,,,,,,,,,,,,,,,,,,,,0,,,,,,,,,,,,,,
ac9db281-af11-4d8c-b1a4-262997862862,2654,2,00:30:38.290000,75,38,123,0.134837,3857299,16,Shot,791,South Korea,2,From Corner,791,South Korea,,22740.0,Kang-In Lee,19.0,Center Attacking Midfield,,,,,,,114.7,54.8,38.0,Left Foot,87.0,Open Play,114.2,56.1,,,,96.0,Blocked,,,,,,,0.011154885,824671e0-4a83-4489-b004-d302240ad2f7,93.0,Normal,,,,,,,,,,,,,,,,,,,,,,,0,,,,,,,,,,,,,,
5ca72f53-464c-486a-960f-49ed897eab56,2658,2,00:30:40.417000,75,40,123,0.931942,3857299,16,Shot,791,South Korea,2,From Corner,791,South Korea,,40538.0,Jin-Su Kim,6.0,Left Back,,,,,,,119.2,42.6,38.0,Left Foot,87.0,Open Play,112.0,30.1,,,,96.0,Blocked,,,,,,,0.19109753,,95.0,Volley,True,,,,,,,,,,,,,,,,,,,,,,0,,,,,,,,,,,,,,
711ca1dd-14b6-46cc-a662-9b466102981f,2833,2,00:37:30.832000,82,30,134,0.884321,3857299,16,Shot,4885,Ghana,2,From Corner,4885,Ghana,,31029.0,Salis Abdul Samed,11.0,Left Defensive Midfield,,,,,,,120.0,34.3,40.0,Right Foot,87.0,Open Play,96.1,40.1,,,,98.0,Off T,,,,,,,0.026676558,,95.0,Volley,True,,,,,7.5,,,,,,,,,,,,,,,,,0,,,,,,,,,,,,,,
5fbdbb84-3a38-48dc-b558-0e3fd73dd31e,2861,2,00:38:16.479000,83,16,135,0.478813,3857299,16,Shot,791,South Korea,7,From Goal Kick,791,South Korea,,40538.0,Jin-Su Kim,6.0,Left Back,,,,,,,120.0,38.4,38.0,Left Foot,87.0,Open Play,107.7,23.5,,,,98.0,Off T,,,,,,,0.03964235,,93.0,Normal,,,,,,4.2,,,,,,,,,,,,,,,,,0,,,,,,,,,,,,,,
cdc5580c-1a34-4ef3-b8e5-3378d4515a80,2925,2,00:40:36.453000,85,36,140,1.30792,3857299,16,Shot,791,South Korea,3,From Free Kick,791,South Korea,,40538.0,Jin-Su Kim,6.0,Left Back,,,,,,,120.0,21.8,37.0,Head,87.0,Open Play,112.0,33.2,1.0,,,101.0,Wayward,True,1.0,,,,,0.054534186,0a0ab2e4-72e8-4350-a4f4-039151997578,93.0,Normal,,,,,,,,,,,,,,,,,,,,,,,0,,,,,,,,,,,,,,
f8a8b00d-6a42-40fc-9548-95c6f9fae34d,3003,2,00:45:10.708000,90,10,144,0.135114,3857299,16,Shot,791,South Korea,2,From Corner,791,South Korea,,3083.0,Heung-Min Son,21.0,Left Wing,,,,,,,112.2,31.5,40.0,Right Foot,87.0,Open Play,109.6,28.5,,,,96.0,Blocked,,,,,,,0.060233038,02be4c3c-77af-48d0-8c22-2fc1110ece83,93.0,Normal,,,,,,,,,,,,,,,,,,,,,,,0,,,,,,,,,,,,,,
df62858c-cec5-41e8-a76c-30125e24472c,3008,2,00:45:13.221000,90,13,144,0.053879,3857299,16,Shot,791,South Korea,2,From Corner,791,South Korea,,5604.0,Young-Gwon Kim,5.0,Left Center Back,,,,,,,105.8,38.3,38.0,Left Foot,87.0,Open Play,103.6,37.6,,,,96.0,Blocked,,,,,,,0.064945966,,93.0,Normal,,,,,,,,,,,,,,,,,,,,,,,0,,,,,,,,,,,,,,
471a0a82-25bc-4c8a-92f3-ac88f73ce9cf,3055,2,00:45:53.834000,90,53,144,0.947196,3857299,16,Shot,791,South Korea,2,From Corner,791,South Korea,,41711.0,Sang-Ho Na,17.0,Right Wing,,,,,,,117.9,44.4,37.0,Head,87.0,Open Play,113.0,49.3,1.0,,,100.0,Saved,True,,,,,,0.05996953,9477448e-f566-4a66-b348-b16e175dd5ab,93.0,Normal,,,,,,1.0,,,,,,,,,,,,,,,,,0,,,,,,,,,,,,,,
046008c5-c6f8-47b9-960d-3f434171d7c4,3152,2,00:48:56.384000,93,56,149,0.503434,3857299,16,Shot,791,South Korea,2,From Corner,791,South Korea,,40542.0,Gue-Sung Cho,23.0,Center Forward,,,,,,,118.9,35.7,38.0,Left Foot,87.0,Open Play,111.6,23.1,,,,100.0,Saved,,,,,,,0.014336902,6dbea92c-104c-4a5b-9200-3ce3c8956790,93.0,Normal,True,,,,,1.7,,,,,,,,,,,,,,,,,0,,,,,,,,,,,,,,
feaa29d5-d856-4615-95a3-b1ec96ca52a7,3312,2,00:54:45.884000,99,45,155,1.222258,3857299,16,Shot,791,South Korea,4,From Throw In,791,South Korea,,22740.0,Kang-In Lee,9.0,Right Defensive Midfield,,,,,,,120.0,36.9,38.0,Left Foot,87.0,Open Play,98.5,56.8,,,,98.0,Off T,,,,,,,0.025138553,,93.0,Normal,,,,,,4.7,,,,,,,,,,,,,,,,,0,,,,,,,,,,,,,,
91980412-72e0-4c2f-a6a4-a71f3df0160c,3342,2,00:55:49.474000,100,49,157,0.346023,3857299,16,Shot,791,South Korea,1,Regular Play,791,South Korea,,40564.0,Kyung-Won Kwon,3.0,Right Center Back,,,,,,,95.5,51.6,38.0,Left Foot,87.0,Open Play,83.8,54.1,,,,96.0,Blocked,,,,,,,0.005484339,78eeb05f-8741-4c83-afa8-a370b95cbd68,93.0,Normal,,,,,,,,,,,,,,,,,,,,,,,0,,,,,,,,,,,,,,
fd9914e2-818e-4ec3-a50f-eed48b555d6c,624,1,00:15:00.341000,15,0,36,0.776726,3857293,16,Shot,4885,Ghana,4,From Throw In,4885,Ghana,,3450.0,Jordan Ayew,21.0,Left Wing,,,,,,,117.7,41.0,40.0,Right Foot,87.0,Open Play,101.8,36.6,1.0,,,100.0,Saved,,,,,,,0.07146578,59fa8a6d-e79b-49bc-aea6-c70537d9933b,93.0,Normal,,,,,,0.2,,,,,,,,,,,,,,,,,0,,,,,,,,,,,,,,
7e4974ae-87a0-4e07-9b66-8bc81c183b3b,700,1,00:22:15.146000,22,15,43,1.135934,3857293,16,Shot,783,Uruguay,1,Regular Play,783,Uruguay,,32478.0,Darwin Gabriel Núñez Ribeiro,24.0,Left Center Forward,,,,,,,117.3,40.3,40.0,Right Foot,87.0,Open Play,106.8,29.0,,,,96.0,Blocked,,,,,,,0.15781382,23afe2cb-3022-420b-930f-8f86e7756d8d,92.0,Lob,True,,,,,,,,,,,,,,,,,,,,,,0,,,,,,,,,,,,,,
33bcc988-17fa-40f3-beee-de011786a584,802,1,00:25:28.837000,25,28,48,0.381924,3857293,16,Shot,783,Uruguay,1,Regular Play,783,Uruguay,,5246.0,Luis Alberto Suárez Díaz,22.0,Right Center Forward,,,,,,,116.0,37.5,40.0,Right Foot,87.0,Open Play,108.6,33.4,,,,100.0,Saved,,,,,,,0.2733873,c27f56b0-b6f9-44d5-a46d-1d39f4bb98a1,93.0,Normal,,,,,,0.2,,,,,,,,,,,,,,,,,0,,,,,,,,,,,,,,
19a225eb-4436-4a53-a354-3b40dfa6ca31,805,1,00:25:30.760000,25,30,48,0.152502,3857293,16,Shot,783,Uruguay,1,Regular Play,783,Uruguay,,5258.0,Giorgian Daniel De Arrascaeta Benedetti,16.0,Left Midfield,,,,,,,120.0,42.4,37.0,Head,87.0,Open Play,118.0,42.7,,,,97.0,Goal,,,,,,,0.71106935,,93.0,Normal,,,,,,1.0,,,,,,,,,True,,,,,,,True,1,,,,,,,,,,,,,,
183d8cd9-160e-4670-b300-0bddca8c9624,950,1,00:31:02.584000,31,2,57,0.478135,3857293,16,Shot,783,Uruguay,3,From Free Kick,783,Uruguay,,5258.0,Giorgian Daniel De Arrascaeta Benedetti,16.0,Left Midfield,,,,,,,120.0,39.5,40.0,Right Foot,87.0,Open Play,110.8,31.2,1.0,,,97.0,Goal,,,,,,,0.16736692,c19a1055-a716-4479-8381-7785a9c92945,95.0,Volley,True,,,,,0.3,,,,,,,,,,,,,,,,,1,,,,,,,,,,,,,,
a2932eb1-2fa5-459e-a326-6d9a827b96bf,1049,1,00:36:13.088000,36,13,65,0.386439,3857293,16,Shot,4885,Ghana,4,From Throw In,4885,Ghana,,17033.0,Mohammed Kudus,17.0,Right Wing,,,,,,,100.1,44.2,38.0,Left Foot,87.0,Open Play,94.7,45.8,,,,96.0,Blocked,,,,,,,0.041819587,17803eb7-f4a2-49cd-90cc-9bd901cc8090,93.0,Normal,,,,,,,,,,,,,,,,,,,,,,,0,,,,,,,,,,,,,,
f7048b74-324a-4eec-91fa-b890013750a5,1519,1,00:49:25.667000,49,25,86,1.194235,3857293,16,Shot,783,Uruguay,3,From Free Kick,783,Uruguay,,5259.0,José María Giménez de Vargas,3.0,Right Center Back,,,,,,,120.0,43.1,37.0,Head,87.0,Open Play,106.5,42.5,1.0,,,98.0,Off T,True,,,,,,0.03238874,651caa3b-8aa2-4c9a-bd28-692c4aca12b3,93.0,Normal,,,,,,5.6,,,,,,,,,,,,,,,,,0,,,,,,,,,,,,,,
a043e035-3ed8-4588-b90d-d61f16930743,1718,2,00:00:56.452000,45,56,95,1.221194,3857293,16,Shot,4885,Ghana,4,From Throw In,4885,Ghana,,44225.0,Osman Bukari,17.0,Right Wing,,,,,,,120.0,33.2,40.0,Right Foot,87.0,Open Play,104.7,50.8,,,,98.0,Off T,,,,,,,0.08441304,,91.0,Half Volley,,,,,,0.2,,,,,,,,,,,,,,,,,0,,,,,,,,,,,,,,
38c37b2e-8f35-440c-a6b9-367e310ac01f,2375,2,00:19:30.464000,64,30,123,0.561195,3857293,16,Shot,783,Uruguay,4,From Throw In,783,Uruguay,,36288.0,Facundo Pellistri Rebollo,12.0,Right Midfield,,,,,,,120.0,35.3,40.0,Right Foot,87.0,Open Play,107.5,33.2,,,,98.0,Off T,,,,,,,0.099497445,1f3deb6e-8e6e-4e19-a85f-5625d9e4eda7,93.0,Normal,,,,,,4.8,,,,,,,,,,,,,,,,,0,,,,,,,,,,,,,,
fc2eb5bf-dd9e-4bef-bf41-8da98599fcfb,2551,2,00:24:30.776000,69,30,134,0.935989,3857293,16,Shot,783,Uruguay,4,From Throw In,783,Uruguay,,6773.0,Federico Santiago Valverde Dipetta,9.0,Right Defensive Midfield,,,,,,,118.8,37.0,40.0,Right Foot,87.0,Open Play,92.5,22.5,,,,100.0,Saved,,,,,,,0.0066686436,,95.0,Volley,True,,,,,0.6,,,,,,,,,,,,,,,,,0,,,,,,,,,,,,,,
3346f978-27fc-4507-a755-40bf2c782df2,2558,2,00:24:56.259000,69,56,135,1.567594,3857293,16,Shot,783,Uruguay,4,From Throw In,783,Uruguay,,6773.0,Federico Santiago Valverde Dipetta,9.0,Right Defensive Midfield,,,,,,,120.0,35.0,40.0,Right Foot,87.0,Open Play,93.0,21.1,,,,98.0,Off T,,,,,,,0.008103582,4613e244-3c7e-486f-bdbd-4197ba061934,93.0,Normal,,,,,,5.6,,,,,,,,,,,,,,,,,0,,,,,,,,,,,,,,
858b5cc2-2cad-477d-a5a6-00723f56bed7,2590,2,00:25:46.105000,70,46,136,0.88034,3857293,16,Shot,4885,Ghana,7,From Goal Kick,4885,Ghana,,17033.0,Mohammed Kudus,19.0,Center Attacking Midfield,,,,,,,120.0,44.8,40.0,Right Foot,87.0,Open Play,95.7,47.2,,,,98.0,Off T,,,,,,,0.04665373,1ec20bce-77a7-4750-bfd1-258eafeb1c41,93.0,Normal,,,,,,4.2,,,,,,,,,,,,,,,,,0,,,,,,,,,,,,,,
2ebaf0c3-079d-4c48-ac75-a2537a5dbd9e,2830,2,00:31:52.032000,76,52,148,3.088424,3857293,16,Shot,783,Uruguay,1,Regular Play,783,Uruguay,,6773.0,Federico Santiago Valverde Dipetta,9.0,Right Defensive Midfield,,,,,,,120.0,38.8,40.0,Right Foot,87.0,Open Play,59.0,4.0,,,,98.0,Off T,,,,,,,0.003913026,c4af7940-4517-4d54-aa17-0b8e8a2aa9c4,93.0,Normal,,,,,,5.6,,,,,,,,,,,,,,,,,0,,,,,,,,,,,,,,
fcc52260-cff2-442c-ab1f-c2d74b115c2b,2910,2,00:33:51.717000,78,51,149,0.824843,3857293,16,Shot,4885,Ghana,7,From Goal Kick,4885,Ghana,,9286.0,Antoine Semenyo,23.0,Center Forward,,,,,,,120.0,45.7,38.0,Left Foot,87.0,Open Play,109.6,28.0,,,,98.0,Off T,,,,,,,0.12024433,,93.0,Normal,,,,,,0.2,,,,,,,,,True,,,,,,,,0,,,,,,,,,,,,,,
d7ad833f-d36c-496c-a01a-9ca4deca763f,2975,2,00:35:50.752000,80,50,151,0.693512,3857293,16,Shot,4885,Ghana,1,Regular Play,4885,Ghana,,17033.0,Mohammed Kudus,19.0,Center Attacking Midfield,,,,,,,115.7,38.7,38.0,Left Foot,87.0,Open Play,96.8,42.8,,,,100.0,Saved,,,,,,,0.05586675,,93.0,Normal,,,,,,0.8,,,,,,,,,,,,,,,,,0,,,,,,,,,,,,,,
b11f4037-6e3a-4bb2-a162-3a3c697fe4cc,3347,2,00:49:00.872000,94,0,174,0.149142,3857293,16,Shot,4885,Ghana,1,Regular Play,4885,Ghana,,17033.0,Mohammed Kudus,19.0,Center Attacking Midfield,,,,,,,112.6,42.9,38.0,Left Foot,87.0,Open Play,108.0,43.6,,,,96.0,Blocked,,,,,,,0.10750313,de4eb573-accd-4bdc-bad2-27ec6faf7907,91.0,Half Volley,,,,,,,,,,,,,,,,,,,,,,,0,,,,,,,,,,,,,,
3c8dc524-b91f-4e16-984d-e2e52ab801aa,3371,2,00:49:18.527000,94,18,175,0.797817,3857293,16,Shot,783,Uruguay,1,Regular Play,783,Uruguay,,6297.0,Maximiliano Gómez González,24.0,Left Center Forward,,,,,,,116.5,39.3,40.0,Right Foot,87.0,Open Play,93.0,49.4,,,,100.0,Saved,,,,,,,0.030132728,4bd2b09b-d2a1-4ae7-ace4-96aa602cb39f,93.0,Normal,,,,,,0.2,,,,,,,,,,,,,,,,,0,,,,,,,,,,,,,,
e55dceaf-a963-4dfa-b39b-9f0b5cf29a0c,3393,2,00:50:18.062000,95,18,177,0.572386,3857293,16,Shot,4885,Ghana,4,From Throw In,4885,Ghana,,35658.0,Kamaldeen Sulemana,21.0,Left Wing,,,,,,,114.6,42.3,40.0,Right Foot,87.0,Open Play,99.5,50.6,,,,100.0,Saved,,,,,,,0.081227794,c48a5584-2ae7-4473-a232-c6e191e126d0,93.0,Normal,,,,,,1.1,,,,,,,,,,,,,,,,,0,,,,,,,,,,,,,,
358fa0a3-64ba-4ea0-ade1-d0cd7383438f,3442,2,00:51:03.508000,96,3,180,0.554422,3857293,16,Shot,783,Uruguay,1,Regular Play,783,Uruguay,,6300.0,Sebastián Coates Nión,5.0,Left Center Back,,,,,,,120.0,45.8,40.0,Right Foot,87.0,Open Play,108.8,43.0,,,,98.0,Off T,,,,,,,0.103292696,049ca552-91b5-440e-ad52-a8a92da0b44c,93.0,Normal,True,,,,,0.2,,,,,,,,,,,,,,,,,0,,,,,,,,,,,,,,
7c01881a-3661-43f9-8958-467bc8901bef,3490,2,00:54:30.307000,99,30,187,1.067476,3857293,16,Shot,783,Uruguay,3,From Free Kick,783,Uruguay,,28729.0,Diego Nicolás De La Cruz Arcosa,9.0,Right Defensive Midfield,,,,,,,119.1,38.2,40.0,Right Foot,62.0,Free Kick,91.4,33.9,,,,100.0,Saved,,,,,,,0.0429242,,93.0,Normal,,,,,,1.0,,,,,,,,,,,,,,,,,0,,,,,,,,,,,,,,
53245b09-b770-4751-8f46-6ebf5a3363e4,227,1,00:04:25.413000,4,25,9,0.553929,3857291,16,Shot,772,Spain,1,Regular Play,772,Spain,,16532.0,Daniel Olmo Carvajal,21.0,Left Wing,,,,,,,120.0,31.4,40.0,Right Foot,87.0,Open Play,112.4,45.9,,,,98.0,Off T,,,,,,,0.20824905,512ba7a6-89f5-4a73-acaf-401af44e80a4,95.0,Volley,True,,,,,0.4,,,,,,,,,,,,,,,,,0,,,,,,,,,,,,,,
62ec4d64-0584-490c-a180-76389b8f22c6,390,1,00:08:09.321000,8,9,16,1.83967,3857291,16,Shot,772,Spain,4,From Throw In,772,Spain,,5719.0,Marco Asensio Willemsen,23.0,Center Forward,,,,,,,120.0,44.9,38.0,Left Foot,87.0,Open Play,102.5,40.7,,,,98.0,Off T,,,,,,,0.1501565,ae448118-6cda-4b64-911b-81fae0971643,93.0,Normal,True,,,,,0.2,,,,,,,,,,,,,,,,,0,,,,,,,,,,,,,,
893c1dbd-46e9-4020-ab1a-a7d8deb3052d,541,1,00:10:52.105000,10,52,19,1.017586,3857291,16,Shot,772,Spain,4,From Throw In,772,Spain,,16532.0,Daniel Olmo Carvajal,21.0,Left Wing,,,,,,,120.0,37.7,40.0,Right Foot,87.0,Open Play,112.3,39.3,,,,97.0,Goal,,,,,,,0.48925844,,92.0,Lob,,,,,,0.9,,,,,,,,,True,,,,,,,,1,,,,,,,,,,,,,,
4b230dcf-b3cd-42eb-aa82-b73c0f958617,925,1,00:20:32.157000,20,32,35,0.568311,3857291,16,Shot,772,Spain,1,Regular Play,772,Spain,,5719.0,Marco Asensio Willemsen,23.0,Center Forward,,,,,,,120.0,41.4,38.0,Left Foot,87.0,Open Play,105.8,33.4,,,,97.0,Goal,,,,,,,0.09218961,890c40a7-c7d0-4770-8940-de1a16435c8a,91.0,Half Volley,True,,,,,0.3,,,,,,,,,,,,,,,,,1,,,,,,,,,,,,,,
5ecc1455-02b5-44a8-87f9-ca943e075e39,1893,1,00:42:20.146000,42,20,59,0.117301,3857291,16,Shot,772,Spain,3,From Free Kick,772,Spain,,5719.0,Marco Asensio Willemsen,23.0,Center Forward,,,,,,,94.3,30.5,38.0,Left Foot,87.0,Open Play,91.7,29.8,,,,96.0,Blocked,,,,,,,0.015886325,6a271658-bec6-41f7-952b-1af8d5276c21,93.0,Normal,,,,,,,,,,,,,,,,,,,,,,,0,,,,,,,,,,,,,,
a4c6a385-3657-4425-a447-557456a02d42,2249,1,00:49:16.014000,49,16,69,0.361703,3857291,16,Shot,772,Spain,1,Regular Play,772,Spain,,5719.0,Marco Asensio Willemsen,23.0,Center Forward,,,,,,,120.0,31.6,38.0,Left Foot,87.0,Open Play,110.5,30.5,,,,98.0,Off T,,,,,,,0.04809784,2cf6456d-53b8-4494-ac2a-6b5a77173969,93.0,Normal,,,,,,3.1,,,,,,,,,,,,,,,,,0,,,,,,,,,,,,,,
544da69f-4257-44bc-921c-a649e8652df2,2398,2,00:02:37.690000,47,37,75,0.412319,3857291,16,Shot,772,Spain,4,From Throw In,772,Spain,,5719.0,Marco Asensio Willemsen,23.0,Center Forward,,,,,,,120.0,41.2,38.0,Left Foot,87.0,Open Play,100.5,45.7,,,,98.0,Off T,,,,,,,0.08547543,a053fd4a-7eb6-4ac5-b17d-107a6b77419c,93.0,Normal,,,,,,4.3,,,,,,,,,,,,,,,,,0,,,,,,,,,,,,,,
50be89b1-5ffc-4c3e-bd91-aad991a0e275,2690,2,00:08:41.984000,53,41,80,0.88963,3857291,16,Shot,772,Spain,2,From Corner,772,Spain,,6748.0,Ferrán Torres García,17.0,Right Wing,,,,,,,120.0,38.8,38.0,Left Foot,87.0,Open Play,114.7,49.4,,,,97.0,Goal,,,,,,,0.10498973,,93.0,Normal,,,,,,0.1,,,,,,,,,,,,,,,,,1,,,,,,,,,,,,,,
fe096a2b-219d-46e6-9c88-6b658d27b326,2913,2,00:16:13.417000,61,13,89,0.860276,3857291,16,Shot,772,Spain,3,From Free Kick,772,Spain,,16532.0,Daniel Olmo Carvajal,21.0,Left Wing,,,,,,,120.0,42.4,40.0,Right Foot,87.0,Open Play,92.0,25.7,,,,98.0,Off T,,,,,,,0.017297672,cf0f6d00-f7e4-45b2-adf0-3d40dbffdc51,93.0,Normal,,,,,,6.0,,,,,,,,,,,,,,,,,0,,,,,,,,,,,,,,
c4737974-89fa-40ea-8801-aa89e5dd23f6,2989,2,00:17:42.629000,62,42,93,0.397914,3857291,16,Shot,772,Spain,3,From Free Kick,772,Spain,,3477.0,Álvaro Borja Morata Martín,23.0,Center Forward,,,,,,,120.0,45.8,40.0,Right Foot,87.0,Open Play,112.0,54.0,,,,98.0,Off T,,,,,,,0.06487478,81e5b7d2-a5cb-45f5-90db-7bb8c260434c,93.0,Normal,,,,,,1.1,,,,,,,,,True,,,,,,,,0,,,,,,,,,,,,,,
a46a4299-7032-438f-8a9b-1c741d1f1dce,3197,2,00:24:03.668000,69,3,102,1.061923,3857291,16,Shot,772,Spain,3,From Free Kick,772,Spain,,16532.0,Daniel Olmo Carvajal,21.0,Left Wing,,,,,,,117.4,39.1,37.0,Head,87.0,Open Play,110.3,29.3,,,,100.0,Saved,,,,,,,0.033574425,150aa686-b73a-4d07-9313-5231d4f3a4ac,93.0,Normal,,,,,,0.9,,,,,,,,,,,,,,,,,0,,,,,,,,,,,,,,
82066543-74f5-45b6-a293-877eaa14038d,3426,2,00:28:59.248000,73,59,112,0.969609,3857291,16,Shot,772,Spain,3,From Free Kick,772,Spain,,133353.0,Pablo Martín Páez Gavira,13.0,Right Center Midfield,,,,,,,120.0,43.2,40.0,Right Foot,87.0,Open Play,103.0,45.8,,,,97.0,Goal,,,,,,,0.056229107,f108a28d-9c09-448e-882e-ecc78a580ed5,95.0,Volley,True,,,,,0.3,,,,,,,,,,,,,,,,,1,,,,,,,,,,,,,,
ca82e8dd-4c1e-48c7-af8a-69d3a005a3f4,4028,2,00:44:11.534000,89,11,132,0.404186,3857291,16,Shot,772,Spain,1,Regular Play,772,Spain,,6583.0,Carlos Soler Barragán,15.0,Left Center Midfield,,,,,,,120.0,42.8,40.0,Right Foot,87.0,Open Play,109.7,40.1,,,,97.0,Goal,,,,,,,0.33333436,,93.0,Normal,True,,,,,0.9,,,,,,,,,,,,,,,,,1,,,,,,,,,,,,,,
4257ad0a-57eb-4e8e-9069-23e8bae6a1e9,4138,2,00:46:57.335000,91,57,135,0.729166,3857291,16,Shot,772,Spain,8,From Keeper,772,Spain,,3477.0,Álvaro Borja Morata Martín,23.0,Center Forward,,,,,,,120.0,36.6,38.0,Left Foot,87.0,Open Play,104.0,36.4,,,,97.0,Goal,,,,,,,0.16366571,a8582998-d3a2-4c29-8834-b60d1d53ca41,93.0,Normal,True,,,,,0.2,,,,,,,,,,,,,,,,,1,,,,,,,,,,,,,,
12f7b3ec-aa99-4e9c-a399-9527ce1ae34b,4310,2,00:50:14.196000,95,14,140,0.84514,3857291,16,Shot,772,Spain,1,Regular Play,772,Spain,,6583.0,Carlos Soler Barragán,15.0,Left Center Midfield,,,,,,,120.0,46.5,40.0,Right Foot,87.0,Open Play,102.5,42.5,,,,98.0,Off T,,,,,,,0.10654532,11a39593-0e4f-48c1-88bb-8ab0c6d9657f,93.0,Normal,True,,,,,0.2,,,,,,,,,,,,,,,,,0,,,,,,,,,,,,,,
a7d3eb81-1ace-4398-91fb-48fea103b614,4328,2,00:52:27.120000,97,27,143,0.516277,3857291,16,Shot,772,Spain,3,From Free Kick,772,Spain,,6583.0,Carlos Soler Barragán,15.0,Left Center Midfield,,,,,,,112.4,32.4,40.0,Right Foot,62.0,Free Kick,103.5,16.7,,,,96.0,Blocked,,,,,,,0.008599174,,93.0,Normal,,,,,,,,,,,,,,,,,,,,,,,0,,,,,,,,,,,,,,
0cca8b6c-e7eb-4dd9-99a7-8a557686cb90,64,1,00:01:08.018000,1,8,3,0.528806,3857281,16,Shot,1833,Canada,1,Regular Play,1833,Canada,,12365.0,Alphonso Davies,16.0,Left Midfield,,,,,,,120.0,40.4,37.0,Head,87.0,Open Play,109.6,36.4,1.0,,,97.0,Goal,True,,,,,,0.08130363,35a48d92-6bee-46d9-b5fd-f780f6556b15,93.0,Normal,,,,,,0.8,,,,,,,,,True,,,,,,,,1,,,,,,,,,,,,,,
e823ad07-c3bc-4381-ba75-91912727a627,923,1,00:21:32.110000,21,32,37,0.562821,3857281,16,Shot,785,Croatia,1,Regular Play,785,Croatia,,22041.0,Marko Livaja,23.0,Center Forward,,,,,,,115.2,38.4,40.0,Right Foot,87.0,Open Play,109.5,36.8,,,,100.0,Saved,,,,,,,0.4341785,1250e11f-6d89-4c35-bbd0-503ad0b5fa0c,93.0,Normal,True,,,,,0.0,,,,,,,,,,,,,,,,,0,,,,,,,,,,,,,,
4c5921b6-75fd-440a-b14f-13345739ef56,1465,1,00:34:52.111000,34,52,62,0.291905,3857281,16,Shot,785,Croatia,4,From Throw In,785,Croatia,,22041.0,Marko Livaja,23.0,Center Forward,,,,,,,117.2,43.7,40.0,Right Foot,87.0,Open Play,109.9,50.0,,,,100.0,Saved,,,,,,,0.24546398,0cb24c4c-0d24-47e6-8b63-2907b35f2350,93.0,Normal,,,,,,0.5,,,,,,,,,True,,,,,,,,0,,,,,,,,,,,,,,
a542a434-0c60-49bd-b185-58fe80506670,1494,1,00:35:53.681000,35,53,63,0.661112,3857281,16,Shot,785,Croatia,2,From Corner,785,Croatia,,5460.0,Andrej Kramarić,17.0,Right Wing,,,,,,,120.0,43.4,38.0,Left Foot,87.0,Open Play,114.1,29.4,,,,97.0,Goal,,,,,,,0.14639324,1eb80407-652c-4993-854d-5112182333f7,93.0,Normal,True,,,,,0.2,,,,,,,,,,,,,,,,,1,,,,,,,,,,,,,,
edaf6854-5d65-4194-89b9-a5bb23273915,1702,1,00:43:32.021000,43,32,73,0.724415,3857281,16,Shot,785,Croatia,3,From Free Kick,785,Croatia,,22041.0,Marko Livaja,23.0,Center Forward,,,,,,,120.0,36.9,40.0,Right Foot,87.0,Open Play,101.0,39.1,,,,97.0,Goal,,,,,,,0.13916126,fb16559f-e03a-4fd1-84ad-71bcba410b7f,93.0,Normal,,,,,,0.2,,,,,,,,,,,,,,,,,1,,,,,,,,,,,,,,
5c4e5a19-7cbe-44f4-a27b-8b590e267e1e,1814,1,00:46:25.566000,46,25,78,0.878165,3857281,16,Shot,785,Croatia,1,Regular Play,785,Croatia,,5460.0,Andrej Kramarić,17.0,Right Wing,,,,,,,120.0,36.9,38.0,Left Foot,87.0,Open Play,98.7,33.1,,,,98.0,Off T,,,,,,,0.059277993,f9a035cb-fe37-408b-b4c8-4fbe4ce4a137,93.0,Normal,,,,,,4.5,,,,,,,,,,,,,,,,,0,,,,,,,,,,,,,,
641dd945-e22d-4614-b142-de0ae99d2ae5,2114,2,00:03:25.094000,48,25,93,1.020975,3857281,16,Shot,1833,Canada,1,Regular Play,1833,Canada,,12770.0,Jonathan Osorio,13.0,Right Center Midfield,,,,,,,120.0,35.1,40.0,Right Foot,87.0,Open Play,98.3,50.1,,,,98.0,Off T,,,,,,,0.03829635,5ca09632-e8af-4df4-b2e5-9948d5809a92,93.0,Normal,,,,,,1.6,,,,,,,,,,,,,,,,,0,,,,,,,,,,,,,,
39f5f94d-887f-4684-b128-00ad3bc29d58,2338,2,00:08:44.676000,53,44,103,0.365865,3857281,16,Shot,785,Croatia,1,Regular Play,785,Croatia,,5460.0,Andrej Kramarić,17.0,Right Wing,,,,,,,118.7,39.5,40.0,Right Foot,87.0,Open Play,108.2,42.1,,,,100.0,Saved,,,,,,,0.24875651,943c78ca-a13a-4de8-9066-d78a8d27228f,93.0,Normal,True,,,,,0.8,,,,,,,,,,,,,,,,,0,,,,,,,,,,,,,,
abb0663d-e9fc-4795-99c3-a2d32663e9e4,2384,2,00:10:17.641000,55,17,106,0.870801,3857281,16,Shot,1833,Canada,3,From Free Kick,1833,Canada,,23640.0,Jonathan David,22.0,Right Center Forward,,,,,,,118.9,39.2,40.0,Right Foot,87.0,Open Play,96.4,39.9,,,,100.0,Saved,,,,,,,0.052886155,dcb34f3d-55a3-4190-91f2-8bb9cb20c308,93.0,Normal,True,,,,,2.3,,,,,,,,,,,,,,,,,0,,,,,,,,,,,,,,
e5689f62-2308-4eef-bd8a-bce2a2c82998,2450,2,00:12:26.320000,57,26,111,0.101884,3857281,16,Shot,1833,Canada,8,From Keeper,1833,Canada,,24024.0,Tajon Buchanan,7.0,Right Wing Back,,,,,,,102.1,51.6,40.0,Right Foot,87.0,Open Play,99.8,52.9,,,,96.0,Blocked,,,,,,,0.023891453,e4743aba-4ba5-45ec-ade1-b033bce0116d,93.0,Normal,,,,,,,,,,,,,,,,,,,,,,,0,,,,,,,,,,,,,,
ede02998-ca90-4878-bfcd-7cd738fb99dd,2613,2,00:17:33.282000,62,33,123,0.324908,3857281,16,Shot,1833,Canada,3,From Free Kick,1833,Canada,,12365.0,Alphonso Davies,22.0,Right Center Forward,,,,,,,108.0,53.6,38.0,Left Foot,62.0,Free Kick,101.1,59.8,,,,96.0,Blocked,,,,,,,0.011981465,,93.0,Normal,,,,,,,,,,,,,,,,,,,,,,,0,,,,,,,,,,,,,,
34382857-95ed-4b41-8b3b-0b372664bf39,2925,2,00:24:36.434000,69,36,141,0.744418,3857281,16,Shot,785,Croatia,1,Regular Play,785,Croatia,,5460.0,Andrej Kramarić,17.0,Right Wing,,,,,,,120.0,36.6,38.0,Left Foot,87.0,Open Play,106.8,47.1,1.0,,,97.0,Goal,,,,,,,0.10933437,5782aa35-9c97-474b-a8bc-a129fb5b241e,93.0,Normal,,,,,,0.2,,,,,,,,,,,,,,,,,1,,,,,,,,,,,,,,
e8b357ba-2bab-44d6-83a9-0ff71f4cdb97,2940,2,00:26:05.136000,71,5,143,1.334881,3857281,16,Shot,785,Croatia,1,Regular Play,785,Croatia,,5460.0,Andrej Kramarić,17.0,Right Wing,,,,,,,117.6,22.5,38.0,Left Foot,87.0,Open Play,115.1,46.8,,,,101.0,Wayward,,,,,,,0.1355834,3b2217c2-2607-4320-a841-1b9a4115df37,91.0,Half Volley,True,,,,,,,,,,,,,,,,,,,,,,0,,,,,,,,,,,,,,
a600f930-ae69-443e-a2bf-06b65723dadf,3106,2,00:31:16.384000,76,16,147,1.185372,3857281,16,Shot,1833,Canada,4,From Throw In,1833,Canada,,9922.0,David Junior Hoilett,19.0,Center Attacking Midfield,,,,,,,120.0,29.9,40.0,Right Foot,87.0,Open Play,92.2,33.0,,,,98.0,Off T,,,,,,,0.019849088,,93.0,Normal,,,,,,0.0,,,,,,,,,,,,,,,,,0,,,,,,,,,,,,,,
4d807f3d-c4b5-46f5-b084-dfe743faa70a,3154,2,00:32:50.510000,77,50,152,0.323777,3857281,16,Shot,785,Croatia,1,Regular Play,785,Croatia,,5474.0,Ivan Perišić,21.0,Left Wing,,,,,,,119.2,35.8,38.0,Left Foot,87.0,Open Play,115.3,26.9,,,,100.0,Saved,,,,,,,0.031612467,14f2cdda-846f-409a-8ba7-56d70f9f9784,93.0,Normal,,,,,,0.0,,,,,,,,,True,,,,,,,,0,,,,,,,,,,,,,,
2c4ef280-deb7-4c7b-8e0d-35898a49cd3e,3160,2,00:32:53.262000,77,53,152,0.353005,3857281,16,Shot,785,Croatia,1,Regular Play,785,Croatia,,5469.0,Marcelo Brozović,10.0,Center Defensive Midfield,,,,,,,116.9,39.4,38.0,Left Foot,87.0,Open Play,110.3,42.6,,,,100.0,Saved,,,,,,,0.30414897,a1b50711-439a-4fe3-8202-4e89db395b86,93.0,Normal,True,,,,,1.0,,,,,,,,,,,,,,,,,0,,,,,,,,,,,,,,
a59ccb02-568d-4752-81b1-59dd9c8cc309,3248,2,00:36:53.329000,81,53,158,1.345464,3857281,16,Shot,785,Croatia,4,From Throw In,785,Croatia,,5474.0,Ivan Perišić,21.0,Left Wing,,,,,,,120.0,49.6,38.0,Left Foot,87.0,Open Play,96.0,26.3,,,,98.0,Off T,,,,,,,0.02367336,,93.0,Normal,,,,,,0.8,,,,,,,,,,,,,,,,,0,,,,,,,,,,,,,,
9e3c349a-de05-4c11-bf45-5242316b2454,3517,2,00:44:22.510000,89,22,172,0.827074,3857281,16,Shot,785,Croatia,4,From Throw In,785,Croatia,,16527.0,Mislav Oršić,21.0,Left Wing,,,,,,,118.1,39.7,40.0,Right Foot,87.0,Open Play,98.2,35.1,,,,100.0,Saved,,,,,,,0.045590583,c22f7e72-bb48-4fe8-91c7-9ed6d206e039,93.0,Normal,True,,,,,0.0,,,,,,,,,,,,,,,,,0,,,,,,,,,,,,,,
014a8d56-b0f2-4275-8101-200519696fee,3619,2,00:47:04.164000,92,4,178,0.529838,3857281,16,Shot,1833,Canada,3,From Free Kick,1833,Canada,,9922.0,David Junior Hoilett,19.0,Center Attacking Midfield,,,,,,,113.7,35.5,40.0,Right Foot,87.0,Open Play,98.1,33.5,,,,96.0,Blocked,,,,,,,0.03737635,,91.0,Half Volley,True,,,,,,,,,,,,,,,,,,,,,,0,,,,,,,,,,,,,,
40615000-0837-4f62-bc9c-0fdc321eda87,3629,2,00:47:14.799000,92,14,178,0.854852,3857281,16,Shot,1833,Canada,3,From Free Kick,1833,Canada,,9922.0,David Junior Hoilett,19.0,Center Attacking Midfield,,,,,,,120.0,34.8,40.0,Right Foot,87.0,Open Play,99.5,26.7,,,,98.0,Off T,,,,,,,0.02121069,,95.0,Volley,,,,,,0.8,,,,,,,,,,,,,,,,,0,,,,,,,,,,,,,,
9ce41f6d-4a9a-45d2-891d-d3f49b2da451,3670,2,00:48:26.664000,93,26,181,0.432977,3857281,16,Shot,785,Croatia,1,Regular Play,785,Croatia,,28914.0,Lovro Majer,13.0,Right Center Midfield,,,,,,,120.0,41.6,38.0,Left Foot,87.0,Open Play,109.2,45.4,,,,97.0,Goal,,,,,,,0.68703645,6ea5ec15-b2e9-4a94-88e7-54c7199d7a62,93.0,Normal,True,,,,,1.9,,,,,,,,,,,,,,,,,1,,,,,,,,,,,,,,
f1ea3de4-8ca4-4ce0-8aeb-e18c3681742d,86,1,00:01:35.575000,1,35,5,0.672434,3857280,16,Shot,781,Brazil,4,From Throw In,781,Brazil,,9904.0,Frederico Rodrigues Santos,9.0,Right Defensive Midfield,,,,,,,112.1,32.0,38.0,Left Foot,87.0,Open Play,108.7,38.6,,,,101.0,Wayward,,,,,,,0.29454654,ce6c0b27-6538-4471-82c2-b4155ed58c5e,93.0,Normal,True,,,,,,,,,,,,,,,,,,,,,,0,,,,,,,,,,,,,,
9996c5af-1237-4f3c-9178-bedb7fed6d23,96,1,00:01:45.486000,1,45,5,0.501093,3857280,16,Shot,781,Brazil,4,From Throw In,781,Brazil,,25363.0,Antony Matheus dos Santos,17.0,Right Wing,,,,,,,111.8,37.6,38.0,Left Foot,87.0,Open Play,103.3,25.5,,,,101.0,Wayward,,,,,,,0.038875267,bdcef228-a06c-4fdb-8dcc-db2625bda9fa,93.0,Normal,,,,,,,,,,,,,,,,,,,,,,,0,,,,,,,,,,,,,,
287dd539-6bb4-4efe-91ff-7c332bed0e1f,598,1,00:13:34.956000,13,34,22,0.483456,3857280,16,Shot,781,Brazil,4,From Throw In,781,Brazil,,29976.0,Gabriel Teodoro Martinelli Silva,21.0,Left Wing,,,,,,,118.0,37.9,37.0,Head,87.0,Open Play,111.8,34.5,,,,100.0,Saved,,,,,,,0.12449543,871e7a42-41ee-4d36-80bd-b3ddba311766,93.0,Normal,,,,,,2.3,,,,,,,,,True,,,,,,,,0,,,,,,,,,,,,,,
97e2dd79-ed15-412c-b0c5-f73564e5d13d,602,1,00:14:11.149000,14,11,23,1.298687,3857280,16,Shot,781,Brazil,2,From Corner,781,Brazil,,3202.0,Gabriel Fernando de Jesus,23.0,Center Forward,,,,,,,120.0,52.1,37.0,Head,87.0,Open Play,113.4,48.9,,,,98.0,Off T,,,,,,,0.044797283,2d1cc092-9ac7-4305-be1e-31d24dbd523a,93.0,Normal,,,,,,5.9,,,,,,,,,,,,,,,,,0,,,,,,,,,,,,,,
c773c8ee-4e2a-453c-8930-a4fe66538e0d,902,1,00:21:09.293000,21,9,33,0.225494,3857280,16,Shot,781,Brazil,3,From Free Kick,781,Brazil,,9904.0,Frederico Rodrigues Santos,9.0,Right Defensive Midfield,,,,,,,108.6,39.4,40.0,Right Foot,87.0,Open Play,107.6,39.2,,,,96.0,Blocked,,,,,,,0.083684884,,91.0,Half Volley,True,,,,,,,,,,,,,,,,,,,,,,0,,,,,,,,,,,,,,
8b8dffd8-a309-49a5-afc2-f0fc51aebfdc,1116,1,00:29:41.537000,29,41,45,0.495768,3857280,16,Shot,781,Brazil,3,From Free Kick,781,Brazil,,25104.0,Rodrygo Silva de Goes,19.0,Center Attacking Midfield,,,,,,,105.2,43.2,40.0,Right Foot,62.0,Free Kick,94.0,42.7,,,,96.0,Blocked,,,,,,,0.0651609,,93.0,Normal,,,,,,,,,,,,,,,,,,,,,,,0,,,,,,,,,,,,,,
1c60c5cf-4990-4fb1-b943-93fb8a2bbbe3,1180,1,00:33:28.449000,33,28,50,1.313338,3857280,16,Shot,781,Brazil,3,From Free Kick,781,Brazil,,4324.0,Daniel Alves da Silva,2.0,Right Back,,,,,,,120.0,37.3,40.0,Right Foot,62.0,Free Kick,96.7,29.3,,,,98.0,Off T,,,,,,,0.06485747,,93.0,Normal,,,,,,3.7,,,,,,,,,,,,,,,,,0,,,,,,,,,,,,,,
50563a15-c15e-4803-a330-dc9fcb5bc2a5,1344,1,00:37:06.814000,37,6,55,0.616786,3857280,16,Shot,781,Brazil,1,Regular Play,781,Brazil,,25363.0,Antony Matheus dos Santos,17.0,Right Wing,,,,,,,116.5,42.8,38.0,Left Foot,87.0,Open Play,105.6,52.3,,,,100.0,Saved,,,,,,,0.033440635,54e2455b-823a-4acf-98b4-360e695b1e98,93.0,Normal,,,,,,0.7,,,,,,,,,,,,,,,,,0,,,,,,,,,,,,,,
12b92f66-7bc0-4d4b-930a-a87d5948536f,1621,1,00:45:55.867000,45,55,68,0.813163,3857280,16,Shot,781,Brazil,3,From Free Kick,781,Brazil,,29976.0,Gabriel Teodoro Martinelli Silva,21.0,Left Wing,,,,,,,118.1,41.7,40.0,Right Foot,87.0,Open Play,101.3,45.2,,,,100.0,Saved,,,,,,,0.047920834,,93.0,Normal,,,,,,2.3,,,,,,,,,,,,,,,,,0,,,,,,,,,,,,,,
683a768d-dc6f-47fa-96e9-19ed402a34c8,1626,1,00:46:37.407000,46,37,69,0.851971,3857280,16,Shot,781,Brazil,2,From Corner,781,Brazil,,25104.0,Rodrygo Silva de Goes,19.0,Center Attacking Midfield,,,,,,,120.0,44.9,40.0,Right Foot,87.0,Open Play,107.8,50.0,1.0,,,98.0,Off T,,,,,,,0.06651591,108819a6-d20e-40a1-8248-796283ce2555,93.0,Normal,True,,,,,2.3,,,,,,,,,,,,,,,,,0,,,,,,,,,,,,,,
2c4a4dd9-2cbb-409b-a28f-ca391e32ba45,1652,1,00:47:27.334000,47,27,70,0.572451,3857280,16,Shot,2722,Cameroon,7,From Goal Kick,2722,Cameroon,,4935.0,Bryan Mbeumo,12.0,Right Midfield,,,,,,,118.7,39.1,37.0,Head,87.0,Open Play,113.5,47.4,,,,100.0,Saved,,,,,,,0.11827337,1871c6df-58b3-43d0-a93b-ca6ed63a4161,93.0,Normal,,,,,,1.3,,,,,,,,,,,,,,,,,0,,,,,,,,,,,,,,
ed0f8d00-934b-48c3-aa72-0db55c00964b,1860,2,00:05:11.524000,50,11,81,1.782846,3857280,16,Shot,2722,Cameroon,4,From Throw In,2722,Cameroon,,11174.0,Vincent Paté Aboubakar,22.0,Right Center Forward,,,,,,,120.0,31.2,40.0,Right Foot,87.0,Open Play,109.5,54.0,,,,98.0,Off T,,,,,,,0.07058843,49673172-c308-4d55-b2c2-59d6a98b8b70,93.0,Normal,True,,,,,1.0,,,,,,,,,,,,,,,,,0,,,,,,,,,,,,,,
21326275-2339-4daa-a88a-88218f3e9e05,1880,2,00:07:25.457000,52,25,82,0.193247,3857280,16,Shot,781,Brazil,7,From Goal Kick,781,Brazil,,3202.0,Gabriel Fernando de Jesus,23.0,Center Forward,,,,,,,113.3,37.3,40.0,Right Foot,87.0,Open Play,111.9,36.3,,,,100.0,Saved,,,,,,,0.27918908,,93.0,Normal,True,,,,,0.1,,,,,,,,,,,,,,,,,0,,,,,,,,,,,,,,
79b4ee7e-a9d3-4830-8aaa-98c6de71e178,1944,2,00:08:39.287000,53,39,85,1.235003,3857280,16,Shot,2722,Cameroon,1,Regular Play,2722,Cameroon,,12623.0,Pierre Kunde Malong,9.0,Right Defensive Midfield,,,,,,,120.0,49.9,40.0,Right Foot,87.0,Open Play,91.8,17.8,,,,98.0,Off T,,,,,,,0.006493906,9bfb33be-45f2-4cd1-876c-99d4eb49fcb8,93.0,Normal,,,,,,5.2,,,,,,,,,,,,,,,,,0,,,,,,,,,,,,,,
0453837c-6713-4b31-9aa3-2737ce9492bd,2008,2,00:10:29.323000,55,29,86,0.660835,3857280,16,Shot,781,Brazil,7,From Goal Kick,781,Brazil,,29976.0,Gabriel Teodoro Martinelli Silva,21.0,Left Wing,,,,,,,118.0,38.3,40.0,Right Foot,87.0,Open Play,108.9,25.7,,,,100.0,Saved,,,,,,,0.038835723,8496c031-957c-48ce-869e-c9e563dff4a3,93.0,Normal,,,,,,2.2,,,,,,,,,,,,,,,,,0,,,,,,,,,,,,,,
a638d5f3-6820-4295-80f9-51ce1021ac4e,2018,2,00:11:15.792000,56,15,87,0.605175,3857280,16,Shot,781,Brazil,2,From Corner,781,Brazil,,13620.0,Éder Gabriel Militão,3.0,Right Center Back,,,,,,,115.2,39.7,38.0,Left Foot,87.0,Open Play,105.3,39.2,,,,100.0,Saved,,,,,,,0.075584605,f6178f56-7563-48ce-a549-5e27c66f83b2,91.0,Half Volley,,,,,,0.6,,,,,,,,,,,,,,,,,0,,,,,,,,,,,,,,
620c38af-7953-47a7-8b22-948783027911,2041,2,00:12:15.410000,57,15,89,0.91285,3857280,16,Shot,781,Brazil,3,From Free Kick,781,Brazil,,25363.0,Antony Matheus dos Santos,17.0,Right Wing,,,,,,,116.7,38.7,38.0,Left Foot,87.0,Open Play,101.0,51.2,,,,100.0,Saved,,,,,,,0.037848417,5d58215c-7ae7-4465-bf8f-1cb25b0770a4,93.0,Normal,,,,,,0.9,,,,,,,,,,,,,,,,,0,,,,,,,,,,,,,,
8fc63578-225d-4bde-8962-2fe6d3d358d1,2541,2,00:27:12.589000,72,12,119,1.015061,3857280,16,Shot,781,Brazil,1,Regular Play,781,Brazil,,25142.0,Bruno Guimarães Rodriguez Moura,9.0,Right Defensive Midfield,,,,,,,120.0,44.4,40.0,Right Foot,87.0,Open Play,99.9,37.6,1.0,,,98.0,Off T,,,,,,,0.086029716,19d161f3-2b94-4b68-be50-14f916931315,93.0,Normal,,,,,,5.9,,,,,,,,,,,,,,,,,0,,,,,,,,,,,,,,
a6fdb4af-303e-4e8f-9a34-0bd2a5d80d5f,2757,2,00:32:41.125000,77,41,128,0.834775,3857280,16,Shot,2722,Cameroon,1,Regular Play,2722,Cameroon,,10530.0,Jules Olivier Ntcham,9.0,Right Defensive Midfield,,,,,,,117.6,37.8,40.0,Right Foot,87.0,Open Play,92.8,35.5,,,,100.0,Saved,,,,,,,0.03332142,27d3b915-a9a0-4b72-9c88-7f3c0dfeceef,93.0,Normal,,,,,,0.0,,,,,,,,,,,,,,,,,0,,,,,,,,,,,,,,
b63f35bc-2a9d-4ea4-a6a8-22f57b71103d,2797,2,00:34:50.246000,79,50,133,0.031489,3857280,16,Shot,2722,Cameroon,2,From Corner,2722,Cameroon,,11174.0,Vincent Paté Aboubakar,22.0,Right Center Forward,,,,,,,104.8,26.1,40.0,Right Foot,87.0,Open Play,104.1,25.5,,,,96.0,Blocked,,,,,,,0.042308386,616644ca-605f-4315-b42b-274aa3c00f26,93.0,Normal,,,,,,,,,,,,,,,,,,,,,,,0,,,,,,,,,,,,,,
5dd3dbb5-4b85-4137-a861-0a734ceffc55,2803,2,00:35:16.973000,80,16,134,0.516844,3857280,16,Shot,2722,Cameroon,2,From Corner,2722,Cameroon,,74588.0,Christopher Wooh,3.0,Right Center Back,,,,,,,109.1,42.1,40.0,Right Foot,87.0,Open Play,106.3,39.9,,,,101.0,Wayward,,,,,,,0.05692788,8f200c4f-f0fc-4ce4-ba6a-1d2b972489e2,91.0,Half Volley,True,,,,,,,,,,,,,,,,,,,,,,0,,,,,,,,,,,,,,
4de99a82-c7f1-40b0-970f-e0ba4f7e5d23,2918,2,00:38:30.804000,83,30,138,0.384437,3857280,16,Shot,781,Brazil,1,Regular Play,781,Brazil,,25142.0,Bruno Guimarães Rodriguez Moura,9.0,Right Defensive Midfield,,,,,,,115.5,43.7,40.0,Right Foot,87.0,Open Play,114.9,44.0,1.0,,,96.0,Blocked,,,,,,,0.14917652,c678cf15-5477-41e5-986a-11543756bb25,93.0,Normal,True,,,,,,,,,,,,,,,,,,,,,,0,,,,,,,,,,,,,,
bcdd0ce2-1488-4be6-a888-ff5adf538d17,3027,2,00:43:04.474000,88,4,143,1.098038,3857280,16,Shot,781,Brazil,4,From Throw In,781,Brazil,,25305.0,Pedro Guilherme Abreu dos Santos,23.0,Center Forward,,,,,,,120.0,35.2,38.0,Left Foot,87.0,Open Play,104.2,47.1,1.0,,,98.0,Off T,,,,,,,0.18481041,c4f69628-7b3a-4b57-aa91-f5e3583b4475,93.0,Normal,,,,,,5.2,,,,,,,,,,,,,,,,,0,,,,,,,,,,,,,,
2633fa3b-4b17-4b48-a9b4-498388b73b59,3132,2,00:46:48.354000,91,48,152,0.823635,3857280,16,Shot,2722,Cameroon,1,Regular Play,2722,Cameroon,,11174.0,Vincent Paté Aboubakar,22.0,Right Center Forward,,,,,,,120.0,43.6,37.0,Head,87.0,Open Play,106.7,40.7,,,,97.0,Goal,,,,,,,0.05544736,f2a388b2-6d46-42d3-91df-0438b75ea9ce,93.0,Normal,,,,,,0.5,,,,,,,,,,,,,,,,,1,,,,,,,,,,,,,,
0e25dcd5-8d39-44d3-a70b-720d9f257fe3,3198,2,00:50:20.359000,95,20,156,1.261854,3857280,16,Shot,781,Brazil,4,From Throw In,781,Brazil,,25305.0,Pedro Guilherme Abreu dos Santos,23.0,Center Forward,,,,,,,120.0,48.7,37.0,Head,87.0,Open Play,108.8,37.5,,,,98.0,Off T,,,,,,,0.07645427,dee8fba0-533b-4121-89ae-a3b89c2628cd,93.0,Normal,,,,,,1.3,,,,,,,,,,,,,,,,,0,,,,,,,,,,,,,,
03407139-17ee-4388-8f34-b96cb31838a8,3220,2,00:51:16.052000,96,16,158,0.996395,3857280,16,Shot,781,Brazil,1,Regular Play,781,Brazil,,25142.0,Bruno Guimarães Rodriguez Moura,9.0,Right Defensive Midfield,,,,,,,119.3,36.7,37.0,Head,87.0,Open Play,112.9,39.8,,,,100.0,Saved,,,,,,,0.17098139,d9f815ad-b517-4a36-a32b-4bafcd0df846,93.0,Normal,,,,,,2.2,,,,,,,,,,,,,,,,,0,,,,,,,,,,,,,,
19f55e27-8f8a-428f-adb5-202c0c30f531,3249,2,00:52:10.646000,97,10,160,1.757232,3857280,16,Shot,781,Brazil,1,Regular Play,781,Brazil,,29976.0,Gabriel Teodoro Martinelli Silva,21.0,Left Wing,,,,,,,120.0,39.4,37.0,Head,87.0,Open Play,115.1,36.0,,,,98.0,Off T,,,,,,,0.1945778,ef3ea19f-dbf1-4aa1-9e80-14c75d5870b5,93.0,Normal,,,,,,4.2,,,,,,,,,,,,,,,,,0,,,,,,,,,,,,,,
ff1bb3cd-53a0-492e-ae33-0d995c90dc74,3285,2,00:53:29.001000,98,29,162,0.918373,3857280,16,Shot,781,Brazil,4,From Throw In,781,Brazil,,25142.0,Bruno Guimarães Rodriguez Moura,9.0,Right Defensive Midfield,,,,,,,120.0,38.4,40.0,Right Foot,87.0,Open Play,114.1,35.3,,,,98.0,Off T,,,,,,,0.22043578,6c1f7c2c-b991-4fcb-b60d-8c68ccb83220,91.0,Half Volley,True,,,,,4.5,,,,,,,,,,,,,,,,,0,,,,,,,,,,,,,,
19e5de1d-f23b-48a2-b3d3-b2e5145d86ac,70,1,00:01:32.843000,1,32,3,0.500583,3857279,16,Shot,771,France,2,From Corner,771,France,,5477.0,Ousmane Dembélé,17.0,Right Wing,,,,,,,108.1,42.8,38.0,Left Foot,87.0,Open Play,95.0,47.8,,,,96.0,Blocked,,,,,,,0.018982504,,95.0,Volley,True,,,,,,,,,,,,,,,,,,,,,,0,,,,,,,,,,,,,,
65a31c80-f38e-4342-82ef-48d175d6b057,114,1,00:02:25.400000,2,25,5,1.80039,3857279,16,Shot,792,Australia,4,From Throw In,792,Australia,,33477.0,Riley McGree,15.0,Left Center Midfield,,,,,,,120.0,24.4,40.0,Right Foot,87.0,Open Play,89.5,39.1,,,,98.0,Off T,,,,,,,0.030384658,,93.0,Normal,,,,,,0.2,,,,,,,,,,,,,,,,,0,,,,,,,,,,,,,,
b97a3211-2394-47a1-a8e7-6c27e85778b4,393,1,00:08:24.985000,8,24,15,0.58669,3857279,16,Shot,792,Australia,4,From Throw In,792,Australia,,8346.0,Craig Goodwin,16.0,Left Midfield,,,,,,,120.0,41.3,38.0,Left Foot,87.0,Open Play,114.2,31.3,,,,97.0,Goal,,,,,,,0.19147108,bea5f908-283b-42be-9e9a-82fb0e6a516e,91.0,Half Volley,True,,,,,2.4,,,,,,,,,,,,,,,,,1,,,,,,,,,,,,,,
b6f462e0-9d81-44ff-aed5-ae9d4fa93799,433,1,00:12:26.873000,12,26,17,0.955886,3857279,16,Shot,771,France,2,From Corner,771,France,,6704.0,Theo Bernard François Hernández,6.0,Left Back,,,,,,,105.3,40.4,38.0,Left Foot,87.0,Open Play,92.7,34.0,,,,101.0,Wayward,,,,,,,0.017692888,,95.0,Volley,True,,,,,,,,,,,,,,,,,,,,,,0,,,,,,,,,,,,,,
5e9727d4-d5a4-4352-bab9-39a7e81e6d28,812,1,00:21:05.119000,21,5,32,1.050927,3857279,16,Shot,771,France,4,From Throw In,792,Australia,,33492.0,Mitchell Thomas Duke,23.0,Center Forward,,,,,,,120.0,44.6,40.0,Right Foot,87.0,Open Play,91.1,46.9,,,,98.0,Off T,,,,,,,0.017896876,,93.0,Normal,,,,,,2.9,,,,,,,,,,,,,,,,,0,,,,,,,,,,,,,,
2761f5d8-8b96-4f81-a56b-19c32dfd38aa,998,1,00:25:33.277000,25,33,39,0.091224,3857279,16,Shot,771,France,4,From Throw In,771,France,,5487.0,Antoine Griezmann,19.0,Center Attacking Midfield,,,,,,,112.7,51.9,40.0,Right Foot,87.0,Open Play,112.1,52.7,,,,96.0,Blocked,,,,,,,0.034694295,30e67024-d2fe-4410-94e6-67a192a77a88,91.0,Half Volley,,,,,,,,,,,,,,,,,,,,,,,0,,,,,,,,,,,,,,
bbb77650-9a8f-4ee9-9916-5552003bac24,1008,1,00:26:02.241000,26,2,40,1.007723,3857279,16,Shot,771,France,2,From Corner,771,France,,3026.0,Adrien Rabiot,11.0,Left Defensive Midfield,,,,,,,120.0,39.9,37.0,Head,87.0,Open Play,111.6,42.0,,,,97.0,Goal,,,,,,,0.16905431,502cfd08-8623-4da2-b831-65cf9f2ac7f3,93.0,Normal,,,,,,1.2,,,,,,,,,,,,,,,,,1,,,,,,,,,,,,,,
671ff241-1a2e-4224-9633-b5fe7309052c,1069,1,00:28:59.148000,28,59,44,0.706883,3857279,16,Shot,771,France,2,From Corner,771,France,,3604.0,Olivier Giroud,23.0,Center Forward,,,,,,,120.0,43.7,37.0,Head,87.0,Open Play,112.3,39.8,1.0,,,98.0,Off T,True,,,,,,0.17925091,8593449e-1740-44b6-8a73-6ac234c4dfe4,93.0,Normal,,,,,,4.0,,,,,,,,,True,,,,,,,,0,,,,,,,,,,,,,,
4b8db9ec-fbb1-485b-b348-d8bb3aecbf07,1164,1,00:31:18.386000,31,18,48,0.815348,3857279,16,Shot,771,France,1,Regular Play,771,France,,3604.0,Olivier Giroud,23.0,Center Forward,,,,,,,120.0,39.4,40.0,Right Foot,87.0,Open Play,110.5,39.2,,,,97.0,Goal,,,,,,,0.77927965,66b3c567-301c-4cfc-a761-93285493b36d,93.0,Normal,True,,,,,0.5,,,,,,,,,,,,,,,,,1,,,,,,,,,,,,,,
c87948a3-d9cd-4b23-b89d-8c0acf5ca713,1363,1,00:36:03.972000,36,3,51,0.081254,3857279,16,Shot,771,France,7,From Goal Kick,771,France,,3009.0,Kylian Mbappé Lottin,21.0,Left Wing,,,,,,,106.8,47.0,40.0,Right Foot,87.0,Open Play,105.0,47.2,,,,96.0,Blocked,,,,,,,0.08709453,23b0c273-3388-47cb-976d-e45b75a619ee,91.0,Half Volley,True,,,,,,,,,,,,,,,,,,,,,,0,,,,,,,,,,,,,,
6de83c25-ee0f-4ad3-951d-48b876a1584c,1367,1,00:36:05.039000,36,5,51,0.113734,3857279,16,Shot,771,France,7,From Goal Kick,771,France,,3604.0,Olivier Giroud,23.0,Center Forward,,,,,,,120.0,41.6,40.0,Right Foot,87.0,Open Play,104.5,38.9,,,,98.0,Off T,,,,,,,0.14067347,,91.0,Half Volley,True,,,,,4.7,,,,,,,,,,,,,,,,,0,,,,,,,,,,,,,,
76fd24e6-a4f1-4a23-8fe8-6c154da2aafd,1504,1,00:39:28.759000,39,28,55,0.039804,3857279,16,Shot,771,France,4,From Throw In,771,France,,5477.0,Ousmane Dembélé,17.0,Right Wing,,,,,,,120.0,49.2,40.0,Right Foot,87.0,Open Play,106.5,38.2,,,,98.0,Off T,,,,,,,0.08098688,70a1d4fc-6493-4dfc-9887-bfd0969e36d9,91.0,Half Volley,True,,,,,4.5,,,,,,,,,,,,,,,,,0,,,,,,,,,,,,,,
a164892f-785b-4f0e-a921-80242cc612fd,1628,1,00:41:54.469000,41,54,57,0.124858,3857279,16,Shot,771,France,1,Regular Play,771,France,,5487.0,Antoine Griezmann,19.0,Center Attacking Midfield,,,,,,,120.0,45.3,38.0,Left Foot,87.0,Open Play,99.5,47.5,,,,98.0,Off T,,,,,,,0.04884043,053a42cf-ac61-4363-a913-3997d6096645,93.0,Normal,True,,,,,0.2,,,,,,,,,,,,,,,,,0,,,,,,,,,,,,,,
afced147-4cd3-47fc-aef0-dea4baae4623,1758,1,00:44:38.272000,44,38,61,0.18499,3857279,16,Shot,771,France,1,Regular Play,771,France,,3009.0,Kylian Mbappé Lottin,21.0,Left Wing,,,,,,,120.0,42.0,40.0,Right Foot,87.0,Open Play,112.9,40.2,,,,98.0,Off T,,,,,,,0.5517509,b7e7bd5f-8826-4744-8d78-45a0170e95bc,95.0,Volley,True,,,,,3.8,,,,,,,,,,,,,,,,,0,,,,,,,,,,,,,,
22e929cb-4cf5-4f43-9765-65e5cfc95e04,1801,1,00:46:01.700000,46,1,63,1.179568,3857279,16,Shot,792,Australia,4,From Throw In,792,Australia,,5490.0,Jackson Irvine,13.0,Right Center Midfield,,,,,,,120.0,36.1,37.0,Head,87.0,Open Play,110.1,43.4,,,,99.0,Post,,1.0,,,,,0.083539926,eb754416-687f-4166-9fc9-536f290af98e,93.0,Normal,,,,,,1.3,,,,,,,,,,,,,,,,,0,,,,,,,,,,,,,,
d2dc3f87-917b-423e-93ae-202c56c7ed96,2156,2,00:04:11.895000,49,11,78,0.482603,3857279,16,Shot,771,France,3,From Free Kick,771,France,,10481.0,Aurélien Djani Tchouaméni,9.0,Right Defensive Midfield,,,,,,,109.8,40.4,40.0,Right Foot,87.0,Open Play,96.3,40.8,,,,96.0,Blocked,,,,,,,0.035826564,,93.0,Normal,True,,,,,,,,,,,,,,,,,,,,,,0,,,,,,,,,,,,,,
9db7fdb8-4376-4e40-8b9f-44d13dd02103,2174,2,00:04:28.419000,49,28,78,0.267184,3857279,16,Shot,771,France,3,From Free Kick,771,France,,3604.0,Olivier Giroud,23.0,Center Forward,,,,,,,120.0,32.6,38.0,Left Foot,87.0,Open Play,111.6,44.2,,,,98.0,Off T,,,,,,,0.07860331,1d0ae90e-04cc-4afc-9d50-f899ae414149,94.0,Overhead Kick,True,,,,,2.2,,,,,,,,,,,,,,,,,0,,,,,,,,,,,,,,
f951c284-4260-4f72-a737-c5cd541fcefa,2626,2,00:15:12.165000,60,12,92,0.068383,3857279,16,Shot,771,France,4,From Throw In,771,France,,3009.0,Kylian Mbappé Lottin,21.0,Left Wing,,,,,,,108.2,31.7,40.0,Right Foot,87.0,Open Play,107.5,31.1,,,,96.0,Blocked,,,,,,,0.12751806,bfa323a1-696e-4538-b356-da07cfa778f8,93.0,Normal,True,,,,,,,,,,,,,,,,,,,,,,0,,,,,,,,,,,,,,
711ae41d-8fee-4b6d-9362-4006c7d12b5a,2672,2,00:17:00.170000,62,0,93,0.128023,3857279,16,Shot,771,France,2,From Corner,771,France,,3009.0,Kylian Mbappé Lottin,21.0,Left Wing,,,,,,,110.1,30.8,38.0,Left Foot,87.0,Open Play,109.2,30.1,,,,96.0,Blocked,,,,,,,0.07606661,1540240b-9244-4a4c-9d95-a9b44d8cfc88,93.0,Normal,,,,,,,,,,,,,,,,,,,,,,,0,,,,,,,,,,,,,,
d5ee1b44-3262-48cb-9bf8-7937d005a3a9,2683,2,00:17:31.687000,62,31,94,0.404166,3857279,16,Shot,771,France,2,From Corner,771,France,,11135.0,Ibrahima Konaté,3.0,Right Center Back,,,,,,,120.0,50.3,37.0,Head,87.0,Open Play,113.0,40.0,1.0,,,98.0,Off T,True,,,,,,0.096129,ab20d03b-07ad-46fc-9897-c62475dc0f5f,93.0,Normal,,,,,,1.7,,,,,,,,,,,,,,,,,0,,,,,,,,,,,,,,
2f831180-2b97-4643-b625-0f0d13fa60f6,2726,2,00:18:51.804000,63,51,99,0.089177,3857279,16,Shot,771,France,3,From Free Kick,771,France,,3009.0,Kylian Mbappé Lottin,21.0,Left Wing,,,,,,,109.0,26.6,40.0,Right Foot,87.0,Open Play,108.0,25.2,,,,96.0,Blocked,,,,,,,0.027555656,7258c3c0-73aa-4226-b9ef-0001c98e2eae,93.0,Normal,,,,,,,,,,,,,,,,,,,,,,,0,,,,,,,,,,,,,,
48579de1-7abd-4835-9042-744ab48ca01e,2841,2,00:21:30.773000,66,30,101,0.657302,3857279,16,Shot,771,France,1,Regular Play,771,France,,5487.0,Antoine Griezmann,19.0,Center Attacking Midfield,,,,,,,119.8,42.8,38.0,Left Foot,87.0,Open Play,105.3,36.2,,,,96.0,Blocked,,,,,,,0.17584424,538599fb-003c-42bf-b3c2-4e18332a9611,93.0,Normal,True,,,,,,,,,,,,,,,,,,,,,,0,,,,,,,,,,,,,,
6c8348cd-2bb3-4d31-8607-972d6148d0e5,2868,2,00:21:54.131000,66,54,101,0.582095,3857279,16,Shot,771,France,1,Regular Play,771,France,,3009.0,Kylian Mbappé Lottin,21.0,Left Wing,,,,,,,117.7,49.6,38.0,Left Foot,87.0,Open Play,115.7,24.7,,,,101.0,Wayward,,,,,,,0.013371275,0550c71b-9a37-4193-b716-599f1a5a68bb,93.0,Normal,True,,,,,,,,,,,,,,,,,,,,,,0,,,,,,,,,,,,,,
ce3204fc-51c4-437e-81e3-ae644e0302b1,2875,2,00:22:03.384000,67,3,101,0.832167,3857279,16,Shot,771,France,1,Regular Play,771,France,,3009.0,Kylian Mbappé Lottin,21.0,Left Wing,,,,,,,120.0,37.8,37.0,Head,87.0,Open Play,113.5,42.2,1.0,,,97.0,Goal,True,,,,,,0.14142905,f16f29ea-2ae4-48ad-928b-ee8f38d4741c,93.0,Normal,,,,,,1.4,,,,,,,,,,,,,,,,,1,,,,,,,,,,,,,,
c9d3d537-8f05-4767-bf73-9a1f1a8a37cf,2971,2,00:25:50.608000,70,50,106,0.716389,3857279,16,Shot,771,France,3,From Free Kick,771,France,,3604.0,Olivier Giroud,23.0,Center Forward,,,,,,,120.0,42.6,37.0,Head,87.0,Open Play,113.5,42.6,,,,97.0,Goal,,,,,,,0.16888039,19537f63-e829-4d2a-8c30-ef2ffd12adbc,93.0,Normal,,,,,,0.5,,,,,,,,,,,,,,,,,1,,,,,,,,,,,,,,
c47df350-ed33-48d3-8c0f-8ec0d6a2945c,3617,2,00:44:02.555000,89,2,127,0.580135,3857279,16,Shot,771,France,2,From Corner,771,France,,11135.0,Ibrahima Konaté,3.0,Right Center Back,,,,,,,119.6,41.4,37.0,Head,87.0,Open Play,112.1,41.4,,,,100.0,Saved,,,,,,,0.07988335,c0ddc280-db71-49f4-a8d2-987f200d3484,93.0,Normal,,,,,,1.7,,,,,,,,,,,,,,,,,0,,,,,,,,,,,,,,
8203b821-9b31-43b1-9de7-0795dfa6c46a,3684,2,00:45:25.862000,90,25,129,0.331276,3857279,16,Shot,771,France,4,From Throw In,771,France,,6704.0,Theo Bernard François Hernández,6.0,Left Back,,,,,,,118.5,37.6,37.0,Head,87.0,Open Play,112.8,32.1,1.0,,,100.0,Saved,True,,,,,,0.041087516,1e33a777-9093-42be-a8d3-56deb5a81785,93.0,Normal,,,,,,1.1,,,,,,,,,,,,,,,,,0,,,,,,,,,,,,,,
18f01ec7-ab9e-40d4-9629-a6507d1843e5,247,1,00:04:53.250000,4,53,7,0.575243,3857262,16,Shot,780,Portugal,7,From Goal Kick,780,Portugal,,10868.0,Ricardo Jorge Luz Horta,17.0,Right Wing,,,,,,,120.0,40.6,40.0,Right Foot,87.0,Open Play,113.6,47.0,,,,97.0,Goal,,,,,,,0.29158956,f6701bff-7f66-4576-abc4-45c569e0f00a,93.0,Normal,True,,,,,1.7,,,,,,,,,,,,,,,,,1,,,,,,,,,,,,,,
c6dfbf3c-fee3-4529-bf1c-88c912c73ca2,609,1,00:14:04.984000,14,4,19,0.48963,3857262,16,Shot,780,Portugal,4,From Throw In,780,Portugal,,7005.0,João Pedro Cavaco Cancelo,6.0,Left Back,,,,,,,119.4,36.0,40.0,Right Foot,87.0,Open Play,117.5,20.6,,,,100.0,Saved,,,,,,,0.010523141,cb1ef0fc-4050-4d9d-8813-ed610bdf2f5b,93.0,Normal,,,,,,0.4,,,,,,,,,,,,,,,,,0,,,,,,,,,,,,,,
66fae858-87ec-47a1-b945-f4b5f914a55f,640,1,00:15:21.866000,15,21,20,0.025891,3857262,16,Shot,791,South Korea,3,From Free Kick,791,South Korea,,3083.0,Heung-Min Son,21.0,Left Wing,,,,,,,109.4,23.2,40.0,Right Foot,87.0,Open Play,108.5,21.6,,,,96.0,Blocked,,,,,,,0.011031977,82484b34-b609-4aa5-924c-8adc64252500,93.0,Normal,,,,,,,,,,,,,,,,,,,,,,,0,,,,,,,,,,,,,,
959fabc4-2b98-4a57-a9c1-1999400662dd,666,1,00:16:09.027000,16,9,21,0.638802,3857262,16,Shot,791,South Korea,2,From Corner,791,South Korea,,40542.0,Gue-Sung Cho,23.0,Center Forward,,,,,,,118.7,38.6,37.0,Head,87.0,Open Play,111.1,32.0,,,,100.0,Saved,,,,,,,0.040536147,e09d7a82-cda9-4737-b6fc-59ddcad1bc16,93.0,Normal,,,,,,0.9,,,,,,,,,,,,,,,,,0,,,,,,,,,,,,,,
e696a77e-52b1-4f33-a5f3-476bbfcf4b57,1020,1,00:26:43.631000,26,43,36,0.421004,3857262,16,Shot,791,South Korea,2,From Corner,791,South Korea,,5604.0,Young-Gwon Kim,5.0,Left Center Back,,,,,,,120.0,42.0,38.0,Left Foot,87.0,Open Play,116.7,38.0,,,,97.0,Goal,,,,,,,0.6242964,,91.0,Half Volley,True,,,,,0.6,,,,,,,,,,,,,,,,,1,,,,,,,,,,,,,,
a7111ecc-4b6f-4e37-a38a-9974da4ce82c,1103,1,00:30:18.312000,30,18,40,0.046351,3857262,16,Shot,791,South Korea,3,From Free Kick,791,South Korea,,23763.0,In-Beom Hwang,13.0,Right Center Midfield,,,,,,,99.7,31.9,38.0,Left Foot,87.0,Open Play,98.2,31.4,,,,96.0,Blocked,,,,,,,0.020656463,,93.0,Normal,True,,,,,,,,,,,,,,,,,,,,,,0,,,,,,,,,,,,,,
803986f1-d638-4db9-9f0b-53d248a35855,1282,1,00:33:57.436000,33,57,45,0.817957,3857262,16,Shot,780,Portugal,1,Regular Play,780,Portugal,,16028.0,José Diogo Dalot Teixeira,2.0,Right Back,,,,,,,115.7,38.0,38.0,Left Foot,87.0,Open Play,92.8,40.0,,,,100.0,Saved,,,,,,,0.036435805,1ecae0c5-8c51-4ef6-906b-0a8f22cff87d,93.0,Normal,,,,,,0.2,,,,,,,,,,,,,,,,,0,,,,,,,,,,,,,,
9751faee-145f-490c-8ab7-beb789c269b9,1287,1,00:34:33.881000,34,33,46,1.355857,3857262,16,Shot,780,Portugal,2,From Corner,780,Portugal,,34639.0,Vitor Machado Ferreira,15.0,Left Center Midfield,,,,,,,118.7,41.6,40.0,Right Foot,87.0,Open Play,91.6,45.7,,,,100.0,Saved,,,,,,,0.017112639,,91.0,Half Volley,True,,,,,0.9,,,,,,,,,,,,,,,,,0,,,,,,,,,,,,,,
1ef77461-adfd-4234-9c01-ca847ee4c0ec,1361,1,00:36:40.714000,36,40,50,0.166577,3857262,16,Shot,780,Portugal,3,From Free Kick,780,Portugal,,5207.0,Cristiano Ronaldo dos Santos Aveiro,23.0,Center Forward,,,,,,,112.4,52.9,40.0,Right Foot,87.0,Open Play,110.6,56.3,,,,96.0,Blocked,,,,,,,0.022429451,4d4deb5f-e7da-4b8b-ac92-e61dafae1945,93.0,Normal,True,,,,,,,,,,,,,,,,,,,,,,0,,,,,,,,,,,,,,
a121c896-21e3-4dff-97f9-95d7eaa71e53,1485,1,00:39:55.477000,39,55,57,0.786119,3857262,16,Shot,780,Portugal,4,From Throw In,791,South Korea,,3083.0,Heung-Min Son,21.0,Left Wing,,,,,,,118.7,39.4,38.0,Left Foot,87.0,Open Play,94.6,44.2,,,,100.0,Saved,,,,,,,0.024709688,,91.0,Half Volley,,,,,,0.5,,,,,,,,,,,,,,,,,0,,,,,,,,,,,,,,
e64e7b91-e80f-4a74-a5a8-f43d4623bf01,1523,1,00:40:32.267000,40,32,58,1.181539,3857262,16,Shot,780,Portugal,8,From Keeper,780,Portugal,,40874.0,Matheus Luiz Nunes,13.0,Right Center Midfield,,,,,,,120.0,39.8,40.0,Right Foot,87.0,Open Play,92.6,58.9,,,,98.0,Off T,,,,,,,0.007849269,a0d6a970-8ca0-47f1-835b-fb48b66aa31b,93.0,Normal,,,,,,7.0,,,,,,,,,,,,,,,,,0,,,,,,,,,,,,,,
99afe7c0-0758-48dd-abec-27ff13f6fa09,1563,1,00:41:37.735000,41,37,60,0.776897,3857262,16,Shot,780,Portugal,4,From Throw In,780,Portugal,,34639.0,Vitor Machado Ferreira,15.0,Left Center Midfield,,,,,,,118.7,40.1,40.0,Right Foot,87.0,Open Play,97.8,46.9,,,,100.0,Saved,,,,,,,0.03675865,,93.0,Normal,,,,,,1.1,,,,,,,,,,,,,,,,,0,,,,,,,,,,,,,,
7b4ba0ff-cda2-4f7f-aa46-f96df462c5a7,1566,1,00:41:39.191000,41,39,60,0.634588,3857262,16,Shot,780,Portugal,4,From Throw In,780,Portugal,,5207.0,Cristiano Ronaldo dos Santos Aveiro,23.0,Center Forward,,,,,,,120.0,30.2,37.0,Head,87.0,Open Play,112.7,35.0,,,,98.0,Off T,,,,,,,0.28873095,,90.0,Diving Header,,,,,,2.4,,,,,,,,,True,,,,,,,,0,,,,,,,,,,,,,,
9b6dd32d-4993-4f70-8aa8-8c57f1c0742b,1648,1,00:43:40.043000,43,40,62,0.798343,3857262,16,Shot,780,Portugal,1,Regular Play,780,Portugal,,10868.0,Ricardo Jorge Luz Horta,17.0,Right Wing,,,,,,,119.0,42.3,38.0,Left Foot,87.0,Open Play,104.3,43.4,,,,100.0,Saved,,,,,,,0.11468789,d1d49d24-810f-4e0f-a92f-bc926ddacfc8,93.0,Normal,,,,,,0.8,,,,,,,,,,,,,,,,,0,,,,,,,,,,,,,,
835c9bb6-2765-4917-9c82-42ba306613b1,1690,1,00:46:15.402000,46,15,67,0.102323,3857262,16,Shot,780,Portugal,7,From Goal Kick,780,Portugal,,10868.0,Ricardo Jorge Luz Horta,17.0,Right Wing,,,,,,,104.3,44.5,40.0,Right Foot,87.0,Open Play,101.8,45.2,,,,96.0,Blocked,,,,,,,0.052517958,,93.0,Normal,,,,,,,,,,,,,,,,,,,,,,,0,,,,,,,,,,,,,,
13d00263-c09d-4690-a00f-3abc46a2caff,2135,2,00:10:33.742000,55,33,85,0.069124,3857262,16,Shot,791,South Korea,1,Regular Play,791,South Korea,,3083.0,Heung-Min Son,17.0,Right Wing,,,,,,,105.5,53.6,40.0,Right Foot,87.0,Open Play,104.5,54.7,,,,96.0,Blocked,,,,,,,0.023785131,c424a395-49ea-4e9a-abcd-f008143008eb,93.0,Normal,True,,,,,,,,,,,,,,,,,,,,,,0,,,,,,,,,,,,,,
8522f823-2221-49d3-943e-76c43bd466d5,2141,2,00:11:13.031000,56,13,86,0.650188,3857262,16,Shot,791,South Korea,2,From Corner,791,South Korea,,5623.0,Jae-Sung Lee,21.0,Left Wing,,,,,,,120.0,51.4,38.0,Left Foot,87.0,Open Play,97.9,50.9,,,,98.0,Off T,,,,,,,0.021393217,,95.0,Volley,True,,,,,0.9,,,,,,,,,,,,,,,,,0,,,,,,,,,,,,,,
ae0ccb3a-9cd2-4a1f-a8df-04956bbeefc2,2454,2,00:20:35.101000,65,35,96,0.063764,3857262,16,Shot,791,South Korea,7,From Goal Kick,791,South Korea,,3083.0,Heung-Min Son,17.0,Right Wing,,,,,,,118.8,42.4,38.0,Left Foot,87.0,Open Play,98.1,47.1,,,,100.0,Saved,,,,,,,0.039930075,defd4ce5-8278-4e50-b7a0-7eae4537b745,93.0,Normal,,,,,,1.5,,,,,,,,,,,,,,,,,0,True,,,,,,,,,,,,,
4c77dbd8-b88d-4091-b74e-a2ee33802cf9,2507,2,00:21:30.259000,66,30,99,0.563972,3857262,16,Shot,791,South Korea,1,Regular Play,791,South Korea,,23763.0,In-Beom Hwang,13.0,Right Center Midfield,,,,,,,116.6,39.6,38.0,Left Foot,87.0,Open Play,98.4,35.1,,,,100.0,Saved,,,,,,,0.100738145,e2318c74-36eb-4b49-8afe-6e257f371880,93.0,Normal,,,,,,2.0,,,,,,,,,,,,,,,,,0,,,,,,,,,,,,,,
cb2ec7b6-f389-4d4e-afd4-cb5ecd549b25,2602,2,00:24:50.113000,69,50,104,0.14978,3857262,16,Shot,791,South Korea,3,From Free Kick,791,South Korea,,3083.0,Heung-Min Son,17.0,Right Wing,,,,,,,113.5,49.9,40.0,Right Foot,87.0,Open Play,111.1,52.8,,,,96.0,Blocked,,,,,,,0.04621987,79c167fe-ec10-49b2-aed3-417cecab7e04,95.0,Volley,True,,,,,,,,,,,,,,,,,,,,,,0,,,,,,,,,,,,,,
19f23228-398a-4bcf-969f-7b919096e37b,2621,2,00:26:22.275000,71,22,106,1.687817,3857262,16,Shot,780,Portugal,6,From Counter,780,Portugal,,18360.0,Rafael Alexandre Conceição Leão,21.0,Left Wing,,,,,,,120.0,30.5,40.0,Right Foot,87.0,Open Play,94.1,55.0,,,,98.0,Off T,,,,,,,0.029762346,ef842800-f748-47d3-ad45-dd4c1a6bec3f,93.0,Normal,,,,,,0.2,,,,,,,,,,,,,,,,,0,,,,,,,,,,,,,,
95738212-ae01-4d5e-a8b8-9cf4a643e477,2635,2,00:28:25.654000,73,25,108,0.884899,3857262,16,Shot,791,South Korea,3,From Free Kick,791,South Korea,,22740.0,Kang-In Lee,15.0,Left Center Midfield,,,,,,,120.0,44.7,38.0,Left Foot,62.0,Free Kick,88.0,49.4,,,,98.0,Off T,,,,,,,0.023724081,,93.0,Normal,,,,,,4.2,,,,,,,,,,,,,,,,,0,,,,,,,,,,,,,,
c5b9e95f-da7a-4d83-a43a-82e211f8cb5a,2838,2,00:35:14.238000,80,14,123,0.523569,3857262,16,Shot,780,Portugal,4,From Throw In,780,Portugal,,12169.0,João Maria Lobo Alves Palhinha Gonçalves,10.0,Center Defensive Midfield,,,,,,,104.4,38.8,40.0,Right Foot,87.0,Open Play,88.8,40.2,,,,96.0,Blocked,,,,,,,0.021024177,,93.0,Normal,,,,,,,,,,,,,,,,,,,,,,,0,,,,,,,,,,,,,,
5d1201c7-4609-40e0-a484-1c939e9b7a9c,3233,2,00:44:41.051000,89,41,146,0.04925,3857262,16,Shot,780,Portugal,4,From Throw In,780,Portugal,,7005.0,João Pedro Cavaco Cancelo,6.0,Left Back,,,,,,,112.8,26.4,38.0,Left Foot,87.0,Open Play,112.1,25.0,,,,96.0,Blocked,,,,,,,0.04430043,68af9682-fc65-40eb-804c-9a74655c4c38,93.0,Normal,,,,,,,,,,,,,,,,,,,,,,,0,,,,,,,,,,,,,,
9ec02244-15d4-4d47-9f4a-efabc72118a2,3244,2,00:45:28.560000,90,28,148,0.645685,3857262,16,Shot,791,South Korea,6,From Counter,791,South Korea,,5620.0,Hee-Chan Hwang,16.0,Left Midfield,,,,,,,120.0,38.6,40.0,Right Foot,87.0,Open Play,108.3,44.6,,,,97.0,Goal,,,,,,,0.42196128,15cf4c63-232a-4f1c-be03-b61d3c409b7f,93.0,Normal,True,,,,,0.3,,,,,,,,,,,,,,,,,1,,,,,,,,,,,,,,
